[2025-02-04T12:10:19.071445+00:00] main.ERROR: NOTE: Manual static content deployment is not required in "default" and "developer" modes.
In "default" and "developer" modes static contents are being deployed automatically on demand.
If you still want to deploy in these modes, use -f option: 'bin/magento setup:static-content:deploy -f'
#0 /var/www/html/setup/src/Magento/Setup/Console/Command/DeployStaticContentCommand.php(112): Magento\Setup\Console\Command\DeployStaticContentCommand->checkAppMode(Object(Symfony\Component\Console\Input\ArgvInput))
#1 /var/www/html/vendor/symfony/console/Command/Command.php(298): Magento\Setup\Console\Command\DeployStaticContentCommand->execute(Object(Symfony\Component\Console\Input\ArgvInput), Object(Symfony\Component\Console\Output\ConsoleOutput))
#2 /var/www/html/vendor/symfony/console/Application.php(1040): Symfony\Component\Console\Command\Command->run(Object(Symfony\Component\Console\Input\ArgvInput), Object(Symfony\Component\Console\Output\ConsoleOutput))
#3 /var/www/html/vendor/symfony/console/Application.php(301): Symfony\Component\Console\Application->doRunCommand(Object(Magento\Setup\Console\Command\DeployStaticContentCommand), Object(Symfony\Component\Console\Input\ArgvInput), Object(Symfony\Component\Console\Output\ConsoleOutput))
#4 /var/www/html/vendor/magento/framework/Console/Cli.php(116): Symfony\Component\Console\Application->doRun(Object(Symfony\Component\Console\Input\ArgvInput), Object(Symfony\Component\Console\Output\ConsoleOutput))
#5 /var/www/html/vendor/symfony/console/Application.php(171): Magento\Framework\Console\Cli->doRun(Object(Symfony\Component\Console\Input\ArgvInput), Object(Symfony\Component\Console\Output\ConsoleOutput))
#6 /var/www/html/bin/magento(23): Symfony\Component\Console\Application->run()
#7 {main} [] []
[2025-02-04T12:11:31.914704+00:00] main.ERROR: Unable to resolve the source file for 'frontend/Magento/luma/en_US/moment.min.js.map' [] []
[2025-02-04T12:11:31.915101+00:00] main.CRITICAL: Unable to resolve the source file for 'frontend/Magento/luma/en_US/moment.min.js.map' [] []
[2025-02-04T12:11:41.217731+00:00] main.ERROR: Unable to resolve the source file for 'frontend/Magento/luma/en_US/moment.min.js.map' [] []
[2025-02-04T12:11:41.218099+00:00] main.CRITICAL: Unable to resolve the source file for 'frontend/Magento/luma/en_US/moment.min.js.map' [] []
[2025-02-04T12:12:06.326258+00:00] main.INFO: Broken reference: the 'header.panel.wrapper' element cannot be added as child to 'header.container', because the latter doesn't exist [] []
[2025-02-04T12:12:06.326644+00:00] main.INFO: Broken reference: the 'header-wrapper' element cannot be added as child to 'header.container', because the latter doesn't exist [] []
[2025-02-04T12:12:06.326686+00:00] main.INFO: Broken reference: the 'navigation.sections' element cannot be added as child to 'page.top', because the latter doesn't exist [] []
[2025-02-04T12:12:06.326724+00:00] main.INFO: Broken reference: the 'top.container' element cannot be added as child to 'page.top', because the latter doesn't exist [] []
[2025-02-04T12:12:06.326750+00:00] main.INFO: Broken reference: the 'breadcrumbs' element cannot be added as child to 'page.top', because the latter doesn't exist [] []
[2025-02-04T12:12:06.326793+00:00] main.INFO: Broken reference: the 'footer' element cannot be added as child to 'footer-container', because the latter doesn't exist [] []
[2025-02-04T12:12:06.326852+00:00] main.INFO: Broken reference: the 'catalog.compare.sidebar' element cannot be added as child to 'sidebar.additional', because the latter doesn't exist [] []
[2025-02-04T12:12:06.326889+00:00] main.INFO: Broken reference: the 'sale.reorder.sidebar' element cannot be added as child to 'sidebar.additional', because the latter doesn't exist [] []
[2025-02-04T12:12:06.326959+00:00] main.INFO: Broken reference: the 'wishlist_sidebar' element cannot be added as child to 'sidebar.additional', because the latter doesn't exist [] []
[2025-02-04T12:12:06.327021+00:00] main.INFO: Broken reference: the 'header.panel.wrapper' tries to reorder itself towards '', but their parents are different: 'header.container' and '' respectively. [] []
[2025-02-04T12:12:06.327058+00:00] main.INFO: Broken reference: the 'navigation.sections' tries to reorder itself towards '', but their parents are different: 'page.top' and '' respectively. [] []
[2025-02-04T12:12:06.717468+00:00] main.INFO: Broken reference: the 'catalog.compare.sidebar' element cannot be added as child to 'sidebar.additional', because the latter doesn't exist [] []
[2025-02-04T12:12:06.717831+00:00] main.INFO: Broken reference: the 'sale.reorder.sidebar' element cannot be added as child to 'sidebar.additional', because the latter doesn't exist [] []
[2025-02-04T12:12:06.717922+00:00] main.INFO: Broken reference: the 'wishlist_sidebar' element cannot be added as child to 'sidebar.additional', because the latter doesn't exist [] []
[2025-02-04T12:12:09.185244+00:00] main.INFO: Broken reference: the 'catalog.compare.sidebar' element cannot be added as child to 'sidebar.additional', because the latter doesn't exist [] []
[2025-02-04T12:12:09.185826+00:00] main.INFO: Broken reference: the 'sale.reorder.sidebar' element cannot be added as child to 'sidebar.additional', because the latter doesn't exist [] []
[2025-02-04T12:12:09.185956+00:00] main.INFO: Broken reference: the 'wishlist_sidebar' element cannot be added as child to 'sidebar.additional', because the latter doesn't exist [] []
[2025-02-04T12:12:55.181371+00:00] main.INFO: Broken reference: the 'header.panel.wrapper' element cannot be added as child to 'header.container', because the latter doesn't exist [] []
[2025-02-04T12:12:55.181797+00:00] main.INFO: Broken reference: the 'header-wrapper' element cannot be added as child to 'header.container', because the latter doesn't exist [] []
[2025-02-04T12:12:55.181838+00:00] main.INFO: Broken reference: the 'navigation.sections' element cannot be added as child to 'page.top', because the latter doesn't exist [] []
[2025-02-04T12:12:55.181873+00:00] main.INFO: Broken reference: the 'top.container' element cannot be added as child to 'page.top', because the latter doesn't exist [] []
[2025-02-04T12:12:55.181899+00:00] main.INFO: Broken reference: the 'breadcrumbs' element cannot be added as child to 'page.top', because the latter doesn't exist [] []
[2025-02-04T12:12:55.181945+00:00] main.INFO: Broken reference: the 'footer' element cannot be added as child to 'footer-container', because the latter doesn't exist [] []
[2025-02-04T12:12:55.182000+00:00] main.INFO: Broken reference: the 'catalog.compare.sidebar' element cannot be added as child to 'sidebar.additional', because the latter doesn't exist [] []
[2025-02-04T12:12:55.182041+00:00] main.INFO: Broken reference: the 'sale.reorder.sidebar' element cannot be added as child to 'sidebar.additional', because the latter doesn't exist [] []
[2025-02-04T12:12:55.182119+00:00] main.INFO: Broken reference: the 'wishlist_sidebar' element cannot be added as child to 'sidebar.additional', because the latter doesn't exist [] []
[2025-02-04T12:12:55.182180+00:00] main.INFO: Broken reference: the 'header.panel.wrapper' tries to reorder itself towards '', but their parents are different: 'header.container' and '' respectively. [] []
[2025-02-04T12:12:55.182214+00:00] main.INFO: Broken reference: the 'navigation.sections' tries to reorder itself towards '', but their parents are different: 'page.top' and '' respectively. [] []
[2025-02-04T12:13:28.677347+00:00] main.INFO: Item Magento_Backend::system_currency was removed [] []
[2025-02-04T12:13:28.680620+00:00] main.INFO: Add of item with id Magento_Config::system_config was processed [] []
[2025-02-04T12:13:28.680694+00:00] main.INFO: Add of item with id Magento_AdminNotification::system_adminnotification was processed [] []
[2025-02-04T12:13:28.680728+00:00] main.INFO: Add of item with id Magento_Theme::design_config was processed [] []
[2025-02-04T12:13:28.680754+00:00] main.INFO: Add of item with id Magento_Theme::system_design_theme was processed [] []
[2025-02-04T12:13:28.680775+00:00] main.INFO: Add of item with id Magento_Backend::system_design_schedule was processed [] []
[2025-02-04T12:13:28.680800+00:00] main.INFO: Add of item with id Magento_Backend::system_store was processed [] []
[2025-02-04T12:13:28.680820+00:00] main.INFO: Add of item with id Magento_Backend::dashboard was processed [] []
[2025-02-04T12:13:28.680839+00:00] main.INFO: Add of item with id Magento_Backend::system was processed [] []
[2025-02-04T12:13:28.680865+00:00] main.INFO: Add of item with id Magento_Backend::system_tools was processed [] []
[2025-02-04T12:13:28.680891+00:00] main.INFO: Add of item with id Magento_Backend::system_design was processed [] []
[2025-02-04T12:13:28.680912+00:00] main.INFO: Add of item with id Magento_Backend::system_convert was processed [] []
[2025-02-04T12:13:28.680937+00:00] main.INFO: Add of item with id Magento_Backend::system_cache was processed [] []
[2025-02-04T12:13:28.680960+00:00] main.INFO: Add of item with id Magento_Backend::marketing was processed [] []
[2025-02-04T12:13:28.680988+00:00] main.INFO: Add of item with id Magento_Backend::marketing_communications was processed [] []
[2025-02-04T12:13:28.681011+00:00] main.INFO: Add of item with id Magento_Backend::marketing_seo was processed [] []
[2025-02-04T12:13:28.681031+00:00] main.INFO: Add of item with id Magento_Backend::marketing_user_content was processed [] []
[2025-02-04T12:13:28.681051+00:00] main.INFO: Add of item with id Magento_Backend::content was processed [] []
[2025-02-04T12:13:28.681070+00:00] main.INFO: Add of item with id Magento_Backend::content_elements was processed [] []
[2025-02-04T12:13:28.681090+00:00] main.INFO: Add of item with id Magento_Backend::stores was processed [] []
[2025-02-04T12:13:28.681115+00:00] main.INFO: Add of item with id Magento_Backend::stores_settings was processed [] []
[2025-02-04T12:13:28.681136+00:00] main.INFO: Add of item with id Magento_Backend::stores_attributes was processed [] []
[2025-02-04T12:13:28.681156+00:00] main.INFO: Add of item with id Magento_Backend::other_settings was processed [] []
[2025-02-04T12:13:28.681175+00:00] main.INFO: Add of item with id Magento_Backend::system_other_settings was processed [] []
[2025-02-04T12:13:28.681194+00:00] main.INFO: Add of item with id Magento_User::system_acl was processed [] []
[2025-02-04T12:13:28.681218+00:00] main.INFO: Add of item with id Magento_User::system_acl_users was processed [] []
[2025-02-04T12:13:28.681238+00:00] main.INFO: Add of item with id Magento_User::system_acl_roles was processed [] []
[2025-02-04T12:13:28.681258+00:00] main.INFO: Add of item with id Magento_User::system_acl_locks was processed [] []
[2025-02-04T12:13:28.681276+00:00] main.INFO: Add of item with id Magento_Customer::customer was processed [] []
[2025-02-04T12:13:28.681300+00:00] main.INFO: Add of item with id Magento_Customer::customer_manage was processed [] []
[2025-02-04T12:13:28.681321+00:00] main.INFO: Add of item with id Magento_Customer::customer_online was processed [] []
[2025-02-04T12:13:28.681343+00:00] main.INFO: Add of item with id Magento_Customer::customer_group was processed [] []
[2025-02-04T12:13:28.681361+00:00] main.INFO: Add of item with id Magento_Backup::system_tools_backup was processed [] []
[2025-02-04T12:13:28.681381+00:00] main.INFO: Add of item with id Magento_Indexer::system_index was processed [] []
[2025-02-04T12:13:28.681400+00:00] main.INFO: Add of item with id Magento_Variable::system_variable was processed [] []
[2025-02-04T12:13:28.681424+00:00] main.INFO: Add of item with id Magento_Cms::cms_page was processed [] []
[2025-02-04T12:13:28.681445+00:00] main.INFO: Add of item with id Magento_Cms::cms_block was processed [] []
[2025-02-04T12:13:28.681464+00:00] main.INFO: Add of item with id Magento_Catalog::catalog was processed [] []
[2025-02-04T12:13:28.681488+00:00] main.INFO: Add of item with id Magento_Catalog::catalog_products was processed [] []
[2025-02-04T12:13:28.681509+00:00] main.INFO: Add of item with id Magento_Catalog::catalog_categories was processed [] []
[2025-02-04T12:13:28.681533+00:00] main.INFO: Add of item with id Magento_Catalog::catalog_attributes_attributes was processed [] []
[2025-02-04T12:13:28.681556+00:00] main.INFO: Add of item with id Magento_Catalog::catalog_attributes_sets was processed [] []
[2025-02-04T12:13:28.681582+00:00] main.INFO: Add of item with id Magento_Catalog::inventory was processed [] []
[2025-02-04T12:13:28.681613+00:00] main.INFO: Add of item with id Magento_Search::search_terms was processed [] []
[2025-02-04T12:13:28.681637+00:00] main.INFO: Add of item with id Magento_Search::search_synonyms was processed [] []
[2025-02-04T12:13:28.681657+00:00] main.INFO: Add of item with id Magento_CatalogRule::promo was processed [] []
[2025-02-04T12:13:28.681681+00:00] main.INFO: Add of item with id Magento_CatalogRule::promo_catalog was processed [] []
[2025-02-04T12:13:28.681702+00:00] main.INFO: Add of item with id Magento_Sales::sales was processed [] []
[2025-02-04T12:13:28.681726+00:00] main.INFO: Add of item with id Magento_Sales::sales_operation was processed [] []
[2025-02-04T12:13:28.681750+00:00] main.INFO: Add of item with id Magento_Sales::sales_order was processed [] []
[2025-02-04T12:13:28.681770+00:00] main.INFO: Add of item with id Magento_Sales::sales_invoice was processed [] []
[2025-02-04T12:13:28.681789+00:00] main.INFO: Add of item with id Magento_Sales::sales_shipment was processed [] []
[2025-02-04T12:13:28.681807+00:00] main.INFO: Add of item with id Magento_Sales::sales_creditmemo was processed [] []
[2025-02-04T12:13:28.681826+00:00] main.INFO: Add of item with id Magento_Sales::sales_transactions was processed [] []
[2025-02-04T12:13:28.681844+00:00] main.INFO: Add of item with id Magento_Sales::system_order_statuses was processed [] []
[2025-02-04T12:13:28.681863+00:00] main.INFO: Add of item with id Magento_MediaGalleryUi::media was processed [] []
[2025-02-04T12:13:28.681886+00:00] main.INFO: Add of item with id Magento_MediaGalleryUi::media_gallery was processed [] []
[2025-02-04T12:13:28.681910+00:00] main.INFO: Add of item with id Magento_Downloadable::report_products_downloads was processed [] []
[2025-02-04T12:13:28.681930+00:00] main.INFO: Add of item with id Magento_Integration::system_extensions was processed [] []
[2025-02-04T12:13:28.681954+00:00] main.INFO: Add of item with id Magento_Integration::system_integrations was processed [] []
[2025-02-04T12:13:28.681974+00:00] main.INFO: Add of item with id Magento_UrlRewrite::urlrewrite was processed [] []
[2025-02-04T12:13:28.681993+00:00] main.INFO: Add of item with id Magento_Tax::sales_tax was processed [] []
[2025-02-04T12:13:28.682017+00:00] main.INFO: Add of item with id Magento_Tax::sales_tax_rules was processed [] []
[2025-02-04T12:13:28.682037+00:00] main.INFO: Add of item with id Magento_Tax::sales_tax_rates was processed [] []
[2025-02-04T12:13:28.682056+00:00] main.INFO: Add of item with id Magento_Widget::cms_widget_instance was processed [] []
[2025-02-04T12:13:28.682079+00:00] main.INFO: Add of item with id Magento_Analytics::business_intelligence was processed [] []
[2025-02-04T12:13:28.682106+00:00] main.INFO: Add of item with id Magento_Analytics::advanced_reporting was processed [] []
[2025-02-04T12:13:28.682126+00:00] main.INFO: Add of item with id Magento_Analytics::bi_essentials was processed [] []
[2025-02-04T12:13:28.682149+00:00] main.INFO: Add of item with id Magento_ImportExport::system_convert_import was processed [] []
[2025-02-04T12:13:28.682169+00:00] main.INFO: Add of item with id Magento_ImportExport::system_convert_export was processed [] []
[2025-02-04T12:13:28.682188+00:00] main.INFO: Add of item with id Magento_ImportExport::system_convert_history was processed [] []
[2025-02-04T12:13:28.682211+00:00] main.INFO: Add of item with id Magento_Email::template was processed [] []
[2025-02-04T12:13:28.682232+00:00] main.INFO: Add of item with id Magento_EncryptionKey::system_crypt_key was processed [] []
[2025-02-04T12:13:28.682251+00:00] main.INFO: Add of item with id Magento_InventoryAdminUi::inventory was processed [] []
[2025-02-04T12:13:28.682275+00:00] main.INFO: Add of item with id Magento_InventoryAdminUi::source was processed [] []
[2025-02-04T12:13:28.682296+00:00] main.INFO: Add of item with id Magento_InventoryAdminUi::stock was processed [] []
[2025-02-04T12:13:28.682315+00:00] main.INFO: Add of item with id Magento_Reports::report was processed [] []
[2025-02-04T12:13:28.682334+00:00] main.INFO: Add of item with id Magento_Reports::report_marketing was processed [] []
[2025-02-04T12:13:28.682353+00:00] main.INFO: Add of item with id Magento_Reports::report_salesroot was processed [] []
[2025-02-04T12:13:28.682376+00:00] main.INFO: Add of item with id Magento_Reports::report_salesroot_sales was processed [] []
[2025-02-04T12:13:28.682396+00:00] main.INFO: Add of item with id Magento_Reports::report_salesroot_tax was processed [] []
[2025-02-04T12:13:28.682415+00:00] main.INFO: Add of item with id Magento_Reports::report_salesroot_invoiced was processed [] []
[2025-02-04T12:13:28.682434+00:00] main.INFO: Add of item with id Magento_Reports::report_salesroot_shipping was processed [] []
[2025-02-04T12:13:28.682453+00:00] main.INFO: Add of item with id Magento_Reports::report_salesroot_refunded was processed [] []
[2025-02-04T12:13:28.682471+00:00] main.INFO: Add of item with id Magento_Reports::report_salesroot_coupons was processed [] []
[2025-02-04T12:13:28.682494+00:00] main.INFO: Add of item with id Magento_Reports::report_shopcart_product was processed [] []
[2025-02-04T12:13:28.682514+00:00] main.INFO: Add of item with id Magento_Reports::report_shopcart_abandoned was processed [] []
[2025-02-04T12:13:28.682533+00:00] main.INFO: Add of item with id Magento_Reports::report_products was processed [] []
[2025-02-04T12:13:28.682552+00:00] main.INFO: Add of item with id Magento_Reports::report_products_bestsellers was processed [] []
[2025-02-04T12:13:28.682571+00:00] main.INFO: Add of item with id Magento_Reports::report_products_sold was processed [] []
[2025-02-04T12:13:28.682594+00:00] main.INFO: Add of item with id Magento_Reports::report_products_viewed was processed [] []
[2025-02-04T12:13:28.682613+00:00] main.INFO: Add of item with id Magento_Reports::report_products_lowstock was processed [] []
[2025-02-04T12:13:28.682632+00:00] main.INFO: Add of item with id Magento_Reports::report_customers was processed [] []
[2025-02-04T12:13:28.682656+00:00] main.INFO: Add of item with id Magento_Reports::report_customers_accounts was processed [] []
[2025-02-04T12:13:28.682677+00:00] main.INFO: Add of item with id Magento_Reports::report_customers_totals was processed [] []
[2025-02-04T12:13:28.682697+00:00] main.INFO: Add of item with id Magento_Reports::report_customers_orders was processed [] []
[2025-02-04T12:13:28.682716+00:00] main.INFO: Add of item with id Magento_Reports::report_statistics was processed [] []
[2025-02-04T12:13:28.682740+00:00] main.INFO: Add of item with id Magento_Reports::report_statistics_refresh was processed [] []
[2025-02-04T12:13:28.682762+00:00] main.INFO: Add of item with id Magento_Search::report_search_term was processed [] []
[2025-02-04T12:13:28.682784+00:00] main.INFO: Add of item with id Magento_LoginAsCustomerLog::login_log was processed [] []
[2025-02-04T12:13:28.682803+00:00] main.INFO: Add of item with id Magento_Marketplace::partners was processed [] []
[2025-02-04T12:13:28.682822+00:00] main.INFO: Add of item with id Magento_Newsletter::newsletter_template was processed [] []
[2025-02-04T12:13:28.682841+00:00] main.INFO: Add of item with id Magento_Newsletter::newsletter_queue was processed [] []
[2025-02-04T12:13:28.682859+00:00] main.INFO: Add of item with id Magento_Newsletter::newsletter_subscriber was processed [] []
[2025-02-04T12:13:28.682878+00:00] main.INFO: Add of item with id Magento_Newsletter::newsletter_problem was processed [] []
[2025-02-04T12:13:28.682896+00:00] main.INFO: Add of item with id Magento_SalesRule::promo_quote was processed [] []
[2025-02-04T12:13:28.682915+00:00] main.INFO: Add of item with id Magento_Sitemap::catalog_sitemap was processed [] []
[2025-02-04T12:13:28.682934+00:00] main.INFO: Add of item with id Magento_PageBuilder::templates was processed [] []
[2025-02-04T12:13:28.682954+00:00] main.INFO: Add of item with id Magento_Paypal::report_salesroot_paypal_settlement_reports was processed [] []
[2025-02-04T12:13:28.682973+00:00] main.INFO: Add of item with id Magento_Paypal::paypal_billing_agreement was processed [] []
[2025-02-04T12:13:28.682992+00:00] main.INFO: Add of item with id Magento_Review::catalog_reviews_ratings_ratings was processed [] []
[2025-02-04T12:13:28.683019+00:00] main.INFO: Add of item with id Magento_Review::catalog_reviews_ratings_pending was processed [] []
[2025-02-04T12:13:28.683040+00:00] main.INFO: Add of item with id Magento_Review::catalog_reviews_ratings_reviews_all was processed [] []
[2025-02-04T12:13:28.683059+00:00] main.INFO: Add of item with id Magento_Review::report_review was processed [] []
[2025-02-04T12:13:28.683083+00:00] main.INFO: Add of item with id Magento_Review::report_review_customer was processed [] []
[2025-02-04T12:13:28.683103+00:00] main.INFO: Add of item with id Magento_Review::report_review_product was processed [] []
[2025-02-04T12:13:28.683121+00:00] main.INFO: Add of item with id Magento_CheckoutAgreements::sales_checkoutagreement was processed [] []
[2025-02-04T12:13:28.683140+00:00] main.INFO: Add of item with id Magento_TaxImportExport::system_convert_tax was processed [] []
[2025-02-04T12:13:28.683159+00:00] main.INFO: Add of item with id Magento_AsynchronousOperations::system_magento_logging was processed [] []
[2025-02-04T12:13:28.683183+00:00] main.INFO: Add of item with id Magento_AsynchronousOperations::system_magento_logging_bulk_operations was processed [] []
[2025-02-04T12:13:28.683204+00:00] main.INFO: Add of item with id Magento_CurrencySymbol::system_currency was processed [] []
[2025-02-04T12:13:28.683228+00:00] main.INFO: Add of item with id Magento_CurrencySymbol::system_currency_rates was processed [] []
[2025-02-04T12:13:28.683249+00:00] main.INFO: Add of item with id Magento_CurrencySymbol::system_currency_symbols was processed [] []
[2025-02-04T12:13:28.683268+00:00] main.INFO: Add of item with id PayPal_Braintree::settlement_report was processed [] []
[2025-02-04T12:13:28.683287+00:00] main.INFO: Add of item with id PayPal_Braintree::virtual_terminal was processed [] []
[2025-02-04T12:13:29.709552+00:00] main.INFO: Broken reference: the 'tracking' element cannot be added as child to 'header', because the latter doesn't exist [] []
[2025-02-04T12:13:29.709903+00:00] main.INFO: Broken reference: the 'notification_area' element cannot be added as child to 'notifications', because the latter doesn't exist [] []
[2025-02-04T12:13:29.709935+00:00] main.INFO: Broken reference: the 'unread_system_messages' element cannot be added as child to 'notifications', because the latter doesn't exist [] []
[2025-02-04T12:13:29.709958+00:00] main.INFO: Broken reference: the 'notification_window' element cannot be added as child to 'notifications', because the latter doesn't exist [] []
[2025-02-04T12:13:29.709983+00:00] main.INFO: Broken reference: the 'notification.messages' element cannot be added as child to 'header', because the latter doesn't exist [] []
[2025-02-04T12:13:29.710006+00:00] main.INFO: Broken reference: the 'global_notices' element cannot be added as child to 'global.notices', because the latter doesn't exist [] []
[2025-02-04T12:13:29.710034+00:00] main.INFO: Broken reference: the 'logo' element cannot be added as child to 'header', because the latter doesn't exist [] []
[2025-02-04T12:13:29.710064+00:00] main.INFO: Broken reference: the 'global.search' element cannot be added as child to 'header', because the latter doesn't exist [] []
[2025-02-04T12:13:29.710098+00:00] main.INFO: Broken reference: the 'user' element cannot be added as child to 'header', because the latter doesn't exist [] []
[2025-02-04T12:13:29.710129+00:00] main.INFO: Broken reference: the 'menu' element cannot be added as child to 'page.menu', because the latter doesn't exist [] []
[2025-02-04T12:13:29.710163+00:00] main.INFO: Broken reference: the 'breadcrumbs' element cannot be added as child to 'page.breadcrumbs', because the latter doesn't exist [] []
[2025-02-04T12:13:29.710202+00:00] main.INFO: Broken reference: the 'formkey' element cannot be added as child to 'page.formkey', because the latter doesn't exist [] []
[2025-02-04T12:13:29.710239+00:00] main.INFO: Broken reference: the 'page.title' element cannot be added as child to 'main.top', because the latter doesn't exist [] []
[2025-02-04T12:13:29.710271+00:00] main.INFO: Broken reference: the 'messages' element cannot be added as child to 'page.messages', because the latter doesn't exist [] []
[2025-02-04T12:13:29.710295+00:00] main.INFO: Broken reference: the 'page.actions.toolbar' element cannot be added as child to 'page.main.actions', because the latter doesn't exist [] []
[2025-02-04T12:13:29.710316+00:00] main.INFO: Broken reference: the 'legal' element cannot be added as child to 'footer', because the latter doesn't exist [] []
[2025-02-04T12:13:29.710367+00:00] main.INFO: Broken reference: the 'header.inner.left' element cannot be added as child to 'header', because the latter doesn't exist [] []
[2025-02-04T12:13:29.710392+00:00] main.INFO: Broken reference: the 'header.inner.right' element cannot be added as child to 'header', because the latter doesn't exist [] []
[2025-02-04T12:13:29.710430+00:00] main.INFO: Broken reference: the 'user' tries to reorder itself towards '', but their parents are different: 'header' and '' respectively. [] []
[2025-02-04T12:13:29.710453+00:00] main.INFO: Broken reference: the 'notification.messages' tries to reorder itself towards 'user', but their parents are different: 'header' and '' respectively. [] []
[2025-02-04T12:13:29.710475+00:00] main.INFO: Broken reference: the 'logo' tries to reorder itself towards '', but their parents are different: 'header' and '' respectively. [] []
[2025-02-04T12:13:29.710495+00:00] main.INFO: Broken reference: the 'global.search' tries to reorder itself towards 'logo', but their parents are different: 'header' and '' respectively. [] []
[2025-02-04T12:13:29.710515+00:00] main.INFO: Broken reference: the 'page.actions.toolbar' tries to reorder itself towards '', but their parents are different: 'page.main.actions' and '' respectively. [] []
[2025-02-04T12:13:29.710547+00:00] main.INFO: Broken reference: the 'header.inner.left' tries to reorder itself towards '', but their parents are different: 'header' and '' respectively. [] []
[2025-02-04T12:13:29.710571+00:00] main.INFO: Broken reference: the 'header.inner.right' tries to reorder itself towards 'header.inner.left', but their parents are different: 'header' and '' respectively. [] []
[2025-02-04T12:13:29.710608+00:00] main.INFO: Broken reference: the 'notification.messages' tries to reorder itself towards 'user', but their parents are different: 'header.inner.right' and '' respectively. [] []
[2025-02-04T12:14:00.862881+00:00] main.WARNING: Memory size allocated for the temporary table is more than 20% of innodb_buffer_pool_size. Please update innodb_buffer_pool_size or decrease batch size value (which decreases memory usages for the temporary table). Current batch size: 100000; Allocated memory size: 50000000 bytes; InnoDB buffer pool size: 134217728 bytes. [] []
[2025-02-04T12:14:00.896517+00:00] main.WARNING: Memory size allocated for the temporary table is more than 20% of innodb_buffer_pool_size. Please update innodb_buffer_pool_size or decrease batch size value (which decreases memory usages for the temporary table). Current batch size: 100000; Allocated memory size: 50000000 bytes; InnoDB buffer pool size: 134217728 bytes. [] []
[2025-02-04T12:14:01.029528+00:00] main.WARNING: Memory size allocated for the temporary table is more than 20% of innodb_buffer_pool_size. Please update innodb_buffer_pool_size or decrease batch size value (which decreases memory usages for the temporary table). Current batch size: 100000; Allocated memory size: 50000000 bytes; InnoDB buffer pool size: 134217728 bytes. [] []
[2025-02-04T12:14:01.326464+00:00] main.WARNING: Memory size allocated for the temporary table is more than 20% of innodb_buffer_pool_size. Please update innodb_buffer_pool_size or decrease batch size value (which decreases memory usages for the temporary table). Current batch size: 100000; Allocated memory size: 50000000 bytes; InnoDB buffer pool size: 134217728 bytes. [] []
[2025-02-04T12:14:01.355478+00:00] main.WARNING: Memory size allocated for the temporary table is more than 20% of innodb_buffer_pool_size. Please update innodb_buffer_pool_size or decrease batch size value (which decreases memory usages for the temporary table). Current batch size: 100000; Allocated memory size: 50000000 bytes; InnoDB buffer pool size: 134217728 bytes. [] []
[2025-02-04T12:14:01.484999+00:00] main.WARNING: Memory size allocated for the temporary table is more than 20% of innodb_buffer_pool_size. Please update innodb_buffer_pool_size or decrease batch size value (which decreases memory usages for the temporary table). Current batch size: 100000; Allocated memory size: 50000000 bytes; InnoDB buffer pool size: 134217728 bytes. [] []
[2025-02-04T12:14:04.823812+00:00] main.WARNING: Memory size allocated for the temporary table is more than 20% of innodb_buffer_pool_size. Please update innodb_buffer_pool_size or decrease batch size value (which decreases memory usages for the temporary table). Current batch size: 3334; Allocated memory size: 40008000 bytes; InnoDB buffer pool size: 134217728 bytes. [] []
[2025-02-04T12:14:11.652222+00:00] main.INFO: Item Magento_Backend::system_currency was removed [] []
[2025-02-04T12:14:11.654664+00:00] main.INFO: Add of item with id Magento_Config::system_config was processed [] []
[2025-02-04T12:14:11.654752+00:00] main.INFO: Add of item with id Magento_AdminNotification::system_adminnotification was processed [] []
[2025-02-04T12:14:11.654786+00:00] main.INFO: Add of item with id Magento_Theme::design_config was processed [] []
[2025-02-04T12:14:11.654810+00:00] main.INFO: Add of item with id Magento_Theme::system_design_theme was processed [] []
[2025-02-04T12:14:11.654832+00:00] main.INFO: Add of item with id Magento_Backend::system_design_schedule was processed [] []
[2025-02-04T12:14:11.654854+00:00] main.INFO: Add of item with id Magento_Backend::system_store was processed [] []
[2025-02-04T12:14:11.654875+00:00] main.INFO: Add of item with id Magento_Backend::dashboard was processed [] []
[2025-02-04T12:14:11.654896+00:00] main.INFO: Add of item with id Magento_Backend::system was processed [] []
[2025-02-04T12:14:11.654922+00:00] main.INFO: Add of item with id Magento_Backend::system_tools was processed [] []
[2025-02-04T12:14:11.654952+00:00] main.INFO: Add of item with id Magento_Backend::system_design was processed [] []
[2025-02-04T12:14:11.654974+00:00] main.INFO: Add of item with id Magento_Backend::system_convert was processed [] []
[2025-02-04T12:14:11.655001+00:00] main.INFO: Add of item with id Magento_Backend::system_cache was processed [] []
[2025-02-04T12:14:11.655024+00:00] main.INFO: Add of item with id Magento_Backend::marketing was processed [] []
[2025-02-04T12:14:11.655051+00:00] main.INFO: Add of item with id Magento_Backend::marketing_communications was processed [] []
[2025-02-04T12:14:11.655074+00:00] main.INFO: Add of item with id Magento_Backend::marketing_seo was processed [] []
[2025-02-04T12:14:11.655094+00:00] main.INFO: Add of item with id Magento_Backend::marketing_user_content was processed [] []
[2025-02-04T12:14:11.655114+00:00] main.INFO: Add of item with id Magento_Backend::content was processed [] []
[2025-02-04T12:14:11.655133+00:00] main.INFO: Add of item with id Magento_Backend::content_elements was processed [] []
[2025-02-04T12:14:11.655153+00:00] main.INFO: Add of item with id Magento_Backend::stores was processed [] []
[2025-02-04T12:14:11.655178+00:00] main.INFO: Add of item with id Magento_Backend::stores_settings was processed [] []
[2025-02-04T12:14:11.655200+00:00] main.INFO: Add of item with id Magento_Backend::stores_attributes was processed [] []
[2025-02-04T12:14:11.655221+00:00] main.INFO: Add of item with id Magento_Backend::other_settings was processed [] []
[2025-02-04T12:14:11.655252+00:00] main.INFO: Add of item with id Magento_Backend::system_other_settings was processed [] []
[2025-02-04T12:14:11.655271+00:00] main.INFO: Add of item with id Magento_User::system_acl was processed [] []
[2025-02-04T12:14:11.655297+00:00] main.INFO: Add of item with id Magento_User::system_acl_users was processed [] []
[2025-02-04T12:14:11.655323+00:00] main.INFO: Add of item with id Magento_User::system_acl_roles was processed [] []
[2025-02-04T12:14:11.655343+00:00] main.INFO: Add of item with id Magento_User::system_acl_locks was processed [] []
[2025-02-04T12:14:11.655363+00:00] main.INFO: Add of item with id Magento_Customer::customer was processed [] []
[2025-02-04T12:14:11.655388+00:00] main.INFO: Add of item with id Magento_Customer::customer_manage was processed [] []
[2025-02-04T12:14:11.655411+00:00] main.INFO: Add of item with id Magento_Customer::customer_online was processed [] []
[2025-02-04T12:14:11.655431+00:00] main.INFO: Add of item with id Magento_Customer::customer_group was processed [] []
[2025-02-04T12:14:11.655451+00:00] main.INFO: Add of item with id Magento_Backup::system_tools_backup was processed [] []
[2025-02-04T12:14:11.655471+00:00] main.INFO: Add of item with id Magento_Indexer::system_index was processed [] []
[2025-02-04T12:14:11.655491+00:00] main.INFO: Add of item with id Magento_Variable::system_variable was processed [] []
[2025-02-04T12:14:11.655517+00:00] main.INFO: Add of item with id Magento_Cms::cms_page was processed [] []
[2025-02-04T12:14:11.655540+00:00] main.INFO: Add of item with id Magento_Cms::cms_block was processed [] []
[2025-02-04T12:14:11.655561+00:00] main.INFO: Add of item with id Magento_Catalog::catalog was processed [] []
[2025-02-04T12:14:11.655589+00:00] main.INFO: Add of item with id Magento_Catalog::catalog_products was processed [] []
[2025-02-04T12:14:11.655613+00:00] main.INFO: Add of item with id Magento_Catalog::catalog_categories was processed [] []
[2025-02-04T12:14:11.655640+00:00] main.INFO: Add of item with id Magento_Catalog::catalog_attributes_attributes was processed [] []
[2025-02-04T12:14:11.655663+00:00] main.INFO: Add of item with id Magento_Catalog::catalog_attributes_sets was processed [] []
[2025-02-04T12:14:11.655689+00:00] main.INFO: Add of item with id Magento_Catalog::inventory was processed [] []
[2025-02-04T12:14:11.655715+00:00] main.INFO: Add of item with id Magento_Search::search_terms was processed [] []
[2025-02-04T12:14:11.655737+00:00] main.INFO: Add of item with id Magento_Search::search_synonyms was processed [] []
[2025-02-04T12:14:11.655756+00:00] main.INFO: Add of item with id Magento_CatalogRule::promo was processed [] []
[2025-02-04T12:14:11.655781+00:00] main.INFO: Add of item with id Magento_CatalogRule::promo_catalog was processed [] []
[2025-02-04T12:14:11.655803+00:00] main.INFO: Add of item with id Magento_Sales::sales was processed [] []
[2025-02-04T12:14:11.655829+00:00] main.INFO: Add of item with id Magento_Sales::sales_operation was processed [] []
[2025-02-04T12:14:11.655856+00:00] main.INFO: Add of item with id Magento_Sales::sales_order was processed [] []
[2025-02-04T12:14:11.655877+00:00] main.INFO: Add of item with id Magento_Sales::sales_invoice was processed [] []
[2025-02-04T12:14:11.655898+00:00] main.INFO: Add of item with id Magento_Sales::sales_shipment was processed [] []
[2025-02-04T12:14:11.655917+00:00] main.INFO: Add of item with id Magento_Sales::sales_creditmemo was processed [] []
[2025-02-04T12:14:11.655936+00:00] main.INFO: Add of item with id Magento_Sales::sales_transactions was processed [] []
[2025-02-04T12:14:11.655956+00:00] main.INFO: Add of item with id Magento_Sales::system_order_statuses was processed [] []
[2025-02-04T12:14:11.655976+00:00] main.INFO: Add of item with id Magento_MediaGalleryUi::media was processed [] []
[2025-02-04T12:14:11.656001+00:00] main.INFO: Add of item with id Magento_MediaGalleryUi::media_gallery was processed [] []
[2025-02-04T12:14:11.656029+00:00] main.INFO: Add of item with id Magento_Downloadable::report_products_downloads was processed [] []
[2025-02-04T12:14:11.656055+00:00] main.INFO: Add of item with id Magento_Integration::system_extensions was processed [] []
[2025-02-04T12:14:11.656080+00:00] main.INFO: Add of item with id Magento_Integration::system_integrations was processed [] []
[2025-02-04T12:14:11.656104+00:00] main.INFO: Add of item with id Magento_UrlRewrite::urlrewrite was processed [] []
[2025-02-04T12:14:11.656125+00:00] main.INFO: Add of item with id Magento_Tax::sales_tax was processed [] []
[2025-02-04T12:14:11.656150+00:00] main.INFO: Add of item with id Magento_Tax::sales_tax_rules was processed [] []
[2025-02-04T12:14:11.656173+00:00] main.INFO: Add of item with id Magento_Tax::sales_tax_rates was processed [] []
[2025-02-04T12:14:11.656257+00:00] main.INFO: Add of item with id Magento_Widget::cms_widget_instance was processed [] []
[2025-02-04T12:14:11.656284+00:00] main.INFO: Add of item with id Magento_Analytics::business_intelligence was processed [] []
[2025-02-04T12:14:11.656313+00:00] main.INFO: Add of item with id Magento_Analytics::advanced_reporting was processed [] []
[2025-02-04T12:14:11.656335+00:00] main.INFO: Add of item with id Magento_Analytics::bi_essentials was processed [] []
[2025-02-04T12:14:11.656361+00:00] main.INFO: Add of item with id Magento_ImportExport::system_convert_import was processed [] []
[2025-02-04T12:14:11.656383+00:00] main.INFO: Add of item with id Magento_ImportExport::system_convert_export was processed [] []
[2025-02-04T12:14:11.656404+00:00] main.INFO: Add of item with id Magento_ImportExport::system_convert_history was processed [] []
[2025-02-04T12:14:11.656430+00:00] main.INFO: Add of item with id Magento_Email::template was processed [] []
[2025-02-04T12:14:11.656451+00:00] main.INFO: Add of item with id Magento_EncryptionKey::system_crypt_key was processed [] []
[2025-02-04T12:14:11.656472+00:00] main.INFO: Add of item with id Magento_InventoryAdminUi::inventory was processed [] []
[2025-02-04T12:14:11.656498+00:00] main.INFO: Add of item with id Magento_InventoryAdminUi::source was processed [] []
[2025-02-04T12:14:11.656519+00:00] main.INFO: Add of item with id Magento_InventoryAdminUi::stock was processed [] []
[2025-02-04T12:14:11.656540+00:00] main.INFO: Add of item with id Magento_Reports::report was processed [] []
[2025-02-04T12:14:11.656560+00:00] main.INFO: Add of item with id Magento_Reports::report_marketing was processed [] []
[2025-02-04T12:14:11.656580+00:00] main.INFO: Add of item with id Magento_Reports::report_salesroot was processed [] []
[2025-02-04T12:14:11.656609+00:00] main.INFO: Add of item with id Magento_Reports::report_salesroot_sales was processed [] []
[2025-02-04T12:14:11.656631+00:00] main.INFO: Add of item with id Magento_Reports::report_salesroot_tax was processed [] []
[2025-02-04T12:14:11.656651+00:00] main.INFO: Add of item with id Magento_Reports::report_salesroot_invoiced was processed [] []
[2025-02-04T12:14:11.656671+00:00] main.INFO: Add of item with id Magento_Reports::report_salesroot_shipping was processed [] []
[2025-02-04T12:14:11.656690+00:00] main.INFO: Add of item with id Magento_Reports::report_salesroot_refunded was processed [] []
[2025-02-04T12:14:11.656710+00:00] main.INFO: Add of item with id Magento_Reports::report_salesroot_coupons was processed [] []
[2025-02-04T12:14:11.656736+00:00] main.INFO: Add of item with id Magento_Reports::report_shopcart_product was processed [] []
[2025-02-04T12:14:11.656757+00:00] main.INFO: Add of item with id Magento_Reports::report_shopcart_abandoned was processed [] []
[2025-02-04T12:14:11.656778+00:00] main.INFO: Add of item with id Magento_Reports::report_products was processed [] []
[2025-02-04T12:14:11.656799+00:00] main.INFO: Add of item with id Magento_Reports::report_products_bestsellers was processed [] []
[2025-02-04T12:14:11.656819+00:00] main.INFO: Add of item with id Magento_Reports::report_products_sold was processed [] []
[2025-02-04T12:14:11.656838+00:00] main.INFO: Add of item with id Magento_Reports::report_products_viewed was processed [] []
[2025-02-04T12:14:11.656860+00:00] main.INFO: Add of item with id Magento_Reports::report_products_lowstock was processed [] []
[2025-02-04T12:14:11.656880+00:00] main.INFO: Add of item with id Magento_Reports::report_customers was processed [] []
[2025-02-04T12:14:11.656905+00:00] main.INFO: Add of item with id Magento_Reports::report_customers_accounts was processed [] []
[2025-02-04T12:14:11.656929+00:00] main.INFO: Add of item with id Magento_Reports::report_customers_totals was processed [] []
[2025-02-04T12:14:11.656952+00:00] main.INFO: Add of item with id Magento_Reports::report_customers_orders was processed [] []
[2025-02-04T12:14:11.656972+00:00] main.INFO: Add of item with id Magento_Reports::report_statistics was processed [] []
[2025-02-04T12:14:11.656997+00:00] main.INFO: Add of item with id Magento_Reports::report_statistics_refresh was processed [] []
[2025-02-04T12:14:11.657020+00:00] main.INFO: Add of item with id Magento_Search::report_search_term was processed [] []
[2025-02-04T12:14:11.657042+00:00] main.INFO: Add of item with id Magento_LoginAsCustomerLog::login_log was processed [] []
[2025-02-04T12:14:11.657062+00:00] main.INFO: Add of item with id Magento_Marketplace::partners was processed [] []
[2025-02-04T12:14:11.657082+00:00] main.INFO: Add of item with id Magento_Newsletter::newsletter_template was processed [] []
[2025-02-04T12:14:11.657102+00:00] main.INFO: Add of item with id Magento_Newsletter::newsletter_queue was processed [] []
[2025-02-04T12:14:11.657122+00:00] main.INFO: Add of item with id Magento_Newsletter::newsletter_subscriber was processed [] []
[2025-02-04T12:14:11.657141+00:00] main.INFO: Add of item with id Magento_Newsletter::newsletter_problem was processed [] []
[2025-02-04T12:14:11.657161+00:00] main.INFO: Add of item with id Magento_SalesRule::promo_quote was processed [] []
[2025-02-04T12:14:11.657181+00:00] main.INFO: Add of item with id Magento_Sitemap::catalog_sitemap was processed [] []
[2025-02-04T12:14:11.657201+00:00] main.INFO: Add of item with id Magento_PageBuilder::templates was processed [] []
[2025-02-04T12:14:11.657221+00:00] main.INFO: Add of item with id Magento_Paypal::report_salesroot_paypal_settlement_reports was processed [] []
[2025-02-04T12:14:11.657242+00:00] main.INFO: Add of item with id Magento_Paypal::paypal_billing_agreement was processed [] []
[2025-02-04T12:14:11.657263+00:00] main.INFO: Add of item with id Magento_Review::catalog_reviews_ratings_ratings was processed [] []
[2025-02-04T12:14:11.657290+00:00] main.INFO: Add of item with id Magento_Review::catalog_reviews_ratings_pending was processed [] []
[2025-02-04T12:14:11.657312+00:00] main.INFO: Add of item with id Magento_Review::catalog_reviews_ratings_reviews_all was processed [] []
[2025-02-04T12:14:11.657333+00:00] main.INFO: Add of item with id Magento_Review::report_review was processed [] []
[2025-02-04T12:14:11.657360+00:00] main.INFO: Add of item with id Magento_Review::report_review_customer was processed [] []
[2025-02-04T12:14:11.657382+00:00] main.INFO: Add of item with id Magento_Review::report_review_product was processed [] []
[2025-02-04T12:14:11.657402+00:00] main.INFO: Add of item with id Magento_CheckoutAgreements::sales_checkoutagreement was processed [] []
[2025-02-04T12:14:11.657423+00:00] main.INFO: Add of item with id Magento_TaxImportExport::system_convert_tax was processed [] []
[2025-02-04T12:14:11.657442+00:00] main.INFO: Add of item with id Magento_AsynchronousOperations::system_magento_logging was processed [] []
[2025-02-04T12:14:11.657468+00:00] main.INFO: Add of item with id Magento_AsynchronousOperations::system_magento_logging_bulk_operations was processed [] []
[2025-02-04T12:14:11.657492+00:00] main.INFO: Add of item with id Magento_CurrencySymbol::system_currency was processed [] []
[2025-02-04T12:14:11.657518+00:00] main.INFO: Add of item with id Magento_CurrencySymbol::system_currency_rates was processed [] []
[2025-02-04T12:14:11.657539+00:00] main.INFO: Add of item with id Magento_CurrencySymbol::system_currency_symbols was processed [] []
[2025-02-04T12:14:11.657562+00:00] main.INFO: Add of item with id PayPal_Braintree::settlement_report was processed [] []
[2025-02-04T12:14:11.657583+00:00] main.INFO: Add of item with id PayPal_Braintree::virtual_terminal was processed [] []
[2025-02-04T12:14:12.746943+00:00] main.INFO: Broken reference: the 'notification.messages' tries to reorder itself towards 'user', but their parents are different: 'header.inner.right' and 'header' respectively. [] []
[2025-02-04T12:15:08.465554+00:00] main.INFO: Broken reference: the 'notification.messages' tries to reorder itself towards 'user', but their parents are different: 'header.inner.right' and 'header' respectively. [] []
[2025-02-04T12:15:14.876638+00:00] main.INFO: Broken reference: the 'notification.messages' tries to reorder itself towards 'user', but their parents are different: 'header.inner.right' and 'header' respectively. [] []
[2025-02-04T12:18:38.542667+00:00] main.INFO: Broken reference: the 'notification.messages' tries to reorder itself towards 'user', but their parents are different: 'header.inner.right' and 'header' respectively. [] []
[2025-02-04T12:18:53.457632+00:00] main.INFO: Broken reference: the 'notification.messages' tries to reorder itself towards 'user', but their parents are different: 'header.inner.right' and 'header' respectively. [] []
[2025-02-04T12:18:54.748754+00:00] main.INFO: Broken reference: the 'header.panel.wrapper' element cannot be added as child to 'header.container', because the latter doesn't exist [] []
[2025-02-04T12:18:54.749168+00:00] main.INFO: Broken reference: the 'header-wrapper' element cannot be added as child to 'header.container', because the latter doesn't exist [] []
[2025-02-04T12:18:54.749208+00:00] main.INFO: Broken reference: the 'navigation.sections' element cannot be added as child to 'page.top', because the latter doesn't exist [] []
[2025-02-04T12:18:54.749249+00:00] main.INFO: Broken reference: the 'top.container' element cannot be added as child to 'page.top', because the latter doesn't exist [] []
[2025-02-04T12:18:54.749275+00:00] main.INFO: Broken reference: the 'breadcrumbs' element cannot be added as child to 'page.top', because the latter doesn't exist [] []
[2025-02-04T12:18:54.749321+00:00] main.INFO: Broken reference: the 'footer' element cannot be added as child to 'footer-container', because the latter doesn't exist [] []
[2025-02-04T12:18:54.749384+00:00] main.INFO: Broken reference: the 'catalog.compare.sidebar' element cannot be added as child to 'sidebar.additional', because the latter doesn't exist [] []
[2025-02-04T12:18:54.749423+00:00] main.INFO: Broken reference: the 'sale.reorder.sidebar' element cannot be added as child to 'sidebar.additional', because the latter doesn't exist [] []
[2025-02-04T12:18:54.749507+00:00] main.INFO: Broken reference: the 'wishlist_sidebar' element cannot be added as child to 'sidebar.additional', because the latter doesn't exist [] []
[2025-02-04T12:18:54.749592+00:00] main.INFO: Broken reference: the 'header.panel.wrapper' tries to reorder itself towards '', but their parents are different: 'header.container' and '' respectively. [] []
[2025-02-04T12:18:54.749630+00:00] main.INFO: Broken reference: the 'navigation.sections' tries to reorder itself towards '', but their parents are different: 'page.top' and '' respectively. [] []
[2025-02-04T12:19:24.969174+00:00] main.INFO: Broken reference: the 'notification.messages' tries to reorder itself towards 'user', but their parents are different: 'header.inner.right' and 'header' respectively. [] []
[2025-02-04T12:19:29.574997+00:00] main.INFO: Broken reference: the 'notification.messages' tries to reorder itself towards 'user', but their parents are different: 'header.inner.right' and 'header' respectively. [] []
[2025-02-04T12:20:06.451582+00:00] main.INFO: Broken reference: the 'notification.messages' tries to reorder itself towards 'user', but their parents are different: 'header.inner.right' and 'header' respectively. [] []
[2025-02-04T12:20:06.514017+00:00] main.INFO: Item Magento_Backend::system_currency was removed [] []
[2025-02-04T12:20:06.517068+00:00] main.INFO: Add of item with id Magento_Config::system_config was processed [] []
[2025-02-04T12:20:06.517203+00:00] main.INFO: Add of item with id Magento_AdminNotification::system_adminnotification was processed [] []
[2025-02-04T12:20:06.517242+00:00] main.INFO: Add of item with id Magento_Theme::design_config was processed [] []
[2025-02-04T12:20:06.517277+00:00] main.INFO: Add of item with id Magento_Theme::system_design_theme was processed [] []
[2025-02-04T12:20:06.517301+00:00] main.INFO: Add of item with id Magento_Backend::system_design_schedule was processed [] []
[2025-02-04T12:20:06.517324+00:00] main.INFO: Add of item with id Magento_Backend::system_store was processed [] []
[2025-02-04T12:20:06.517346+00:00] main.INFO: Add of item with id Magento_Backend::dashboard was processed [] []
[2025-02-04T12:20:06.517368+00:00] main.INFO: Add of item with id Magento_Backend::system was processed [] []
[2025-02-04T12:20:06.517398+00:00] main.INFO: Add of item with id Magento_Backend::system_tools was processed [] []
[2025-02-04T12:20:06.517431+00:00] main.INFO: Add of item with id Magento_Backend::system_design was processed [] []
[2025-02-04T12:20:06.517464+00:00] main.INFO: Add of item with id Magento_Backend::system_convert was processed [] []
[2025-02-04T12:20:06.517492+00:00] main.INFO: Add of item with id Magento_Backend::system_cache was processed [] []
[2025-02-04T12:20:06.517516+00:00] main.INFO: Add of item with id Magento_Backend::marketing was processed [] []
[2025-02-04T12:20:06.517544+00:00] main.INFO: Add of item with id Magento_Backend::marketing_communications was processed [] []
[2025-02-04T12:20:06.517567+00:00] main.INFO: Add of item with id Magento_Backend::marketing_seo was processed [] []
[2025-02-04T12:20:06.517603+00:00] main.INFO: Add of item with id Magento_Backend::marketing_user_content was processed [] []
[2025-02-04T12:20:06.517633+00:00] main.INFO: Add of item with id Magento_Backend::content was processed [] []
[2025-02-04T12:20:06.517662+00:00] main.INFO: Add of item with id Magento_Backend::content_elements was processed [] []
[2025-02-04T12:20:06.517684+00:00] main.INFO: Add of item with id Magento_Backend::stores was processed [] []
[2025-02-04T12:20:06.517717+00:00] main.INFO: Add of item with id Magento_Backend::stores_settings was processed [] []
[2025-02-04T12:20:06.517742+00:00] main.INFO: Add of item with id Magento_Backend::stores_attributes was processed [] []
[2025-02-04T12:20:06.517766+00:00] main.INFO: Add of item with id Magento_Backend::other_settings was processed [] []
[2025-02-04T12:20:06.517789+00:00] main.INFO: Add of item with id Magento_Backend::system_other_settings was processed [] []
[2025-02-04T12:20:06.517812+00:00] main.INFO: Add of item with id Magento_User::system_acl was processed [] []
[2025-02-04T12:20:06.517844+00:00] main.INFO: Add of item with id Magento_User::system_acl_users was processed [] []
[2025-02-04T12:20:06.517870+00:00] main.INFO: Add of item with id Magento_User::system_acl_roles was processed [] []
[2025-02-04T12:20:06.517893+00:00] main.INFO: Add of item with id Magento_User::system_acl_locks was processed [] []
[2025-02-04T12:20:06.517915+00:00] main.INFO: Add of item with id Magento_Customer::customer was processed [] []
[2025-02-04T12:20:06.517943+00:00] main.INFO: Add of item with id Magento_Customer::customer_manage was processed [] []
[2025-02-04T12:20:06.517968+00:00] main.INFO: Add of item with id Magento_Customer::customer_online was processed [] []
[2025-02-04T12:20:06.517992+00:00] main.INFO: Add of item with id Magento_Customer::customer_group was processed [] []
[2025-02-04T12:20:06.518015+00:00] main.INFO: Add of item with id Magento_Backup::system_tools_backup was processed [] []
[2025-02-04T12:20:06.518039+00:00] main.INFO: Add of item with id Magento_Indexer::system_index was processed [] []
[2025-02-04T12:20:06.518063+00:00] main.INFO: Add of item with id Magento_Variable::system_variable was processed [] []
[2025-02-04T12:20:06.518094+00:00] main.INFO: Add of item with id Magento_Cms::cms_page was processed [] []
[2025-02-04T12:20:06.518129+00:00] main.INFO: Add of item with id Magento_Cms::cms_block was processed [] []
[2025-02-04T12:20:06.518151+00:00] main.INFO: Add of item with id Magento_Catalog::catalog was processed [] []
[2025-02-04T12:20:06.518178+00:00] main.INFO: Add of item with id Magento_Catalog::catalog_products was processed [] []
[2025-02-04T12:20:06.518201+00:00] main.INFO: Add of item with id Magento_Catalog::catalog_categories was processed [] []
[2025-02-04T12:20:06.518232+00:00] main.INFO: Add of item with id Magento_Catalog::catalog_attributes_attributes was processed [] []
[2025-02-04T12:20:06.518260+00:00] main.INFO: Add of item with id Magento_Catalog::catalog_attributes_sets was processed [] []
[2025-02-04T12:20:06.518287+00:00] main.INFO: Add of item with id Magento_Catalog::inventory was processed [] []
[2025-02-04T12:20:06.518318+00:00] main.INFO: Add of item with id Magento_Search::search_terms was processed [] []
[2025-02-04T12:20:06.518340+00:00] main.INFO: Add of item with id Magento_Search::search_synonyms was processed [] []
[2025-02-04T12:20:06.518365+00:00] main.INFO: Add of item with id Magento_CatalogRule::promo was processed [] []
[2025-02-04T12:20:06.518393+00:00] main.INFO: Add of item with id Magento_CatalogRule::promo_catalog was processed [] []
[2025-02-04T12:20:06.518418+00:00] main.INFO: Add of item with id Magento_Sales::sales was processed [] []
[2025-02-04T12:20:06.518446+00:00] main.INFO: Add of item with id Magento_Sales::sales_operation was processed [] []
[2025-02-04T12:20:06.518476+00:00] main.INFO: Add of item with id Magento_Sales::sales_order was processed [] []
[2025-02-04T12:20:06.518499+00:00] main.INFO: Add of item with id Magento_Sales::sales_invoice was processed [] []
[2025-02-04T12:20:06.518520+00:00] main.INFO: Add of item with id Magento_Sales::sales_shipment was processed [] []
[2025-02-04T12:20:06.518541+00:00] main.INFO: Add of item with id Magento_Sales::sales_creditmemo was processed [] []
[2025-02-04T12:20:06.518564+00:00] main.INFO: Add of item with id Magento_Sales::sales_transactions was processed [] []
[2025-02-04T12:20:06.518595+00:00] main.INFO: Add of item with id Magento_Sales::system_order_statuses was processed [] []
[2025-02-04T12:20:06.518618+00:00] main.INFO: Add of item with id Magento_MediaGalleryUi::media was processed [] []
[2025-02-04T12:20:06.518645+00:00] main.INFO: Add of item with id Magento_MediaGalleryUi::media_gallery was processed [] []
[2025-02-04T12:20:06.518674+00:00] main.INFO: Add of item with id Magento_Downloadable::report_products_downloads was processed [] []
[2025-02-04T12:20:06.518701+00:00] main.INFO: Add of item with id Magento_Integration::system_extensions was processed [] []
[2025-02-04T12:20:06.518730+00:00] main.INFO: Add of item with id Magento_Integration::system_integrations was processed [] []
[2025-02-04T12:20:06.518751+00:00] main.INFO: Add of item with id Magento_UrlRewrite::urlrewrite was processed [] []
[2025-02-04T12:20:06.518772+00:00] main.INFO: Add of item with id Magento_Tax::sales_tax was processed [] []
[2025-02-04T12:20:06.518801+00:00] main.INFO: Add of item with id Magento_Tax::sales_tax_rules was processed [] []
[2025-02-04T12:20:06.518828+00:00] main.INFO: Add of item with id Magento_Tax::sales_tax_rates was processed [] []
[2025-02-04T12:20:06.518850+00:00] main.INFO: Add of item with id Magento_Widget::cms_widget_instance was processed [] []
[2025-02-04T12:20:06.518877+00:00] main.INFO: Add of item with id Magento_Analytics::business_intelligence was processed [] []
[2025-02-04T12:20:06.518904+00:00] main.INFO: Add of item with id Magento_Analytics::advanced_reporting was processed [] []
[2025-02-04T12:20:06.518926+00:00] main.INFO: Add of item with id Magento_Analytics::bi_essentials was processed [] []
[2025-02-04T12:20:06.518953+00:00] main.INFO: Add of item with id Magento_ImportExport::system_convert_import was processed [] []
[2025-02-04T12:20:06.518975+00:00] main.INFO: Add of item with id Magento_ImportExport::system_convert_export was processed [] []
[2025-02-04T12:20:06.519001+00:00] main.INFO: Add of item with id Magento_ImportExport::system_convert_history was processed [] []
[2025-02-04T12:20:06.519028+00:00] main.INFO: Add of item with id Magento_Email::template was processed [] []
[2025-02-04T12:20:06.519054+00:00] main.INFO: Add of item with id Magento_EncryptionKey::system_crypt_key was processed [] []
[2025-02-04T12:20:06.519077+00:00] main.INFO: Add of item with id Magento_InventoryAdminUi::inventory was processed [] []
[2025-02-04T12:20:06.519108+00:00] main.INFO: Add of item with id Magento_InventoryAdminUi::source was processed [] []
[2025-02-04T12:20:06.519132+00:00] main.INFO: Add of item with id Magento_InventoryAdminUi::stock was processed [] []
[2025-02-04T12:20:06.519154+00:00] main.INFO: Add of item with id Magento_Reports::report was processed [] []
[2025-02-04T12:20:06.519176+00:00] main.INFO: Add of item with id Magento_Reports::report_marketing was processed [] []
[2025-02-04T12:20:06.519197+00:00] main.INFO: Add of item with id Magento_Reports::report_salesroot was processed [] []
[2025-02-04T12:20:06.519226+00:00] main.INFO: Add of item with id Magento_Reports::report_salesroot_sales was processed [] []
[2025-02-04T12:20:06.519250+00:00] main.INFO: Add of item with id Magento_Reports::report_salesroot_tax was processed [] []
[2025-02-04T12:20:06.519272+00:00] main.INFO: Add of item with id Magento_Reports::report_salesroot_invoiced was processed [] []
[2025-02-04T12:20:06.519293+00:00] main.INFO: Add of item with id Magento_Reports::report_salesroot_shipping was processed [] []
[2025-02-04T12:20:06.519314+00:00] main.INFO: Add of item with id Magento_Reports::report_salesroot_refunded was processed [] []
[2025-02-04T12:20:06.519337+00:00] main.INFO: Add of item with id Magento_Reports::report_salesroot_coupons was processed [] []
[2025-02-04T12:20:06.519365+00:00] main.INFO: Add of item with id Magento_Reports::report_shopcart_product was processed [] []
[2025-02-04T12:20:06.519389+00:00] main.INFO: Add of item with id Magento_Reports::report_shopcart_abandoned was processed [] []
[2025-02-04T12:20:06.519411+00:00] main.INFO: Add of item with id Magento_Reports::report_products was processed [] []
[2025-02-04T12:20:06.519436+00:00] main.INFO: Add of item with id Magento_Reports::report_products_bestsellers was processed [] []
[2025-02-04T12:20:06.519458+00:00] main.INFO: Add of item with id Magento_Reports::report_products_sold was processed [] []
[2025-02-04T12:20:06.519481+00:00] main.INFO: Add of item with id Magento_Reports::report_products_viewed was processed [] []
[2025-02-04T12:20:06.519502+00:00] main.INFO: Add of item with id Magento_Reports::report_products_lowstock was processed [] []
[2025-02-04T12:20:06.519522+00:00] main.INFO: Add of item with id Magento_Reports::report_customers was processed [] []
[2025-02-04T12:20:06.519553+00:00] main.INFO: Add of item with id Magento_Reports::report_customers_accounts was processed [] []
[2025-02-04T12:20:06.519579+00:00] main.INFO: Add of item with id Magento_Reports::report_customers_totals was processed [] []
[2025-02-04T12:20:06.519634+00:00] main.INFO: Add of item with id Magento_Reports::report_customers_orders was processed [] []
[2025-02-04T12:20:06.519655+00:00] main.INFO: Add of item with id Magento_Reports::report_statistics was processed [] []
[2025-02-04T12:20:06.519683+00:00] main.INFO: Add of item with id Magento_Reports::report_statistics_refresh was processed [] []
[2025-02-04T12:20:06.519707+00:00] main.INFO: Add of item with id Magento_Search::report_search_term was processed [] []
[2025-02-04T12:20:06.519730+00:00] main.INFO: Add of item with id Magento_LoginAsCustomerLog::login_log was processed [] []
[2025-02-04T12:20:06.519752+00:00] main.INFO: Add of item with id Magento_Marketplace::partners was processed [] []
[2025-02-04T12:20:06.519774+00:00] main.INFO: Add of item with id Magento_Newsletter::newsletter_template was processed [] []
[2025-02-04T12:20:06.519798+00:00] main.INFO: Add of item with id Magento_Newsletter::newsletter_queue was processed [] []
[2025-02-04T12:20:06.519826+00:00] main.INFO: Add of item with id Magento_Newsletter::newsletter_subscriber was processed [] []
[2025-02-04T12:20:06.519855+00:00] main.INFO: Add of item with id Magento_Newsletter::newsletter_problem was processed [] []
[2025-02-04T12:20:06.519878+00:00] main.INFO: Add of item with id Magento_SalesRule::promo_quote was processed [] []
[2025-02-04T12:20:06.519900+00:00] main.INFO: Add of item with id Magento_Sitemap::catalog_sitemap was processed [] []
[2025-02-04T12:20:06.519921+00:00] main.INFO: Add of item with id Magento_PageBuilder::templates was processed [] []
[2025-02-04T12:20:06.519942+00:00] main.INFO: Add of item with id Magento_Paypal::report_salesroot_paypal_settlement_reports was processed [] []
[2025-02-04T12:20:06.519967+00:00] main.INFO: Add of item with id Magento_Paypal::paypal_billing_agreement was processed [] []
[2025-02-04T12:20:06.519988+00:00] main.INFO: Add of item with id Magento_Review::catalog_reviews_ratings_ratings was processed [] []
[2025-02-04T12:20:06.520018+00:00] main.INFO: Add of item with id Magento_Review::catalog_reviews_ratings_pending was processed [] []
[2025-02-04T12:20:06.520045+00:00] main.INFO: Add of item with id Magento_Review::catalog_reviews_ratings_reviews_all was processed [] []
[2025-02-04T12:20:06.520068+00:00] main.INFO: Add of item with id Magento_Review::report_review was processed [] []
[2025-02-04T12:20:06.520098+00:00] main.INFO: Add of item with id Magento_Review::report_review_customer was processed [] []
[2025-02-04T12:20:06.520121+00:00] main.INFO: Add of item with id Magento_Review::report_review_product was processed [] []
[2025-02-04T12:20:06.520144+00:00] main.INFO: Add of item with id Magento_CheckoutAgreements::sales_checkoutagreement was processed [] []
[2025-02-04T12:20:06.520167+00:00] main.INFO: Add of item with id Magento_TaxImportExport::system_convert_tax was processed [] []
[2025-02-04T12:20:06.520189+00:00] main.INFO: Add of item with id Magento_AsynchronousOperations::system_magento_logging was processed [] []
[2025-02-04T12:20:06.520221+00:00] main.INFO: Add of item with id Magento_AsynchronousOperations::system_magento_logging_bulk_operations was processed [] []
[2025-02-04T12:20:06.520246+00:00] main.INFO: Add of item with id Magento_CurrencySymbol::system_currency was processed [] []
[2025-02-04T12:20:06.520275+00:00] main.INFO: Add of item with id Magento_CurrencySymbol::system_currency_rates was processed [] []
[2025-02-04T12:20:06.520300+00:00] main.INFO: Add of item with id Magento_CurrencySymbol::system_currency_symbols was processed [] []
[2025-02-04T12:20:06.520322+00:00] main.INFO: Add of item with id PayPal_Braintree::settlement_report was processed [] []
[2025-02-04T12:20:06.520345+00:00] main.INFO: Add of item with id PayPal_Braintree::virtual_terminal was processed [] []
[2025-02-04T12:20:08.410394+00:00] main.INFO: Broken reference: the 'header.panel.wrapper' element cannot be added as child to 'header.container', because the latter doesn't exist [] []
[2025-02-04T12:20:08.410878+00:00] main.INFO: Broken reference: the 'header-wrapper' element cannot be added as child to 'header.container', because the latter doesn't exist [] []
[2025-02-04T12:20:08.410921+00:00] main.INFO: Broken reference: the 'navigation.sections' element cannot be added as child to 'page.top', because the latter doesn't exist [] []
[2025-02-04T12:20:08.410959+00:00] main.INFO: Broken reference: the 'top.container' element cannot be added as child to 'page.top', because the latter doesn't exist [] []
[2025-02-04T12:20:08.410985+00:00] main.INFO: Broken reference: the 'breadcrumbs' element cannot be added as child to 'page.top', because the latter doesn't exist [] []
[2025-02-04T12:20:08.411027+00:00] main.INFO: Broken reference: the 'footer' element cannot be added as child to 'footer-container', because the latter doesn't exist [] []
[2025-02-04T12:20:08.411087+00:00] main.INFO: Broken reference: the 'catalog.compare.sidebar' element cannot be added as child to 'sidebar.additional', because the latter doesn't exist [] []
[2025-02-04T12:20:08.411134+00:00] main.INFO: Broken reference: the 'sale.reorder.sidebar' element cannot be added as child to 'sidebar.additional', because the latter doesn't exist [] []
[2025-02-04T12:20:08.411228+00:00] main.INFO: Broken reference: the 'wishlist_sidebar' element cannot be added as child to 'sidebar.additional', because the latter doesn't exist [] []
[2025-02-04T12:20:08.411331+00:00] main.INFO: Broken reference: the 'header.panel.wrapper' tries to reorder itself towards '', but their parents are different: 'header.container' and '' respectively. [] []
[2025-02-04T12:20:08.411368+00:00] main.INFO: Broken reference: the 'navigation.sections' tries to reorder itself towards '', but their parents are different: 'page.top' and '' respectively. [] []
[2025-02-04T12:20:25.363030+00:00] main.INFO: Broken reference: the 'notification.messages' tries to reorder itself towards 'user', but their parents are different: 'header.inner.right' and 'header' respectively. [] []
[2025-02-04T12:20:30.215054+00:00] main.INFO: Broken reference: the 'header.panel.wrapper' element cannot be added as child to 'header.container', because the latter doesn't exist [] []
[2025-02-04T12:20:30.215604+00:00] main.INFO: Broken reference: the 'header-wrapper' element cannot be added as child to 'header.container', because the latter doesn't exist [] []
[2025-02-04T12:20:30.215788+00:00] main.INFO: Broken reference: the 'navigation.sections' element cannot be added as child to 'page.top', because the latter doesn't exist [] []
[2025-02-04T12:20:30.215863+00:00] main.INFO: Broken reference: the 'top.container' element cannot be added as child to 'page.top', because the latter doesn't exist [] []
[2025-02-04T12:20:30.215894+00:00] main.INFO: Broken reference: the 'breadcrumbs' element cannot be added as child to 'page.top', because the latter doesn't exist [] []
[2025-02-04T12:20:30.215937+00:00] main.INFO: Broken reference: the 'footer' element cannot be added as child to 'footer-container', because the latter doesn't exist [] []
[2025-02-04T12:20:30.216005+00:00] main.INFO: Broken reference: the 'catalog.compare.sidebar' element cannot be added as child to 'sidebar.additional', because the latter doesn't exist [] []
[2025-02-04T12:20:30.216045+00:00] main.INFO: Broken reference: the 'sale.reorder.sidebar' element cannot be added as child to 'sidebar.additional', because the latter doesn't exist [] []
[2025-02-04T12:20:30.216130+00:00] main.INFO: Broken reference: the 'wishlist_sidebar' element cannot be added as child to 'sidebar.additional', because the latter doesn't exist [] []
[2025-02-04T12:20:30.216197+00:00] main.INFO: Broken reference: the 'header.panel.wrapper' tries to reorder itself towards '', but their parents are different: 'header.container' and '' respectively. [] []
[2025-02-04T12:20:30.216235+00:00] main.INFO: Broken reference: the 'navigation.sections' tries to reorder itself towards '', but their parents are different: 'page.top' and '' respectively. [] []
[2025-02-04T19:33:45.063462+00:00] main.ERROR: Command "generaate" is not defined.
#0 /var/www/html/vendor/symfony/console/Application.php(259): Symfony\Component\Console\Application->find('generaate')
#1 /var/www/html/vendor/magento/framework/Console/Cli.php(116): Symfony\Component\Console\Application->doRun(Object(Symfony\Component\Console\Input\ArgvInput), Object(Symfony\Component\Console\Output\ConsoleOutput))
#2 /var/www/html/vendor/symfony/console/Application.php(171): Magento\Framework\Console\Cli->doRun(Object(Symfony\Component\Console\Input\ArgvInput), Object(Symfony\Component\Console\Output\ConsoleOutput))
#3 /var/www/html/bin/magento(23): Symfony\Component\Console\Application->run()
#4 {main} [] []
[2025-02-04T19:33:47.538077+00:00] main.ERROR: Command "generate" is not defined.

Did you mean one of these?
    dev:urn-catalog:generate
    setup:db-declaration:generate-patch
    setup:db-declaration:generate-whitelist
    setup:performance:generate-fixtures
    varnish:vcl:generate
#0 /var/www/html/vendor/symfony/console/Application.php(259): Symfony\Component\Console\Application->find('generate')
#1 /var/www/html/vendor/magento/framework/Console/Cli.php(116): Symfony\Component\Console\Application->doRun(Object(Symfony\Component\Console\Input\ArgvInput), Object(Symfony\Component\Console\Output\ConsoleOutput))
#2 /var/www/html/vendor/symfony/console/Application.php(171): Magento\Framework\Console\Cli->doRun(Object(Symfony\Component\Console\Input\ArgvInput), Object(Symfony\Component\Console\Output\ConsoleOutput))
#3 /var/www/html/bin/magento(23): Symfony\Component\Console\Application->run()
#4 {main} [] []
[2025-02-04T19:33:58.352979+00:00] main.ERROR: The "--molule" option does not exist.
#0 /var/www/html/vendor/symfony/console/Input/ArgvInput.php(149): Symfony\Component\Console\Input\ArgvInput->addLongOption('molule', NULL)
#1 /var/www/html/vendor/symfony/console/Input/ArgvInput.php(82): Symfony\Component\Console\Input\ArgvInput->parseLongOption('--molule')
#2 /var/www/html/vendor/symfony/console/Input/ArgvInput.php(71): Symfony\Component\Console\Input\ArgvInput->parseToken('--molule', true)
#3 /var/www/html/vendor/symfony/console/Input/Input.php(55): Symfony\Component\Console\Input\ArgvInput->parse()
#4 /var/www/html/vendor/symfony/console/Command/Command.php(257): Symfony\Component\Console\Input\Input->bind(Object(Symfony\Component\Console\Input\InputDefinition))
#5 /var/www/html/vendor/magento/framework/Interception/Interceptor.php(58): Symfony\Component\Console\Command\Command->run(Object(Symfony\Component\Console\Input\ArgvInput), Object(Symfony\Component\Console\Output\ConsoleOutput))
#6 /var/www/html/vendor/magento/framework/Interception/Interceptor.php(138): Magento\Developer\Console\Command\TablesWhitelistGenerateCommand\Interceptor->___callParent('run', Array)
#7 /var/www/html/vendor/magento/framework/Interception/Interceptor.php(153): Magento\Developer\Console\Command\TablesWhitelistGenerateCommand\Interceptor->Magento\Framework\Interception\{closure}(Object(Symfony\Component\Console\Input\ArgvInput), Object(Symfony\Component\Console\Output\ConsoleOutput))
#8 /var/www/html/generated/code/Magento/Developer/Console/Command/TablesWhitelistGenerateCommand/Interceptor.php(77): Magento\Developer\Console\Command\TablesWhitelistGenerateCommand\Interceptor->___callPlugins('run', Array, Array)
#9 /var/www/html/vendor/symfony/console/Application.php(1040): Magento\Developer\Console\Command\TablesWhitelistGenerateCommand\Interceptor->run(Object(Symfony\Component\Console\Input\ArgvInput), Object(Symfony\Component\Console\Output\ConsoleOutput))
#10 /var/www/html/vendor/symfony/console/Application.php(301): Symfony\Component\Console\Application->doRunCommand(Object(Magento\Developer\Console\Command\TablesWhitelistGenerateCommand\Interceptor), Object(Symfony\Component\Console\Input\ArgvInput), Object(Symfony\Component\Console\Output\ConsoleOutput))
#11 /var/www/html/vendor/magento/framework/Console/Cli.php(116): Symfony\Component\Console\Application->doRun(Object(Symfony\Component\Console\Input\ArgvInput), Object(Symfony\Component\Console\Output\ConsoleOutput))
#12 /var/www/html/vendor/symfony/console/Application.php(171): Magento\Framework\Console\Cli->doRun(Object(Symfony\Component\Console\Input\ArgvInput), Object(Symfony\Component\Console\Output\ConsoleOutput))
#13 /var/www/html/bin/magento(23): Symfony\Component\Console\Application->run()
#14 {main} [] []
[2025-02-04T19:46:04.820970+00:00] main.WARNING: Memory size allocated for the temporary table is more than 20% of innodb_buffer_pool_size. Please update innodb_buffer_pool_size or decrease batch size value (which decreases memory usages for the temporary table). Current batch size: 100000; Allocated memory size: 50000000 bytes; InnoDB buffer pool size: 134217728 bytes. [] []
[2025-02-04T19:46:04.856263+00:00] main.WARNING: Memory size allocated for the temporary table is more than 20% of innodb_buffer_pool_size. Please update innodb_buffer_pool_size or decrease batch size value (which decreases memory usages for the temporary table). Current batch size: 100000; Allocated memory size: 50000000 bytes; InnoDB buffer pool size: 134217728 bytes. [] []
[2025-02-04T19:46:04.980349+00:00] main.WARNING: Memory size allocated for the temporary table is more than 20% of innodb_buffer_pool_size. Please update innodb_buffer_pool_size or decrease batch size value (which decreases memory usages for the temporary table). Current batch size: 100000; Allocated memory size: 50000000 bytes; InnoDB buffer pool size: 134217728 bytes. [] []
[2025-02-04T19:46:05.297867+00:00] main.WARNING: Memory size allocated for the temporary table is more than 20% of innodb_buffer_pool_size. Please update innodb_buffer_pool_size or decrease batch size value (which decreases memory usages for the temporary table). Current batch size: 100000; Allocated memory size: 50000000 bytes; InnoDB buffer pool size: 134217728 bytes. [] []
[2025-02-04T19:46:05.342067+00:00] main.WARNING: Memory size allocated for the temporary table is more than 20% of innodb_buffer_pool_size. Please update innodb_buffer_pool_size or decrease batch size value (which decreases memory usages for the temporary table). Current batch size: 100000; Allocated memory size: 50000000 bytes; InnoDB buffer pool size: 134217728 bytes. [] []
[2025-02-04T19:46:05.481233+00:00] main.WARNING: Memory size allocated for the temporary table is more than 20% of innodb_buffer_pool_size. Please update innodb_buffer_pool_size or decrease batch size value (which decreases memory usages for the temporary table). Current batch size: 100000; Allocated memory size: 50000000 bytes; InnoDB buffer pool size: 134217728 bytes. [] []
[2025-02-04T19:46:09.008427+00:00] main.WARNING: Memory size allocated for the temporary table is more than 20% of innodb_buffer_pool_size. Please update innodb_buffer_pool_size or decrease batch size value (which decreases memory usages for the temporary table). Current batch size: 3334; Allocated memory size: 40008000 bytes; InnoDB buffer pool size: 134217728 bytes. [] []
[2025-02-04T19:47:58.552846+00:00] main.INFO: Broken reference: the 'catalog.compare.sidebar' element cannot be added as child to 'sidebar.additional', because the latter doesn't exist [] []
[2025-02-04T19:47:58.553178+00:00] main.INFO: Broken reference: the 'sale.reorder.sidebar' element cannot be added as child to 'sidebar.additional', because the latter doesn't exist [] []
[2025-02-04T19:47:58.553254+00:00] main.INFO: Broken reference: the 'wishlist_sidebar' element cannot be added as child to 'sidebar.additional', because the latter doesn't exist [] []
[2025-02-04T19:47:58.553398+00:00] main.INFO: Broken reference: the 'checkout.cart.item.renderers.gift-card.actions.gift_options' element cannot be added as child to 'checkout.cart.item.renderers.gift-card.actions', because the latter doesn't exist [] []
[2025-02-04T19:47:58.553561+00:00] main.INFO: Broken reference: the 'checkout.cart.item.renderers.gift-card.actions.gift_options' tries to reorder itself towards '', but their parents are different: 'checkout.cart.item.renderers.gift-card.actions' and '' respectively. [] []
[2025-02-04T19:48:14.102639+00:00] main.INFO: Broken reference: the 'header.panel.wrapper' element cannot be added as child to 'header.container', because the latter doesn't exist [] []
[2025-02-04T19:48:14.103310+00:00] main.INFO: Broken reference: the 'header-wrapper' element cannot be added as child to 'header.container', because the latter doesn't exist [] []
[2025-02-04T19:48:14.103391+00:00] main.INFO: Broken reference: the 'navigation.sections' element cannot be added as child to 'page.top', because the latter doesn't exist [] []
[2025-02-04T19:48:14.103470+00:00] main.INFO: Broken reference: the 'top.container' element cannot be added as child to 'page.top', because the latter doesn't exist [] []
[2025-02-04T19:48:14.103527+00:00] main.INFO: Broken reference: the 'breadcrumbs' element cannot be added as child to 'page.top', because the latter doesn't exist [] []
[2025-02-04T19:48:14.103612+00:00] main.INFO: Broken reference: the 'footer' element cannot be added as child to 'footer-container', because the latter doesn't exist [] []
[2025-02-04T19:48:14.103727+00:00] main.INFO: Broken reference: the 'catalog.compare.sidebar' element cannot be added as child to 'sidebar.additional', because the latter doesn't exist [] []
[2025-02-04T19:48:14.103808+00:00] main.INFO: Broken reference: the 'sale.reorder.sidebar' element cannot be added as child to 'sidebar.additional', because the latter doesn't exist [] []
[2025-02-04T19:48:14.103936+00:00] main.INFO: Broken reference: the 'wishlist_sidebar' element cannot be added as child to 'sidebar.additional', because the latter doesn't exist [] []
[2025-02-04T19:48:14.104039+00:00] main.INFO: Broken reference: the 'header.panel.wrapper' tries to reorder itself towards '', but their parents are different: 'header.container' and '' respectively. [] []
[2025-02-04T19:48:14.104106+00:00] main.INFO: Broken reference: the 'navigation.sections' tries to reorder itself towards '', but their parents are different: 'page.top' and '' respectively. [] []
[2025-02-04T19:48:14.167618+00:00] main.ERROR: Plugin class BSS\Deliverydate\Plugin\Checkout\LayoutProcessorPlugin doesn't exist [] []
[2025-02-04T19:48:39.120953+00:00] main.WARNING: Memory size allocated for the temporary table is more than 20% of innodb_buffer_pool_size. Please update innodb_buffer_pool_size or decrease batch size value (which decreases memory usages for the temporary table). Current batch size: 100000; Allocated memory size: 50000000 bytes; InnoDB buffer pool size: 134217728 bytes. [] []
[2025-02-04T19:48:39.150997+00:00] main.WARNING: Memory size allocated for the temporary table is more than 20% of innodb_buffer_pool_size. Please update innodb_buffer_pool_size or decrease batch size value (which decreases memory usages for the temporary table). Current batch size: 100000; Allocated memory size: 50000000 bytes; InnoDB buffer pool size: 134217728 bytes. [] []
[2025-02-04T19:48:39.276218+00:00] main.WARNING: Memory size allocated for the temporary table is more than 20% of innodb_buffer_pool_size. Please update innodb_buffer_pool_size or decrease batch size value (which decreases memory usages for the temporary table). Current batch size: 100000; Allocated memory size: 50000000 bytes; InnoDB buffer pool size: 134217728 bytes. [] []
[2025-02-04T19:48:39.579721+00:00] main.WARNING: Memory size allocated for the temporary table is more than 20% of innodb_buffer_pool_size. Please update innodb_buffer_pool_size or decrease batch size value (which decreases memory usages for the temporary table). Current batch size: 100000; Allocated memory size: 50000000 bytes; InnoDB buffer pool size: 134217728 bytes. [] []
[2025-02-04T19:48:39.620756+00:00] main.WARNING: Memory size allocated for the temporary table is more than 20% of innodb_buffer_pool_size. Please update innodb_buffer_pool_size or decrease batch size value (which decreases memory usages for the temporary table). Current batch size: 100000; Allocated memory size: 50000000 bytes; InnoDB buffer pool size: 134217728 bytes. [] []
[2025-02-04T19:48:39.753703+00:00] main.WARNING: Memory size allocated for the temporary table is more than 20% of innodb_buffer_pool_size. Please update innodb_buffer_pool_size or decrease batch size value (which decreases memory usages for the temporary table). Current batch size: 100000; Allocated memory size: 50000000 bytes; InnoDB buffer pool size: 134217728 bytes. [] []
[2025-02-04T19:48:43.413829+00:00] main.WARNING: Memory size allocated for the temporary table is more than 20% of innodb_buffer_pool_size. Please update innodb_buffer_pool_size or decrease batch size value (which decreases memory usages for the temporary table). Current batch size: 3334; Allocated memory size: 40008000 bytes; InnoDB buffer pool size: 134217728 bytes. [] []
[2025-02-04T19:48:47.633723+00:00] main.INFO: Broken reference: the 'header.panel.wrapper' element cannot be added as child to 'header.container', because the latter doesn't exist [] []
[2025-02-04T19:48:47.634101+00:00] main.INFO: Broken reference: the 'header-wrapper' element cannot be added as child to 'header.container', because the latter doesn't exist [] []
[2025-02-04T19:48:47.634143+00:00] main.INFO: Broken reference: the 'navigation.sections' element cannot be added as child to 'page.top', because the latter doesn't exist [] []
[2025-02-04T19:48:47.634178+00:00] main.INFO: Broken reference: the 'top.container' element cannot be added as child to 'page.top', because the latter doesn't exist [] []
[2025-02-04T19:48:47.634200+00:00] main.INFO: Broken reference: the 'breadcrumbs' element cannot be added as child to 'page.top', because the latter doesn't exist [] []
[2025-02-04T19:48:47.634237+00:00] main.INFO: Broken reference: the 'footer' element cannot be added as child to 'footer-container', because the latter doesn't exist [] []
[2025-02-04T19:48:47.634284+00:00] main.INFO: Broken reference: the 'catalog.compare.sidebar' element cannot be added as child to 'sidebar.additional', because the latter doesn't exist [] []
[2025-02-04T19:48:47.634316+00:00] main.INFO: Broken reference: the 'sale.reorder.sidebar' element cannot be added as child to 'sidebar.additional', because the latter doesn't exist [] []
[2025-02-04T19:48:47.634387+00:00] main.INFO: Broken reference: the 'wishlist_sidebar' element cannot be added as child to 'sidebar.additional', because the latter doesn't exist [] []
[2025-02-04T19:48:47.634440+00:00] main.INFO: Broken reference: the 'header.panel.wrapper' tries to reorder itself towards '', but their parents are different: 'header.container' and '' respectively. [] []
[2025-02-04T19:48:47.634472+00:00] main.INFO: Broken reference: the 'navigation.sections' tries to reorder itself towards '', but their parents are different: 'page.top' and '' respectively. [] []
[2025-02-04T19:53:09.180688+00:00] main.WARNING: Memory size allocated for the temporary table is more than 20% of innodb_buffer_pool_size. Please update innodb_buffer_pool_size or decrease batch size value (which decreases memory usages for the temporary table). Current batch size: 100000; Allocated memory size: 50000000 bytes; InnoDB buffer pool size: 134217728 bytes. [] []
[2025-02-04T19:53:09.215647+00:00] main.WARNING: Memory size allocated for the temporary table is more than 20% of innodb_buffer_pool_size. Please update innodb_buffer_pool_size or decrease batch size value (which decreases memory usages for the temporary table). Current batch size: 100000; Allocated memory size: 50000000 bytes; InnoDB buffer pool size: 134217728 bytes. [] []
[2025-02-04T19:53:09.339166+00:00] main.WARNING: Memory size allocated for the temporary table is more than 20% of innodb_buffer_pool_size. Please update innodb_buffer_pool_size or decrease batch size value (which decreases memory usages for the temporary table). Current batch size: 100000; Allocated memory size: 50000000 bytes; InnoDB buffer pool size: 134217728 bytes. [] []
[2025-02-04T19:53:09.641185+00:00] main.WARNING: Memory size allocated for the temporary table is more than 20% of innodb_buffer_pool_size. Please update innodb_buffer_pool_size or decrease batch size value (which decreases memory usages for the temporary table). Current batch size: 100000; Allocated memory size: 50000000 bytes; InnoDB buffer pool size: 134217728 bytes. [] []
[2025-02-04T19:53:09.679579+00:00] main.WARNING: Memory size allocated for the temporary table is more than 20% of innodb_buffer_pool_size. Please update innodb_buffer_pool_size or decrease batch size value (which decreases memory usages for the temporary table). Current batch size: 100000; Allocated memory size: 50000000 bytes; InnoDB buffer pool size: 134217728 bytes. [] []
[2025-02-04T19:53:09.803476+00:00] main.WARNING: Memory size allocated for the temporary table is more than 20% of innodb_buffer_pool_size. Please update innodb_buffer_pool_size or decrease batch size value (which decreases memory usages for the temporary table). Current batch size: 100000; Allocated memory size: 50000000 bytes; InnoDB buffer pool size: 134217728 bytes. [] []
[2025-02-04T19:53:13.205009+00:00] main.WARNING: Memory size allocated for the temporary table is more than 20% of innodb_buffer_pool_size. Please update innodb_buffer_pool_size or decrease batch size value (which decreases memory usages for the temporary table). Current batch size: 3334; Allocated memory size: 40008000 bytes; InnoDB buffer pool size: 134217728 bytes. [] []
[2025-02-04T19:53:16.226198+00:00] main.INFO: Broken reference: the 'header.panel.wrapper' element cannot be added as child to 'header.container', because the latter doesn't exist [] []
[2025-02-04T19:53:16.226554+00:00] main.INFO: Broken reference: the 'header-wrapper' element cannot be added as child to 'header.container', because the latter doesn't exist [] []
[2025-02-04T19:53:16.226590+00:00] main.INFO: Broken reference: the 'navigation.sections' element cannot be added as child to 'page.top', because the latter doesn't exist [] []
[2025-02-04T19:53:16.226626+00:00] main.INFO: Broken reference: the 'top.container' element cannot be added as child to 'page.top', because the latter doesn't exist [] []
[2025-02-04T19:53:16.226649+00:00] main.INFO: Broken reference: the 'breadcrumbs' element cannot be added as child to 'page.top', because the latter doesn't exist [] []
[2025-02-04T19:53:16.226689+00:00] main.INFO: Broken reference: the 'footer' element cannot be added as child to 'footer-container', because the latter doesn't exist [] []
[2025-02-04T19:53:16.226745+00:00] main.INFO: Broken reference: the 'catalog.compare.sidebar' element cannot be added as child to 'sidebar.additional', because the latter doesn't exist [] []
[2025-02-04T19:53:16.226812+00:00] main.INFO: Broken reference: the 'sale.reorder.sidebar' element cannot be added as child to 'sidebar.additional', because the latter doesn't exist [] []
[2025-02-04T19:53:16.226890+00:00] main.INFO: Broken reference: the 'wishlist_sidebar' element cannot be added as child to 'sidebar.additional', because the latter doesn't exist [] []
[2025-02-04T19:53:16.226948+00:00] main.INFO: Broken reference: the 'header.panel.wrapper' tries to reorder itself towards '', but their parents are different: 'header.container' and '' respectively. [] []
[2025-02-04T19:53:16.226983+00:00] main.INFO: Broken reference: the 'navigation.sections' tries to reorder itself towards '', but their parents are different: 'page.top' and '' respectively. [] []
[2025-02-04T19:53:32.003871+00:00] main.INFO: Broken reference: the 'header.panel.wrapper' element cannot be added as child to 'header.container', because the latter doesn't exist [] []
[2025-02-04T19:53:32.004219+00:00] main.INFO: Broken reference: the 'header-wrapper' element cannot be added as child to 'header.container', because the latter doesn't exist [] []
[2025-02-04T19:53:32.004254+00:00] main.INFO: Broken reference: the 'navigation.sections' element cannot be added as child to 'page.top', because the latter doesn't exist [] []
[2025-02-04T19:53:32.004286+00:00] main.INFO: Broken reference: the 'top.container' element cannot be added as child to 'page.top', because the latter doesn't exist [] []
[2025-02-04T19:53:32.004309+00:00] main.INFO: Broken reference: the 'breadcrumbs' element cannot be added as child to 'page.top', because the latter doesn't exist [] []
[2025-02-04T19:53:32.004344+00:00] main.INFO: Broken reference: the 'footer' element cannot be added as child to 'footer-container', because the latter doesn't exist [] []
[2025-02-04T19:53:32.004392+00:00] main.INFO: Broken reference: the 'catalog.compare.sidebar' element cannot be added as child to 'sidebar.additional', because the latter doesn't exist [] []
[2025-02-04T19:53:32.004424+00:00] main.INFO: Broken reference: the 'sale.reorder.sidebar' element cannot be added as child to 'sidebar.additional', because the latter doesn't exist [] []
[2025-02-04T19:53:32.004486+00:00] main.INFO: Broken reference: the 'wishlist_sidebar' element cannot be added as child to 'sidebar.additional', because the latter doesn't exist [] []
[2025-02-04T19:53:32.004538+00:00] main.INFO: Broken reference: the 'header.panel.wrapper' tries to reorder itself towards '', but their parents are different: 'header.container' and '' respectively. [] []
[2025-02-04T19:53:32.004577+00:00] main.INFO: Broken reference: the 'navigation.sections' tries to reorder itself towards '', but their parents are different: 'page.top' and '' respectively. [] []
[2025-02-04T19:53:45.924745+00:00] main.ERROR: Unable to resolve the source file for 'frontend/Magento/luma/en_US/moment.min.js.map' [] []
[2025-02-04T19:53:45.925112+00:00] main.CRITICAL: Unable to resolve the source file for 'frontend/Magento/luma/en_US/moment.min.js.map' [] []
[2025-02-04T19:54:05.187121+00:00] main.INFO: Broken reference: the 'header.panel.wrapper' element cannot be added as child to 'header.container', because the latter doesn't exist [] []
[2025-02-04T19:54:05.187465+00:00] main.INFO: Broken reference: the 'header-wrapper' element cannot be added as child to 'header.container', because the latter doesn't exist [] []
[2025-02-04T19:54:05.187502+00:00] main.INFO: Broken reference: the 'navigation.sections' element cannot be added as child to 'page.top', because the latter doesn't exist [] []
[2025-02-04T19:54:05.187535+00:00] main.INFO: Broken reference: the 'top.container' element cannot be added as child to 'page.top', because the latter doesn't exist [] []
[2025-02-04T19:54:05.187562+00:00] main.INFO: Broken reference: the 'breadcrumbs' element cannot be added as child to 'page.top', because the latter doesn't exist [] []
[2025-02-04T19:54:05.187597+00:00] main.INFO: Broken reference: the 'footer' element cannot be added as child to 'footer-container', because the latter doesn't exist [] []
[2025-02-04T19:54:05.187644+00:00] main.INFO: Broken reference: the 'catalog.compare.sidebar' element cannot be added as child to 'sidebar.additional', because the latter doesn't exist [] []
[2025-02-04T19:54:05.187675+00:00] main.INFO: Broken reference: the 'sale.reorder.sidebar' element cannot be added as child to 'sidebar.additional', because the latter doesn't exist [] []
[2025-02-04T19:54:05.187736+00:00] main.INFO: Broken reference: the 'wishlist_sidebar' element cannot be added as child to 'sidebar.additional', because the latter doesn't exist [] []
[2025-02-04T19:54:05.187797+00:00] main.INFO: Broken reference: the 'header.panel.wrapper' tries to reorder itself towards '', but their parents are different: 'header.container' and '' respectively. [] []
[2025-02-04T19:54:05.187831+00:00] main.INFO: Broken reference: the 'navigation.sections' tries to reorder itself towards '', but their parents are different: 'page.top' and '' respectively. [] []
[2025-02-04T19:54:05.508658+00:00] main.ERROR: Unable to resolve the source file for 'frontend/Magento/luma/en_US/moment.min.js.map' [] []
[2025-02-04T19:54:05.508993+00:00] main.CRITICAL: Unable to resolve the source file for 'frontend/Magento/luma/en_US/moment.min.js.map' [] []
[2025-02-04T19:56:36.211269+00:00] main.INFO: Broken reference: the 'header.panel.wrapper' element cannot be added as child to 'header.container', because the latter doesn't exist [] []
[2025-02-04T19:56:36.211604+00:00] main.INFO: Broken reference: the 'header-wrapper' element cannot be added as child to 'header.container', because the latter doesn't exist [] []
[2025-02-04T19:56:36.211641+00:00] main.INFO: Broken reference: the 'navigation.sections' element cannot be added as child to 'page.top', because the latter doesn't exist [] []
[2025-02-04T19:56:36.211674+00:00] main.INFO: Broken reference: the 'top.container' element cannot be added as child to 'page.top', because the latter doesn't exist [] []
[2025-02-04T19:56:36.211697+00:00] main.INFO: Broken reference: the 'breadcrumbs' element cannot be added as child to 'page.top', because the latter doesn't exist [] []
[2025-02-04T19:56:36.211732+00:00] main.INFO: Broken reference: the 'footer' element cannot be added as child to 'footer-container', because the latter doesn't exist [] []
[2025-02-04T19:56:36.211811+00:00] main.INFO: Broken reference: the 'catalog.compare.sidebar' element cannot be added as child to 'sidebar.additional', because the latter doesn't exist [] []
[2025-02-04T19:56:36.211846+00:00] main.INFO: Broken reference: the 'sale.reorder.sidebar' element cannot be added as child to 'sidebar.additional', because the latter doesn't exist [] []
[2025-02-04T19:56:36.211916+00:00] main.INFO: Broken reference: the 'wishlist_sidebar' element cannot be added as child to 'sidebar.additional', because the latter doesn't exist [] []
[2025-02-04T19:56:36.211971+00:00] main.INFO: Broken reference: the 'header.panel.wrapper' tries to reorder itself towards '', but their parents are different: 'header.container' and '' respectively. [] []
[2025-02-04T19:56:36.212002+00:00] main.INFO: Broken reference: the 'navigation.sections' tries to reorder itself towards '', but their parents are different: 'page.top' and '' respectively. [] []
[2025-02-04T19:56:36.593403+00:00] main.ERROR: Unable to resolve the source file for 'frontend/Magento/luma/en_US/moment.min.js.map' [] []
[2025-02-04T19:56:36.593808+00:00] main.CRITICAL: Unable to resolve the source file for 'frontend/Magento/luma/en_US/moment.min.js.map' [] []
[2025-02-04T19:56:55.918463+00:00] main.ERROR: Unable to resolve the source file for 'frontend/Magento/luma/en_US/moment.min.js.map' [] []
[2025-02-04T19:56:55.918844+00:00] main.CRITICAL: Unable to resolve the source file for 'frontend/Magento/luma/en_US/moment.min.js.map' [] []
[2025-02-04T19:57:22.267813+00:00] main.INFO: Broken reference: the 'header.panel.wrapper' element cannot be added as child to 'header.container', because the latter doesn't exist [] []
[2025-02-04T19:57:22.268171+00:00] main.INFO: Broken reference: the 'header-wrapper' element cannot be added as child to 'header.container', because the latter doesn't exist [] []
[2025-02-04T19:57:22.268207+00:00] main.INFO: Broken reference: the 'navigation.sections' element cannot be added as child to 'page.top', because the latter doesn't exist [] []
[2025-02-04T19:57:22.268241+00:00] main.INFO: Broken reference: the 'top.container' element cannot be added as child to 'page.top', because the latter doesn't exist [] []
[2025-02-04T19:57:22.268263+00:00] main.INFO: Broken reference: the 'breadcrumbs' element cannot be added as child to 'page.top', because the latter doesn't exist [] []
[2025-02-04T19:57:22.268299+00:00] main.INFO: Broken reference: the 'footer' element cannot be added as child to 'footer-container', because the latter doesn't exist [] []
[2025-02-04T19:57:22.268345+00:00] main.INFO: Broken reference: the 'catalog.compare.sidebar' element cannot be added as child to 'sidebar.additional', because the latter doesn't exist [] []
[2025-02-04T19:57:22.268377+00:00] main.INFO: Broken reference: the 'sale.reorder.sidebar' element cannot be added as child to 'sidebar.additional', because the latter doesn't exist [] []
[2025-02-04T19:57:22.268441+00:00] main.INFO: Broken reference: the 'wishlist_sidebar' element cannot be added as child to 'sidebar.additional', because the latter doesn't exist [] []
[2025-02-04T19:57:22.268492+00:00] main.INFO: Broken reference: the 'header.panel.wrapper' tries to reorder itself towards '', but their parents are different: 'header.container' and '' respectively. [] []
[2025-02-04T19:57:22.268524+00:00] main.INFO: Broken reference: the 'navigation.sections' tries to reorder itself towards '', but their parents are different: 'page.top' and '' respectively. [] []
[2025-02-04T19:57:22.635253+00:00] main.ERROR: Unable to resolve the source file for 'frontend/Magento/luma/en_US/moment.min.js.map' [] []
[2025-02-04T19:57:22.635578+00:00] main.CRITICAL: Unable to resolve the source file for 'frontend/Magento/luma/en_US/moment.min.js.map' [] []
[2025-02-04T19:57:51.598667+00:00] main.INFO: Broken reference: the 'header.panel.wrapper' element cannot be added as child to 'header.container', because the latter doesn't exist [] []
[2025-02-04T19:57:51.599059+00:00] main.INFO: Broken reference: the 'header-wrapper' element cannot be added as child to 'header.container', because the latter doesn't exist [] []
[2025-02-04T19:57:51.599095+00:00] main.INFO: Broken reference: the 'navigation.sections' element cannot be added as child to 'page.top', because the latter doesn't exist [] []
[2025-02-04T19:57:51.599132+00:00] main.INFO: Broken reference: the 'top.container' element cannot be added as child to 'page.top', because the latter doesn't exist [] []
[2025-02-04T19:57:51.599154+00:00] main.INFO: Broken reference: the 'breadcrumbs' element cannot be added as child to 'page.top', because the latter doesn't exist [] []
[2025-02-04T19:57:51.599190+00:00] main.INFO: Broken reference: the 'footer' element cannot be added as child to 'footer-container', because the latter doesn't exist [] []
[2025-02-04T19:57:51.599236+00:00] main.INFO: Broken reference: the 'catalog.compare.sidebar' element cannot be added as child to 'sidebar.additional', because the latter doesn't exist [] []
[2025-02-04T19:57:51.599269+00:00] main.INFO: Broken reference: the 'sale.reorder.sidebar' element cannot be added as child to 'sidebar.additional', because the latter doesn't exist [] []
[2025-02-04T19:57:51.599328+00:00] main.INFO: Broken reference: the 'wishlist_sidebar' element cannot be added as child to 'sidebar.additional', because the latter doesn't exist [] []
[2025-02-04T19:57:51.599378+00:00] main.INFO: Broken reference: the 'header.panel.wrapper' tries to reorder itself towards '', but their parents are different: 'header.container' and '' respectively. [] []
[2025-02-04T19:57:51.599411+00:00] main.INFO: Broken reference: the 'navigation.sections' tries to reorder itself towards '', but their parents are different: 'page.top' and '' respectively. [] []
[2025-02-04T19:57:52.051717+00:00] main.ERROR: Unable to resolve the source file for 'frontend/Magento/luma/en_US/moment.min.js.map' [] []
[2025-02-04T19:57:52.052096+00:00] main.CRITICAL: Unable to resolve the source file for 'frontend/Magento/luma/en_US/moment.min.js.map' [] []
[2025-02-04T19:57:52.880362+00:00] main.ERROR: Unable to resolve the source file for 'frontend/Magento/luma/en_US/Magento_Ui/templates/form/text.html' [] []
[2025-02-04T19:57:52.880687+00:00] main.CRITICAL: Unable to resolve the source file for 'frontend/Magento/luma/en_US/Magento_Ui/templates/form/text.html' [] []
[2025-02-04T19:58:04.226271+00:00] main.INFO: Broken reference: the 'header.panel.wrapper' element cannot be added as child to 'header.container', because the latter doesn't exist [] []
[2025-02-04T19:58:04.226643+00:00] main.INFO: Broken reference: the 'header-wrapper' element cannot be added as child to 'header.container', because the latter doesn't exist [] []
[2025-02-04T19:58:04.226680+00:00] main.INFO: Broken reference: the 'navigation.sections' element cannot be added as child to 'page.top', because the latter doesn't exist [] []
[2025-02-04T19:58:04.226713+00:00] main.INFO: Broken reference: the 'top.container' element cannot be added as child to 'page.top', because the latter doesn't exist [] []
[2025-02-04T19:58:04.226737+00:00] main.INFO: Broken reference: the 'breadcrumbs' element cannot be added as child to 'page.top', because the latter doesn't exist [] []
[2025-02-04T19:58:04.226834+00:00] main.INFO: Broken reference: the 'footer' element cannot be added as child to 'footer-container', because the latter doesn't exist [] []
[2025-02-04T19:58:04.226893+00:00] main.INFO: Broken reference: the 'catalog.compare.sidebar' element cannot be added as child to 'sidebar.additional', because the latter doesn't exist [] []
[2025-02-04T19:58:04.226930+00:00] main.INFO: Broken reference: the 'sale.reorder.sidebar' element cannot be added as child to 'sidebar.additional', because the latter doesn't exist [] []
[2025-02-04T19:58:04.227004+00:00] main.INFO: Broken reference: the 'wishlist_sidebar' element cannot be added as child to 'sidebar.additional', because the latter doesn't exist [] []
[2025-02-04T19:58:04.227058+00:00] main.INFO: Broken reference: the 'header.panel.wrapper' tries to reorder itself towards '', but their parents are different: 'header.container' and '' respectively. [] []
[2025-02-04T19:58:04.227093+00:00] main.INFO: Broken reference: the 'navigation.sections' tries to reorder itself towards '', but their parents are different: 'page.top' and '' respectively. [] []
[2025-02-04T19:58:04.539397+00:00] main.ERROR: Unable to resolve the source file for 'frontend/Magento/luma/en_US/moment.min.js.map' [] []
[2025-02-04T19:58:04.539837+00:00] main.CRITICAL: Unable to resolve the source file for 'frontend/Magento/luma/en_US/moment.min.js.map' [] []
[2025-02-04T19:58:05.245119+00:00] main.ERROR: Unable to resolve the source file for 'frontend/Magento/luma/en_US/Magento_Ui/templates/form/text.html' [] []
[2025-02-04T19:58:05.245474+00:00] main.CRITICAL: Unable to resolve the source file for 'frontend/Magento/luma/en_US/Magento_Ui/templates/form/text.html' [] []
[2025-02-04T19:58:30.731132+00:00] main.INFO: Broken reference: the 'header.panel.wrapper' element cannot be added as child to 'header.container', because the latter doesn't exist [] []
[2025-02-04T19:58:30.731600+00:00] main.INFO: Broken reference: the 'header-wrapper' element cannot be added as child to 'header.container', because the latter doesn't exist [] []
[2025-02-04T19:58:30.731640+00:00] main.INFO: Broken reference: the 'navigation.sections' element cannot be added as child to 'page.top', because the latter doesn't exist [] []
[2025-02-04T19:58:30.731675+00:00] main.INFO: Broken reference: the 'top.container' element cannot be added as child to 'page.top', because the latter doesn't exist [] []
[2025-02-04T19:58:30.731700+00:00] main.INFO: Broken reference: the 'breadcrumbs' element cannot be added as child to 'page.top', because the latter doesn't exist [] []
[2025-02-04T19:58:30.731750+00:00] main.INFO: Broken reference: the 'footer' element cannot be added as child to 'footer-container', because the latter doesn't exist [] []
[2025-02-04T19:58:30.731814+00:00] main.INFO: Broken reference: the 'catalog.compare.sidebar' element cannot be added as child to 'sidebar.additional', because the latter doesn't exist [] []
[2025-02-04T19:58:30.731854+00:00] main.INFO: Broken reference: the 'sale.reorder.sidebar' element cannot be added as child to 'sidebar.additional', because the latter doesn't exist [] []
[2025-02-04T19:58:30.731932+00:00] main.INFO: Broken reference: the 'wishlist_sidebar' element cannot be added as child to 'sidebar.additional', because the latter doesn't exist [] []
[2025-02-04T19:58:30.731991+00:00] main.INFO: Broken reference: the 'header.panel.wrapper' tries to reorder itself towards '', but their parents are different: 'header.container' and '' respectively. [] []
[2025-02-04T19:58:30.732025+00:00] main.INFO: Broken reference: the 'navigation.sections' tries to reorder itself towards '', but their parents are different: 'page.top' and '' respectively. [] []
[2025-02-04T19:58:31.067940+00:00] main.ERROR: Unable to resolve the source file for 'frontend/Magento/luma/en_US/moment.min.js.map' [] []
[2025-02-04T19:58:31.068584+00:00] main.CRITICAL: Unable to resolve the source file for 'frontend/Magento/luma/en_US/moment.min.js.map' [] []
[2025-02-04T19:58:45.564731+00:00] main.INFO: Broken reference: the 'header.panel.wrapper' element cannot be added as child to 'header.container', because the latter doesn't exist [] []
[2025-02-04T19:58:45.565129+00:00] main.INFO: Broken reference: the 'header-wrapper' element cannot be added as child to 'header.container', because the latter doesn't exist [] []
[2025-02-04T19:58:45.565167+00:00] main.INFO: Broken reference: the 'navigation.sections' element cannot be added as child to 'page.top', because the latter doesn't exist [] []
[2025-02-04T19:58:45.565203+00:00] main.INFO: Broken reference: the 'top.container' element cannot be added as child to 'page.top', because the latter doesn't exist [] []
[2025-02-04T19:58:45.565228+00:00] main.INFO: Broken reference: the 'breadcrumbs' element cannot be added as child to 'page.top', because the latter doesn't exist [] []
[2025-02-04T19:58:45.565266+00:00] main.INFO: Broken reference: the 'footer' element cannot be added as child to 'footer-container', because the latter doesn't exist [] []
[2025-02-04T19:58:45.565319+00:00] main.INFO: Broken reference: the 'catalog.compare.sidebar' element cannot be added as child to 'sidebar.additional', because the latter doesn't exist [] []
[2025-02-04T19:58:45.565358+00:00] main.INFO: Broken reference: the 'sale.reorder.sidebar' element cannot be added as child to 'sidebar.additional', because the latter doesn't exist [] []
[2025-02-04T19:58:45.565423+00:00] main.INFO: Broken reference: the 'wishlist_sidebar' element cannot be added as child to 'sidebar.additional', because the latter doesn't exist [] []
[2025-02-04T19:58:45.565477+00:00] main.INFO: Broken reference: the 'header.panel.wrapper' tries to reorder itself towards '', but their parents are different: 'header.container' and '' respectively. [] []
[2025-02-04T19:58:45.565514+00:00] main.INFO: Broken reference: the 'navigation.sections' tries to reorder itself towards '', but their parents are different: 'page.top' and '' respectively. [] []
[2025-02-04T19:58:45.872052+00:00] main.ERROR: Unable to resolve the source file for 'frontend/Magento/luma/en_US/moment.min.js.map' [] []
[2025-02-04T19:58:45.872358+00:00] main.CRITICAL: Unable to resolve the source file for 'frontend/Magento/luma/en_US/moment.min.js.map' [] []
[2025-02-04T19:58:46.467166+00:00] main.ERROR: Unable to resolve the source file for 'frontend/Magento/luma/en_US/Magento_Ui/templates/form/element/field.html' [] []
[2025-02-04T19:58:46.467475+00:00] main.CRITICAL: Unable to resolve the source file for 'frontend/Magento/luma/en_US/Magento_Ui/templates/form/element/field.html' [] []
[2025-02-04T19:59:04.810578+00:00] main.INFO: Broken reference: the 'header.panel.wrapper' element cannot be added as child to 'header.container', because the latter doesn't exist [] []
[2025-02-04T19:59:04.810939+00:00] main.INFO: Broken reference: the 'header-wrapper' element cannot be added as child to 'header.container', because the latter doesn't exist [] []
[2025-02-04T19:59:04.810976+00:00] main.INFO: Broken reference: the 'navigation.sections' element cannot be added as child to 'page.top', because the latter doesn't exist [] []
[2025-02-04T19:59:04.811011+00:00] main.INFO: Broken reference: the 'top.container' element cannot be added as child to 'page.top', because the latter doesn't exist [] []
[2025-02-04T19:59:04.811035+00:00] main.INFO: Broken reference: the 'breadcrumbs' element cannot be added as child to 'page.top', because the latter doesn't exist [] []
[2025-02-04T19:59:04.811074+00:00] main.INFO: Broken reference: the 'footer' element cannot be added as child to 'footer-container', because the latter doesn't exist [] []
[2025-02-04T19:59:04.811122+00:00] main.INFO: Broken reference: the 'catalog.compare.sidebar' element cannot be added as child to 'sidebar.additional', because the latter doesn't exist [] []
[2025-02-04T19:59:04.811153+00:00] main.INFO: Broken reference: the 'sale.reorder.sidebar' element cannot be added as child to 'sidebar.additional', because the latter doesn't exist [] []
[2025-02-04T19:59:04.811220+00:00] main.INFO: Broken reference: the 'wishlist_sidebar' element cannot be added as child to 'sidebar.additional', because the latter doesn't exist [] []
[2025-02-04T19:59:04.811273+00:00] main.INFO: Broken reference: the 'header.panel.wrapper' tries to reorder itself towards '', but their parents are different: 'header.container' and '' respectively. [] []
[2025-02-04T19:59:04.811308+00:00] main.INFO: Broken reference: the 'navigation.sections' tries to reorder itself towards '', but their parents are different: 'page.top' and '' respectively. [] []
[2025-02-04T19:59:05.133765+00:00] main.ERROR: Unable to resolve the source file for 'frontend/Magento/luma/en_US/moment.min.js.map' [] []
[2025-02-04T19:59:05.134096+00:00] main.CRITICAL: Unable to resolve the source file for 'frontend/Magento/luma/en_US/moment.min.js.map' [] []
[2025-02-04T20:01:27.849363+00:00] main.INFO: Broken reference: the 'header.panel.wrapper' element cannot be added as child to 'header.container', because the latter doesn't exist [] []
[2025-02-04T20:01:27.849739+00:00] main.INFO: Broken reference: the 'header-wrapper' element cannot be added as child to 'header.container', because the latter doesn't exist [] []
[2025-02-04T20:01:27.849790+00:00] main.INFO: Broken reference: the 'navigation.sections' element cannot be added as child to 'page.top', because the latter doesn't exist [] []
[2025-02-04T20:01:27.849824+00:00] main.INFO: Broken reference: the 'top.container' element cannot be added as child to 'page.top', because the latter doesn't exist [] []
[2025-02-04T20:01:27.849848+00:00] main.INFO: Broken reference: the 'breadcrumbs' element cannot be added as child to 'page.top', because the latter doesn't exist [] []
[2025-02-04T20:01:27.849894+00:00] main.INFO: Broken reference: the 'footer' element cannot be added as child to 'footer-container', because the latter doesn't exist [] []
[2025-02-04T20:01:27.849950+00:00] main.INFO: Broken reference: the 'catalog.compare.sidebar' element cannot be added as child to 'sidebar.additional', because the latter doesn't exist [] []
[2025-02-04T20:01:27.849985+00:00] main.INFO: Broken reference: the 'sale.reorder.sidebar' element cannot be added as child to 'sidebar.additional', because the latter doesn't exist [] []
[2025-02-04T20:01:27.850058+00:00] main.INFO: Broken reference: the 'wishlist_sidebar' element cannot be added as child to 'sidebar.additional', because the latter doesn't exist [] []
[2025-02-04T20:01:27.850112+00:00] main.INFO: Broken reference: the 'header.panel.wrapper' tries to reorder itself towards '', but their parents are different: 'header.container' and '' respectively. [] []
[2025-02-04T20:01:27.850145+00:00] main.INFO: Broken reference: the 'navigation.sections' tries to reorder itself towards '', but their parents are different: 'page.top' and '' respectively. [] []
[2025-02-04T20:01:28.201437+00:00] main.ERROR: Unable to resolve the source file for 'frontend/Magento/luma/en_US/moment.min.js.map' [] []
[2025-02-04T20:01:28.201766+00:00] main.CRITICAL: Unable to resolve the source file for 'frontend/Magento/luma/en_US/moment.min.js.map' [] []
[2025-02-04T20:02:42.074781+00:00] main.INFO: Broken reference: the 'header.panel.wrapper' element cannot be added as child to 'header.container', because the latter doesn't exist [] []
[2025-02-04T20:02:42.075122+00:00] main.INFO: Broken reference: the 'header-wrapper' element cannot be added as child to 'header.container', because the latter doesn't exist [] []
[2025-02-04T20:02:42.075158+00:00] main.INFO: Broken reference: the 'navigation.sections' element cannot be added as child to 'page.top', because the latter doesn't exist [] []
[2025-02-04T20:02:42.075191+00:00] main.INFO: Broken reference: the 'top.container' element cannot be added as child to 'page.top', because the latter doesn't exist [] []
[2025-02-04T20:02:42.075215+00:00] main.INFO: Broken reference: the 'breadcrumbs' element cannot be added as child to 'page.top', because the latter doesn't exist [] []
[2025-02-04T20:02:42.075250+00:00] main.INFO: Broken reference: the 'footer' element cannot be added as child to 'footer-container', because the latter doesn't exist [] []
[2025-02-04T20:02:42.075299+00:00] main.INFO: Broken reference: the 'catalog.compare.sidebar' element cannot be added as child to 'sidebar.additional', because the latter doesn't exist [] []
[2025-02-04T20:02:42.075330+00:00] main.INFO: Broken reference: the 'sale.reorder.sidebar' element cannot be added as child to 'sidebar.additional', because the latter doesn't exist [] []
[2025-02-04T20:02:42.075391+00:00] main.INFO: Broken reference: the 'wishlist_sidebar' element cannot be added as child to 'sidebar.additional', because the latter doesn't exist [] []
[2025-02-04T20:02:42.075440+00:00] main.INFO: Broken reference: the 'header.panel.wrapper' tries to reorder itself towards '', but their parents are different: 'header.container' and '' respectively. [] []
[2025-02-04T20:02:42.075472+00:00] main.INFO: Broken reference: the 'navigation.sections' tries to reorder itself towards '', but their parents are different: 'page.top' and '' respectively. [] []
[2025-02-04T20:02:42.704370+00:00] main.ERROR: Unable to resolve the source file for 'frontend/Magento/luma/en_US/moment.min.js.map' [] []
[2025-02-04T20:02:42.705241+00:00] main.CRITICAL: Unable to resolve the source file for 'frontend/Magento/luma/en_US/moment.min.js.map' [] []
[2025-02-04T20:06:21.126242+00:00] main.INFO: Broken reference: the 'header.panel.wrapper' element cannot be added as child to 'header.container', because the latter doesn't exist [] []
[2025-02-04T20:06:21.126893+00:00] main.INFO: Broken reference: the 'header-wrapper' element cannot be added as child to 'header.container', because the latter doesn't exist [] []
[2025-02-04T20:06:21.126942+00:00] main.INFO: Broken reference: the 'navigation.sections' element cannot be added as child to 'page.top', because the latter doesn't exist [] []
[2025-02-04T20:06:21.126976+00:00] main.INFO: Broken reference: the 'top.container' element cannot be added as child to 'page.top', because the latter doesn't exist [] []
[2025-02-04T20:06:21.127000+00:00] main.INFO: Broken reference: the 'breadcrumbs' element cannot be added as child to 'page.top', because the latter doesn't exist [] []
[2025-02-04T20:06:21.127045+00:00] main.INFO: Broken reference: the 'footer' element cannot be added as child to 'footer-container', because the latter doesn't exist [] []
[2025-02-04T20:06:21.127104+00:00] main.INFO: Broken reference: the 'catalog.compare.sidebar' element cannot be added as child to 'sidebar.additional', because the latter doesn't exist [] []
[2025-02-04T20:06:21.127141+00:00] main.INFO: Broken reference: the 'sale.reorder.sidebar' element cannot be added as child to 'sidebar.additional', because the latter doesn't exist [] []
[2025-02-04T20:06:21.127216+00:00] main.INFO: Broken reference: the 'wishlist_sidebar' element cannot be added as child to 'sidebar.additional', because the latter doesn't exist [] []
[2025-02-04T20:06:21.127272+00:00] main.INFO: Broken reference: the 'header.panel.wrapper' tries to reorder itself towards '', but their parents are different: 'header.container' and '' respectively. [] []
[2025-02-04T20:06:21.127305+00:00] main.INFO: Broken reference: the 'navigation.sections' tries to reorder itself towards '', but their parents are different: 'page.top' and '' respectively. [] []
[2025-02-04T20:06:21.725526+00:00] main.ERROR: Unable to resolve the source file for 'frontend/Magento/luma/en_US/moment.min.js.map' [] []
[2025-02-04T20:06:21.726659+00:00] main.CRITICAL: Unable to resolve the source file for 'frontend/Magento/luma/en_US/moment.min.js.map' [] []
[2025-02-04T20:06:45.678118+00:00] main.INFO: Broken reference: the 'header.panel.wrapper' element cannot be added as child to 'header.container', because the latter doesn't exist [] []
[2025-02-04T20:06:45.678473+00:00] main.INFO: Broken reference: the 'header-wrapper' element cannot be added as child to 'header.container', because the latter doesn't exist [] []
[2025-02-04T20:06:45.678507+00:00] main.INFO: Broken reference: the 'navigation.sections' element cannot be added as child to 'page.top', because the latter doesn't exist [] []
[2025-02-04T20:06:45.678540+00:00] main.INFO: Broken reference: the 'top.container' element cannot be added as child to 'page.top', because the latter doesn't exist [] []
[2025-02-04T20:06:45.678563+00:00] main.INFO: Broken reference: the 'breadcrumbs' element cannot be added as child to 'page.top', because the latter doesn't exist [] []
[2025-02-04T20:06:45.678600+00:00] main.INFO: Broken reference: the 'footer' element cannot be added as child to 'footer-container', because the latter doesn't exist [] []
[2025-02-04T20:06:45.678650+00:00] main.INFO: Broken reference: the 'catalog.compare.sidebar' element cannot be added as child to 'sidebar.additional', because the latter doesn't exist [] []
[2025-02-04T20:06:45.678685+00:00] main.INFO: Broken reference: the 'sale.reorder.sidebar' element cannot be added as child to 'sidebar.additional', because the latter doesn't exist [] []
[2025-02-04T20:06:45.678769+00:00] main.INFO: Broken reference: the 'wishlist_sidebar' element cannot be added as child to 'sidebar.additional', because the latter doesn't exist [] []
[2025-02-04T20:06:45.678871+00:00] main.INFO: Broken reference: the 'header.panel.wrapper' tries to reorder itself towards '', but their parents are different: 'header.container' and '' respectively. [] []
[2025-02-04T20:06:45.678904+00:00] main.INFO: Broken reference: the 'navigation.sections' tries to reorder itself towards '', but their parents are different: 'page.top' and '' respectively. [] []
[2025-02-04T20:06:46.169956+00:00] main.ERROR: Unable to resolve the source file for 'frontend/Magento/luma/en_US/moment.min.js.map' [] []
[2025-02-04T20:06:46.170613+00:00] main.CRITICAL: Unable to resolve the source file for 'frontend/Magento/luma/en_US/moment.min.js.map' [] []
[2025-02-04T20:31:27.096973+00:00] main.INFO: Broken reference: the 'header.panel.wrapper' element cannot be added as child to 'header.container', because the latter doesn't exist [] []
[2025-02-04T20:31:27.097304+00:00] main.INFO: Broken reference: the 'header-wrapper' element cannot be added as child to 'header.container', because the latter doesn't exist [] []
[2025-02-04T20:31:27.097340+00:00] main.INFO: Broken reference: the 'navigation.sections' element cannot be added as child to 'page.top', because the latter doesn't exist [] []
[2025-02-04T20:31:27.097371+00:00] main.INFO: Broken reference: the 'top.container' element cannot be added as child to 'page.top', because the latter doesn't exist [] []
[2025-02-04T20:31:27.097394+00:00] main.INFO: Broken reference: the 'breadcrumbs' element cannot be added as child to 'page.top', because the latter doesn't exist [] []
[2025-02-04T20:31:27.097429+00:00] main.INFO: Broken reference: the 'footer' element cannot be added as child to 'footer-container', because the latter doesn't exist [] []
[2025-02-04T20:31:27.097476+00:00] main.INFO: Broken reference: the 'catalog.compare.sidebar' element cannot be added as child to 'sidebar.additional', because the latter doesn't exist [] []
[2025-02-04T20:31:27.097507+00:00] main.INFO: Broken reference: the 'sale.reorder.sidebar' element cannot be added as child to 'sidebar.additional', because the latter doesn't exist [] []
[2025-02-04T20:31:27.097567+00:00] main.INFO: Broken reference: the 'wishlist_sidebar' element cannot be added as child to 'sidebar.additional', because the latter doesn't exist [] []
[2025-02-04T20:31:27.097616+00:00] main.INFO: Broken reference: the 'header.panel.wrapper' tries to reorder itself towards '', but their parents are different: 'header.container' and '' respectively. [] []
[2025-02-04T20:31:27.097648+00:00] main.INFO: Broken reference: the 'navigation.sections' tries to reorder itself towards '', but their parents are different: 'page.top' and '' respectively. [] []
[2025-02-04T20:31:27.502740+00:00] main.ERROR: Unable to resolve the source file for 'frontend/Magento/luma/en_US/moment.min.js.map' [] []
[2025-02-04T20:31:27.503104+00:00] main.CRITICAL: Unable to resolve the source file for 'frontend/Magento/luma/en_US/moment.min.js.map' [] []
[2025-02-04T20:32:58.144684+00:00] main.INFO: Broken reference: the 'header.panel.wrapper' element cannot be added as child to 'header.container', because the latter doesn't exist [] []
[2025-02-04T20:32:58.145038+00:00] main.INFO: Broken reference: the 'header-wrapper' element cannot be added as child to 'header.container', because the latter doesn't exist [] []
[2025-02-04T20:32:58.145073+00:00] main.INFO: Broken reference: the 'navigation.sections' element cannot be added as child to 'page.top', because the latter doesn't exist [] []
[2025-02-04T20:32:58.145106+00:00] main.INFO: Broken reference: the 'top.container' element cannot be added as child to 'page.top', because the latter doesn't exist [] []
[2025-02-04T20:32:58.145129+00:00] main.INFO: Broken reference: the 'breadcrumbs' element cannot be added as child to 'page.top', because the latter doesn't exist [] []
[2025-02-04T20:32:58.145165+00:00] main.INFO: Broken reference: the 'footer' element cannot be added as child to 'footer-container', because the latter doesn't exist [] []
[2025-02-04T20:32:58.145212+00:00] main.INFO: Broken reference: the 'catalog.compare.sidebar' element cannot be added as child to 'sidebar.additional', because the latter doesn't exist [] []
[2025-02-04T20:32:58.145250+00:00] main.INFO: Broken reference: the 'sale.reorder.sidebar' element cannot be added as child to 'sidebar.additional', because the latter doesn't exist [] []
[2025-02-04T20:32:58.145310+00:00] main.INFO: Broken reference: the 'wishlist_sidebar' element cannot be added as child to 'sidebar.additional', because the latter doesn't exist [] []
[2025-02-04T20:32:58.145360+00:00] main.INFO: Broken reference: the 'header.panel.wrapper' tries to reorder itself towards '', but their parents are different: 'header.container' and '' respectively. [] []
[2025-02-04T20:32:58.145391+00:00] main.INFO: Broken reference: the 'navigation.sections' tries to reorder itself towards '', but their parents are different: 'page.top' and '' respectively. [] []
[2025-02-04T20:32:58.614825+00:00] main.ERROR: Unable to resolve the source file for 'frontend/Magento/luma/en_US/moment.min.js.map' [] []
[2025-02-04T20:32:58.615155+00:00] main.CRITICAL: Unable to resolve the source file for 'frontend/Magento/luma/en_US/moment.min.js.map' [] []
[2025-02-04T20:42:53.679267+00:00] main.INFO: Broken reference: the 'header.panel.wrapper' element cannot be added as child to 'header.container', because the latter doesn't exist [] []
[2025-02-04T20:42:53.679678+00:00] main.INFO: Broken reference: the 'header-wrapper' element cannot be added as child to 'header.container', because the latter doesn't exist [] []
[2025-02-04T20:42:53.679719+00:00] main.INFO: Broken reference: the 'navigation.sections' element cannot be added as child to 'page.top', because the latter doesn't exist [] []
[2025-02-04T20:42:53.679762+00:00] main.INFO: Broken reference: the 'top.container' element cannot be added as child to 'page.top', because the latter doesn't exist [] []
[2025-02-04T20:42:53.679790+00:00] main.INFO: Broken reference: the 'breadcrumbs' element cannot be added as child to 'page.top', because the latter doesn't exist [] []
[2025-02-04T20:42:53.679833+00:00] main.INFO: Broken reference: the 'footer' element cannot be added as child to 'footer-container', because the latter doesn't exist [] []
[2025-02-04T20:42:53.679890+00:00] main.INFO: Broken reference: the 'catalog.compare.sidebar' element cannot be added as child to 'sidebar.additional', because the latter doesn't exist [] []
[2025-02-04T20:42:53.679928+00:00] main.INFO: Broken reference: the 'sale.reorder.sidebar' element cannot be added as child to 'sidebar.additional', because the latter doesn't exist [] []
[2025-02-04T20:42:53.680001+00:00] main.INFO: Broken reference: the 'wishlist_sidebar' element cannot be added as child to 'sidebar.additional', because the latter doesn't exist [] []
[2025-02-04T20:42:53.680060+00:00] main.INFO: Broken reference: the 'header.panel.wrapper' tries to reorder itself towards '', but their parents are different: 'header.container' and '' respectively. [] []
[2025-02-04T20:42:53.680097+00:00] main.INFO: Broken reference: the 'navigation.sections' tries to reorder itself towards '', but their parents are different: 'page.top' and '' respectively. [] []
[2025-02-04T20:42:54.567915+00:00] main.ERROR: Unable to resolve the source file for 'frontend/Magento/luma/en_US/moment.min.js.map' [] []
[2025-02-04T20:42:54.568905+00:00] main.CRITICAL: Unable to resolve the source file for 'frontend/Magento/luma/en_US/moment.min.js.map' [] []
[2025-02-04T20:46:42.437874+00:00] main.INFO: Broken reference: the 'header.panel.wrapper' element cannot be added as child to 'header.container', because the latter doesn't exist [] []
[2025-02-04T20:46:42.438300+00:00] main.INFO: Broken reference: the 'header-wrapper' element cannot be added as child to 'header.container', because the latter doesn't exist [] []
[2025-02-04T20:46:42.438363+00:00] main.INFO: Broken reference: the 'navigation.sections' element cannot be added as child to 'page.top', because the latter doesn't exist [] []
[2025-02-04T20:46:42.438404+00:00] main.INFO: Broken reference: the 'top.container' element cannot be added as child to 'page.top', because the latter doesn't exist [] []
[2025-02-04T20:46:42.438434+00:00] main.INFO: Broken reference: the 'breadcrumbs' element cannot be added as child to 'page.top', because the latter doesn't exist [] []
[2025-02-04T20:46:42.438473+00:00] main.INFO: Broken reference: the 'footer' element cannot be added as child to 'footer-container', because the latter doesn't exist [] []
[2025-02-04T20:46:42.438526+00:00] main.INFO: Broken reference: the 'catalog.compare.sidebar' element cannot be added as child to 'sidebar.additional', because the latter doesn't exist [] []
[2025-02-04T20:46:42.438563+00:00] main.INFO: Broken reference: the 'sale.reorder.sidebar' element cannot be added as child to 'sidebar.additional', because the latter doesn't exist [] []
[2025-02-04T20:46:42.438638+00:00] main.INFO: Broken reference: the 'wishlist_sidebar' element cannot be added as child to 'sidebar.additional', because the latter doesn't exist [] []
[2025-02-04T20:46:42.438696+00:00] main.INFO: Broken reference: the 'header.panel.wrapper' tries to reorder itself towards '', but their parents are different: 'header.container' and '' respectively. [] []
[2025-02-04T20:46:42.438731+00:00] main.INFO: Broken reference: the 'navigation.sections' tries to reorder itself towards '', but their parents are different: 'page.top' and '' respectively. [] []
[2025-02-04T20:46:43.049634+00:00] main.ERROR: Unable to resolve the source file for 'frontend/Magento/luma/en_US/moment.min.js.map' [] []
[2025-02-04T20:46:43.050539+00:00] main.CRITICAL: Unable to resolve the source file for 'frontend/Magento/luma/en_US/moment.min.js.map' [] []
[2025-02-04T20:51:54.773615+00:00] main.ERROR: Unable to resolve the source file for 'frontend/Magento/luma/en_US/moment.min.js.map' [] []
[2025-02-04T20:51:54.774115+00:00] main.CRITICAL: Unable to resolve the source file for 'frontend/Magento/luma/en_US/moment.min.js.map' [] []
[2025-02-04T20:54:45.711357+00:00] main.INFO: Broken reference: the 'catalog.compare.sidebar' element cannot be added as child to 'sidebar.additional', because the latter doesn't exist [] []
[2025-02-04T20:54:45.711720+00:00] main.INFO: Broken reference: the 'sale.reorder.sidebar' element cannot be added as child to 'sidebar.additional', because the latter doesn't exist [] []
[2025-02-04T20:54:45.711811+00:00] main.INFO: Broken reference: the 'wishlist_sidebar' element cannot be added as child to 'sidebar.additional', because the latter doesn't exist [] []
[2025-02-04T20:54:45.711928+00:00] main.INFO: Broken reference: the 'checkout.cart.item.renderers.gift-card.actions.gift_options' element cannot be added as child to 'checkout.cart.item.renderers.gift-card.actions', because the latter doesn't exist [] []
[2025-02-04T20:54:45.712088+00:00] main.INFO: Broken reference: the 'checkout.cart.item.renderers.gift-card.actions.gift_options' tries to reorder itself towards '', but their parents are different: 'checkout.cart.item.renderers.gift-card.actions' and '' respectively. [] []
[2025-02-04T20:54:49.122593+00:00] main.INFO: Broken reference: the 'catalog.compare.sidebar' element cannot be added as child to 'sidebar.additional', because the latter doesn't exist [] []
[2025-02-04T20:54:49.122989+00:00] main.INFO: Broken reference: the 'sale.reorder.sidebar' element cannot be added as child to 'sidebar.additional', because the latter doesn't exist [] []
[2025-02-04T20:54:49.123072+00:00] main.INFO: Broken reference: the 'wishlist_sidebar' element cannot be added as child to 'sidebar.additional', because the latter doesn't exist [] []
[2025-02-04T20:54:49.123341+00:00] main.INFO: Broken reference: the 'skip_gallery_before' tries to reorder itself towards 'product.info.media.image', but their parents are different: 'skip_gallery_before.wrapper' and 'product.info.media' respectively. [] []
[2025-02-04T20:54:49.123372+00:00] main.INFO: Broken reference: the 'skip_gallery_after' tries to reorder itself towards 'product.info.media.image', but their parents are different: 'skip_gallery_after.wrapper' and 'product.info.media' respectively. [] []
[2025-02-04T20:54:52.674255+00:00] main.INFO: Broken reference: the 'header.panel.wrapper' element cannot be added as child to 'header.container', because the latter doesn't exist [] []
[2025-02-04T20:54:52.674649+00:00] main.INFO: Broken reference: the 'header-wrapper' element cannot be added as child to 'header.container', because the latter doesn't exist [] []
[2025-02-04T20:54:52.674689+00:00] main.INFO: Broken reference: the 'navigation.sections' element cannot be added as child to 'page.top', because the latter doesn't exist [] []
[2025-02-04T20:54:52.674726+00:00] main.INFO: Broken reference: the 'top.container' element cannot be added as child to 'page.top', because the latter doesn't exist [] []
[2025-02-04T20:54:52.674758+00:00] main.INFO: Broken reference: the 'breadcrumbs' element cannot be added as child to 'page.top', because the latter doesn't exist [] []
[2025-02-04T20:54:52.674800+00:00] main.INFO: Broken reference: the 'footer' element cannot be added as child to 'footer-container', because the latter doesn't exist [] []
[2025-02-04T20:54:52.674858+00:00] main.INFO: Broken reference: the 'catalog.compare.sidebar' element cannot be added as child to 'sidebar.additional', because the latter doesn't exist [] []
[2025-02-04T20:54:52.674895+00:00] main.INFO: Broken reference: the 'sale.reorder.sidebar' element cannot be added as child to 'sidebar.additional', because the latter doesn't exist [] []
[2025-02-04T20:54:52.674969+00:00] main.INFO: Broken reference: the 'wishlist_sidebar' element cannot be added as child to 'sidebar.additional', because the latter doesn't exist [] []
[2025-02-04T20:54:52.675024+00:00] main.INFO: Broken reference: the 'header.panel.wrapper' tries to reorder itself towards '', but their parents are different: 'header.container' and '' respectively. [] []
[2025-02-04T20:54:52.675058+00:00] main.INFO: Broken reference: the 'navigation.sections' tries to reorder itself towards '', but their parents are different: 'page.top' and '' respectively. [] []
[2025-02-04T20:55:30.461561+00:00] main.ERROR: Unable to resolve the source file for 'frontend/Magento/luma/en_US/moment.min.js.map' [] []
[2025-02-04T20:55:30.461987+00:00] main.CRITICAL: Unable to resolve the source file for 'frontend/Magento/luma/en_US/moment.min.js.map' [] []
[2025-02-04T20:55:55.654003+00:00] main.INFO: Broken reference: the 'header.panel.wrapper' element cannot be added as child to 'header.container', because the latter doesn't exist [] []
[2025-02-04T20:55:55.654394+00:00] main.INFO: Broken reference: the 'header-wrapper' element cannot be added as child to 'header.container', because the latter doesn't exist [] []
[2025-02-04T20:55:55.654433+00:00] main.INFO: Broken reference: the 'navigation.sections' element cannot be added as child to 'page.top', because the latter doesn't exist [] []
[2025-02-04T20:55:55.654467+00:00] main.INFO: Broken reference: the 'top.container' element cannot be added as child to 'page.top', because the latter doesn't exist [] []
[2025-02-04T20:55:55.654492+00:00] main.INFO: Broken reference: the 'breadcrumbs' element cannot be added as child to 'page.top', because the latter doesn't exist [] []
[2025-02-04T20:55:55.654532+00:00] main.INFO: Broken reference: the 'footer' element cannot be added as child to 'footer-container', because the latter doesn't exist [] []
[2025-02-04T20:55:55.654590+00:00] main.INFO: Broken reference: the 'catalog.compare.sidebar' element cannot be added as child to 'sidebar.additional', because the latter doesn't exist [] []
[2025-02-04T20:55:55.654626+00:00] main.INFO: Broken reference: the 'sale.reorder.sidebar' element cannot be added as child to 'sidebar.additional', because the latter doesn't exist [] []
[2025-02-04T20:55:55.654697+00:00] main.INFO: Broken reference: the 'wishlist_sidebar' element cannot be added as child to 'sidebar.additional', because the latter doesn't exist [] []
[2025-02-04T20:55:55.654761+00:00] main.INFO: Broken reference: the 'header.panel.wrapper' tries to reorder itself towards '', but their parents are different: 'header.container' and '' respectively. [] []
[2025-02-04T20:55:55.654807+00:00] main.INFO: Broken reference: the 'navigation.sections' tries to reorder itself towards '', but their parents are different: 'page.top' and '' respectively. [] []
[2025-02-04T20:55:56.074545+00:00] main.ERROR: Unable to resolve the source file for 'frontend/Magento/luma/en_US/moment.min.js.map' [] []
[2025-02-04T20:55:56.074888+00:00] main.CRITICAL: Unable to resolve the source file for 'frontend/Magento/luma/en_US/moment.min.js.map' [] []
[2025-02-04T21:00:21.416191+00:00] main.INFO: Broken reference: the 'header.panel.wrapper' element cannot be added as child to 'header.container', because the latter doesn't exist [] []
[2025-02-04T21:00:21.416706+00:00] main.INFO: Broken reference: the 'header-wrapper' element cannot be added as child to 'header.container', because the latter doesn't exist [] []
[2025-02-04T21:00:21.416748+00:00] main.INFO: Broken reference: the 'navigation.sections' element cannot be added as child to 'page.top', because the latter doesn't exist [] []
[2025-02-04T21:00:21.416781+00:00] main.INFO: Broken reference: the 'top.container' element cannot be added as child to 'page.top', because the latter doesn't exist [] []
[2025-02-04T21:00:21.416805+00:00] main.INFO: Broken reference: the 'breadcrumbs' element cannot be added as child to 'page.top', because the latter doesn't exist [] []
[2025-02-04T21:00:21.416842+00:00] main.INFO: Broken reference: the 'footer' element cannot be added as child to 'footer-container', because the latter doesn't exist [] []
[2025-02-04T21:00:21.416892+00:00] main.INFO: Broken reference: the 'catalog.compare.sidebar' element cannot be added as child to 'sidebar.additional', because the latter doesn't exist [] []
[2025-02-04T21:00:21.416926+00:00] main.INFO: Broken reference: the 'sale.reorder.sidebar' element cannot be added as child to 'sidebar.additional', because the latter doesn't exist [] []
[2025-02-04T21:00:21.416987+00:00] main.INFO: Broken reference: the 'wishlist_sidebar' element cannot be added as child to 'sidebar.additional', because the latter doesn't exist [] []
[2025-02-04T21:00:21.417036+00:00] main.INFO: Broken reference: the 'header.panel.wrapper' tries to reorder itself towards '', but their parents are different: 'header.container' and '' respectively. [] []
[2025-02-04T21:00:21.417068+00:00] main.INFO: Broken reference: the 'navigation.sections' tries to reorder itself towards '', but their parents are different: 'page.top' and '' respectively. [] []
[2025-02-04T21:00:22.162320+00:00] main.ERROR: Unable to resolve the source file for 'frontend/Magento/luma/en_US/moment.min.js.map' [] []
[2025-02-04T21:00:22.162702+00:00] main.CRITICAL: Unable to resolve the source file for 'frontend/Magento/luma/en_US/moment.min.js.map' [] []
[2025-02-04T21:04:44.704049+00:00] main.INFO: Broken reference: the 'header.panel.wrapper' element cannot be added as child to 'header.container', because the latter doesn't exist [] []
[2025-02-04T21:04:44.704394+00:00] main.INFO: Broken reference: the 'header-wrapper' element cannot be added as child to 'header.container', because the latter doesn't exist [] []
[2025-02-04T21:04:44.704431+00:00] main.INFO: Broken reference: the 'navigation.sections' element cannot be added as child to 'page.top', because the latter doesn't exist [] []
[2025-02-04T21:04:44.704462+00:00] main.INFO: Broken reference: the 'top.container' element cannot be added as child to 'page.top', because the latter doesn't exist [] []
[2025-02-04T21:04:44.704485+00:00] main.INFO: Broken reference: the 'breadcrumbs' element cannot be added as child to 'page.top', because the latter doesn't exist [] []
[2025-02-04T21:04:44.704525+00:00] main.INFO: Broken reference: the 'footer' element cannot be added as child to 'footer-container', because the latter doesn't exist [] []
[2025-02-04T21:04:44.704572+00:00] main.INFO: Broken reference: the 'catalog.compare.sidebar' element cannot be added as child to 'sidebar.additional', because the latter doesn't exist [] []
[2025-02-04T21:04:44.704605+00:00] main.INFO: Broken reference: the 'sale.reorder.sidebar' element cannot be added as child to 'sidebar.additional', because the latter doesn't exist [] []
[2025-02-04T21:04:44.704665+00:00] main.INFO: Broken reference: the 'wishlist_sidebar' element cannot be added as child to 'sidebar.additional', because the latter doesn't exist [] []
[2025-02-04T21:04:44.704719+00:00] main.INFO: Broken reference: the 'header.panel.wrapper' tries to reorder itself towards '', but their parents are different: 'header.container' and '' respectively. [] []
[2025-02-04T21:04:44.704754+00:00] main.INFO: Broken reference: the 'navigation.sections' tries to reorder itself towards '', but their parents are different: 'page.top' and '' respectively. [] []
[2025-02-04T21:04:45.158200+00:00] main.ERROR: Unable to resolve the source file for 'frontend/Magento/luma/en_US/moment.min.js.map' [] []
[2025-02-04T21:04:45.158684+00:00] main.CRITICAL: Unable to resolve the source file for 'frontend/Magento/luma/en_US/moment.min.js.map' [] []
[2025-02-04T21:10:13.495073+00:00] main.INFO: Broken reference: the 'header.panel.wrapper' element cannot be added as child to 'header.container', because the latter doesn't exist [] []
[2025-02-04T21:10:13.495547+00:00] main.INFO: Broken reference: the 'header-wrapper' element cannot be added as child to 'header.container', because the latter doesn't exist [] []
[2025-02-04T21:10:13.495584+00:00] main.INFO: Broken reference: the 'navigation.sections' element cannot be added as child to 'page.top', because the latter doesn't exist [] []
[2025-02-04T21:10:13.495616+00:00] main.INFO: Broken reference: the 'top.container' element cannot be added as child to 'page.top', because the latter doesn't exist [] []
[2025-02-04T21:10:13.495639+00:00] main.INFO: Broken reference: the 'breadcrumbs' element cannot be added as child to 'page.top', because the latter doesn't exist [] []
[2025-02-04T21:10:13.495676+00:00] main.INFO: Broken reference: the 'footer' element cannot be added as child to 'footer-container', because the latter doesn't exist [] []
[2025-02-04T21:10:13.495739+00:00] main.INFO: Broken reference: the 'catalog.compare.sidebar' element cannot be added as child to 'sidebar.additional', because the latter doesn't exist [] []
[2025-02-04T21:10:13.495786+00:00] main.INFO: Broken reference: the 'sale.reorder.sidebar' element cannot be added as child to 'sidebar.additional', because the latter doesn't exist [] []
[2025-02-04T21:10:13.495871+00:00] main.INFO: Broken reference: the 'wishlist_sidebar' element cannot be added as child to 'sidebar.additional', because the latter doesn't exist [] []
[2025-02-04T21:10:13.495947+00:00] main.INFO: Broken reference: the 'header.panel.wrapper' tries to reorder itself towards '', but their parents are different: 'header.container' and '' respectively. [] []
[2025-02-04T21:10:13.495985+00:00] main.INFO: Broken reference: the 'navigation.sections' tries to reorder itself towards '', but their parents are different: 'page.top' and '' respectively. [] []
[2025-02-04T21:10:14.207078+00:00] main.ERROR: Unable to resolve the source file for 'frontend/Magento/luma/en_US/moment.min.js.map' [] []
[2025-02-04T21:10:14.207860+00:00] main.CRITICAL: Unable to resolve the source file for 'frontend/Magento/luma/en_US/moment.min.js.map' [] []
[2025-02-04T21:13:16.841224+00:00] main.INFO: Broken reference: the 'header.panel.wrapper' element cannot be added as child to 'header.container', because the latter doesn't exist [] []
[2025-02-04T21:13:16.841566+00:00] main.INFO: Broken reference: the 'header-wrapper' element cannot be added as child to 'header.container', because the latter doesn't exist [] []
[2025-02-04T21:13:16.841600+00:00] main.INFO: Broken reference: the 'navigation.sections' element cannot be added as child to 'page.top', because the latter doesn't exist [] []
[2025-02-04T21:13:16.841631+00:00] main.INFO: Broken reference: the 'top.container' element cannot be added as child to 'page.top', because the latter doesn't exist [] []
[2025-02-04T21:13:16.841653+00:00] main.INFO: Broken reference: the 'breadcrumbs' element cannot be added as child to 'page.top', because the latter doesn't exist [] []
[2025-02-04T21:13:16.841692+00:00] main.INFO: Broken reference: the 'footer' element cannot be added as child to 'footer-container', because the latter doesn't exist [] []
[2025-02-04T21:13:16.841739+00:00] main.INFO: Broken reference: the 'catalog.compare.sidebar' element cannot be added as child to 'sidebar.additional', because the latter doesn't exist [] []
[2025-02-04T21:13:16.841776+00:00] main.INFO: Broken reference: the 'sale.reorder.sidebar' element cannot be added as child to 'sidebar.additional', because the latter doesn't exist [] []
[2025-02-04T21:13:16.841837+00:00] main.INFO: Broken reference: the 'wishlist_sidebar' element cannot be added as child to 'sidebar.additional', because the latter doesn't exist [] []
[2025-02-04T21:13:16.841888+00:00] main.INFO: Broken reference: the 'header.panel.wrapper' tries to reorder itself towards '', but their parents are different: 'header.container' and '' respectively. [] []
[2025-02-04T21:13:16.841920+00:00] main.INFO: Broken reference: the 'navigation.sections' tries to reorder itself towards '', but their parents are different: 'page.top' and '' respectively. [] []
[2025-02-04T21:13:17.323118+00:00] main.ERROR: Unable to resolve the source file for 'frontend/Magento/luma/en_US/moment.min.js.map' [] []
[2025-02-04T21:13:17.323485+00:00] main.CRITICAL: Unable to resolve the source file for 'frontend/Magento/luma/en_US/moment.min.js.map' [] []
[2025-02-04T21:22:44.275825+00:00] main.INFO: Broken reference: the 'header.panel.wrapper' element cannot be added as child to 'header.container', because the latter doesn't exist [] []
[2025-02-04T21:22:44.276189+00:00] main.INFO: Broken reference: the 'header-wrapper' element cannot be added as child to 'header.container', because the latter doesn't exist [] []
[2025-02-04T21:22:44.276228+00:00] main.INFO: Broken reference: the 'navigation.sections' element cannot be added as child to 'page.top', because the latter doesn't exist [] []
[2025-02-04T21:22:44.276266+00:00] main.INFO: Broken reference: the 'top.container' element cannot be added as child to 'page.top', because the latter doesn't exist [] []
[2025-02-04T21:22:44.276293+00:00] main.INFO: Broken reference: the 'breadcrumbs' element cannot be added as child to 'page.top', because the latter doesn't exist [] []
[2025-02-04T21:22:44.276334+00:00] main.INFO: Broken reference: the 'footer' element cannot be added as child to 'footer-container', because the latter doesn't exist [] []
[2025-02-04T21:22:44.276388+00:00] main.INFO: Broken reference: the 'catalog.compare.sidebar' element cannot be added as child to 'sidebar.additional', because the latter doesn't exist [] []
[2025-02-04T21:22:44.276422+00:00] main.INFO: Broken reference: the 'sale.reorder.sidebar' element cannot be added as child to 'sidebar.additional', because the latter doesn't exist [] []
[2025-02-04T21:22:44.276492+00:00] main.INFO: Broken reference: the 'wishlist_sidebar' element cannot be added as child to 'sidebar.additional', because the latter doesn't exist [] []
[2025-02-04T21:22:44.276551+00:00] main.INFO: Broken reference: the 'header.panel.wrapper' tries to reorder itself towards '', but their parents are different: 'header.container' and '' respectively. [] []
[2025-02-04T21:22:44.276598+00:00] main.INFO: Broken reference: the 'navigation.sections' tries to reorder itself towards '', but their parents are different: 'page.top' and '' respectively. [] []
[2025-02-04T21:22:44.924359+00:00] main.ERROR: Unable to resolve the source file for 'frontend/Magento/luma/en_US/moment.min.js.map' [] []
[2025-02-04T21:22:44.925129+00:00] main.CRITICAL: Unable to resolve the source file for 'frontend/Magento/luma/en_US/moment.min.js.map' [] []
[2025-02-04T21:23:03.319156+00:00] main.INFO: Broken reference: the 'header.panel.wrapper' element cannot be added as child to 'header.container', because the latter doesn't exist [] []
[2025-02-04T21:23:03.319665+00:00] main.INFO: Broken reference: the 'header-wrapper' element cannot be added as child to 'header.container', because the latter doesn't exist [] []
[2025-02-04T21:23:03.319713+00:00] main.INFO: Broken reference: the 'navigation.sections' element cannot be added as child to 'page.top', because the latter doesn't exist [] []
[2025-02-04T21:23:03.319755+00:00] main.INFO: Broken reference: the 'top.container' element cannot be added as child to 'page.top', because the latter doesn't exist [] []
[2025-02-04T21:23:03.319780+00:00] main.INFO: Broken reference: the 'breadcrumbs' element cannot be added as child to 'page.top', because the latter doesn't exist [] []
[2025-02-04T21:23:03.319818+00:00] main.INFO: Broken reference: the 'footer' element cannot be added as child to 'footer-container', because the latter doesn't exist [] []
[2025-02-04T21:23:03.319880+00:00] main.INFO: Broken reference: the 'catalog.compare.sidebar' element cannot be added as child to 'sidebar.additional', because the latter doesn't exist [] []
[2025-02-04T21:23:03.319915+00:00] main.INFO: Broken reference: the 'sale.reorder.sidebar' element cannot be added as child to 'sidebar.additional', because the latter doesn't exist [] []
[2025-02-04T21:23:03.319986+00:00] main.INFO: Broken reference: the 'wishlist_sidebar' element cannot be added as child to 'sidebar.additional', because the latter doesn't exist [] []
[2025-02-04T21:23:03.320041+00:00] main.INFO: Broken reference: the 'header.panel.wrapper' tries to reorder itself towards '', but their parents are different: 'header.container' and '' respectively. [] []
[2025-02-04T21:23:03.320074+00:00] main.INFO: Broken reference: the 'navigation.sections' tries to reorder itself towards '', but their parents are different: 'page.top' and '' respectively. [] []
[2025-02-04T21:23:03.733408+00:00] main.ERROR: Unable to resolve the source file for 'frontend/Magento/luma/en_US/moment.min.js.map' [] []
[2025-02-04T21:23:03.733784+00:00] main.CRITICAL: Unable to resolve the source file for 'frontend/Magento/luma/en_US/moment.min.js.map' [] []
[2025-02-04T21:23:11.828437+00:00] main.INFO: Broken reference: the 'header.panel.wrapper' element cannot be added as child to 'header.container', because the latter doesn't exist [] []
[2025-02-04T21:23:11.828859+00:00] main.INFO: Broken reference: the 'header-wrapper' element cannot be added as child to 'header.container', because the latter doesn't exist [] []
[2025-02-04T21:23:11.828899+00:00] main.INFO: Broken reference: the 'navigation.sections' element cannot be added as child to 'page.top', because the latter doesn't exist [] []
[2025-02-04T21:23:11.828934+00:00] main.INFO: Broken reference: the 'top.container' element cannot be added as child to 'page.top', because the latter doesn't exist [] []
[2025-02-04T21:23:11.828959+00:00] main.INFO: Broken reference: the 'breadcrumbs' element cannot be added as child to 'page.top', because the latter doesn't exist [] []
[2025-02-04T21:23:11.828998+00:00] main.INFO: Broken reference: the 'footer' element cannot be added as child to 'footer-container', because the latter doesn't exist [] []
[2025-02-04T21:23:11.829056+00:00] main.INFO: Broken reference: the 'catalog.compare.sidebar' element cannot be added as child to 'sidebar.additional', because the latter doesn't exist [] []
[2025-02-04T21:23:11.829099+00:00] main.INFO: Broken reference: the 'sale.reorder.sidebar' element cannot be added as child to 'sidebar.additional', because the latter doesn't exist [] []
[2025-02-04T21:23:11.829173+00:00] main.INFO: Broken reference: the 'wishlist_sidebar' element cannot be added as child to 'sidebar.additional', because the latter doesn't exist [] []
[2025-02-04T21:23:11.829231+00:00] main.INFO: Broken reference: the 'header.panel.wrapper' tries to reorder itself towards '', but their parents are different: 'header.container' and '' respectively. [] []
[2025-02-04T21:23:11.829265+00:00] main.INFO: Broken reference: the 'navigation.sections' tries to reorder itself towards '', but their parents are different: 'page.top' and '' respectively. [] []
[2025-02-04T21:23:12.183171+00:00] main.ERROR: Unable to resolve the source file for 'frontend/Magento/luma/en_US/moment.min.js.map' [] []
[2025-02-04T21:23:12.183871+00:00] main.CRITICAL: Unable to resolve the source file for 'frontend/Magento/luma/en_US/moment.min.js.map' [] []
[2025-02-04T21:24:41.257755+00:00] main.INFO: Broken reference: the 'header.panel.wrapper' element cannot be added as child to 'header.container', because the latter doesn't exist [] []
[2025-02-04T21:24:41.258112+00:00] main.INFO: Broken reference: the 'header-wrapper' element cannot be added as child to 'header.container', because the latter doesn't exist [] []
[2025-02-04T21:24:41.258149+00:00] main.INFO: Broken reference: the 'navigation.sections' element cannot be added as child to 'page.top', because the latter doesn't exist [] []
[2025-02-04T21:24:41.258180+00:00] main.INFO: Broken reference: the 'top.container' element cannot be added as child to 'page.top', because the latter doesn't exist [] []
[2025-02-04T21:24:41.258201+00:00] main.INFO: Broken reference: the 'breadcrumbs' element cannot be added as child to 'page.top', because the latter doesn't exist [] []
[2025-02-04T21:24:41.258236+00:00] main.INFO: Broken reference: the 'footer' element cannot be added as child to 'footer-container', because the latter doesn't exist [] []
[2025-02-04T21:24:41.258282+00:00] main.INFO: Broken reference: the 'catalog.compare.sidebar' element cannot be added as child to 'sidebar.additional', because the latter doesn't exist [] []
[2025-02-04T21:24:41.258313+00:00] main.INFO: Broken reference: the 'sale.reorder.sidebar' element cannot be added as child to 'sidebar.additional', because the latter doesn't exist [] []
[2025-02-04T21:24:41.258373+00:00] main.INFO: Broken reference: the 'wishlist_sidebar' element cannot be added as child to 'sidebar.additional', because the latter doesn't exist [] []
[2025-02-04T21:24:41.258437+00:00] main.INFO: Broken reference: the 'header.panel.wrapper' tries to reorder itself towards '', but their parents are different: 'header.container' and '' respectively. [] []
[2025-02-04T21:24:41.258468+00:00] main.INFO: Broken reference: the 'navigation.sections' tries to reorder itself towards '', but their parents are different: 'page.top' and '' respectively. [] []
[2025-02-04T21:24:41.695444+00:00] main.ERROR: Unable to resolve the source file for 'frontend/Magento/luma/en_US/moment.min.js.map' [] []
[2025-02-04T21:24:41.695800+00:00] main.CRITICAL: Unable to resolve the source file for 'frontend/Magento/luma/en_US/moment.min.js.map' [] []
[2025-02-04T21:29:45.879149+00:00] main.INFO: Broken reference: the 'header.panel.wrapper' element cannot be added as child to 'header.container', because the latter doesn't exist [] []
[2025-02-04T21:29:45.879485+00:00] main.INFO: Broken reference: the 'header-wrapper' element cannot be added as child to 'header.container', because the latter doesn't exist [] []
[2025-02-04T21:29:45.879527+00:00] main.INFO: Broken reference: the 'navigation.sections' element cannot be added as child to 'page.top', because the latter doesn't exist [] []
[2025-02-04T21:29:45.879560+00:00] main.INFO: Broken reference: the 'top.container' element cannot be added as child to 'page.top', because the latter doesn't exist [] []
[2025-02-04T21:29:45.879582+00:00] main.INFO: Broken reference: the 'breadcrumbs' element cannot be added as child to 'page.top', because the latter doesn't exist [] []
[2025-02-04T21:29:45.879619+00:00] main.INFO: Broken reference: the 'footer' element cannot be added as child to 'footer-container', because the latter doesn't exist [] []
[2025-02-04T21:29:45.879668+00:00] main.INFO: Broken reference: the 'catalog.compare.sidebar' element cannot be added as child to 'sidebar.additional', because the latter doesn't exist [] []
[2025-02-04T21:29:45.879700+00:00] main.INFO: Broken reference: the 'sale.reorder.sidebar' element cannot be added as child to 'sidebar.additional', because the latter doesn't exist [] []
[2025-02-04T21:29:45.879764+00:00] main.INFO: Broken reference: the 'wishlist_sidebar' element cannot be added as child to 'sidebar.additional', because the latter doesn't exist [] []
[2025-02-04T21:29:45.879819+00:00] main.INFO: Broken reference: the 'header.panel.wrapper' tries to reorder itself towards '', but their parents are different: 'header.container' and '' respectively. [] []
[2025-02-04T21:29:45.879850+00:00] main.INFO: Broken reference: the 'navigation.sections' tries to reorder itself towards '', but their parents are different: 'page.top' and '' respectively. [] []
[2025-02-04T21:29:46.360921+00:00] main.ERROR: Unable to resolve the source file for 'frontend/Magento/luma/en_US/moment.min.js.map' [] []
[2025-02-04T21:29:46.361286+00:00] main.CRITICAL: Unable to resolve the source file for 'frontend/Magento/luma/en_US/moment.min.js.map' [] []
[2025-02-04T21:33:45.429037+00:00] main.INFO: Broken reference: the 'header.panel.wrapper' element cannot be added as child to 'header.container', because the latter doesn't exist [] []
[2025-02-04T21:33:45.429415+00:00] main.INFO: Broken reference: the 'header-wrapper' element cannot be added as child to 'header.container', because the latter doesn't exist [] []
[2025-02-04T21:33:45.429453+00:00] main.INFO: Broken reference: the 'navigation.sections' element cannot be added as child to 'page.top', because the latter doesn't exist [] []
[2025-02-04T21:33:45.429487+00:00] main.INFO: Broken reference: the 'top.container' element cannot be added as child to 'page.top', because the latter doesn't exist [] []
[2025-02-04T21:33:45.429512+00:00] main.INFO: Broken reference: the 'breadcrumbs' element cannot be added as child to 'page.top', because the latter doesn't exist [] []
[2025-02-04T21:33:45.429549+00:00] main.INFO: Broken reference: the 'footer' element cannot be added as child to 'footer-container', because the latter doesn't exist [] []
[2025-02-04T21:33:45.429601+00:00] main.INFO: Broken reference: the 'catalog.compare.sidebar' element cannot be added as child to 'sidebar.additional', because the latter doesn't exist [] []
[2025-02-04T21:33:45.429634+00:00] main.INFO: Broken reference: the 'sale.reorder.sidebar' element cannot be added as child to 'sidebar.additional', because the latter doesn't exist [] []
[2025-02-04T21:33:45.429696+00:00] main.INFO: Broken reference: the 'wishlist_sidebar' element cannot be added as child to 'sidebar.additional', because the latter doesn't exist [] []
[2025-02-04T21:33:45.429762+00:00] main.INFO: Broken reference: the 'header.panel.wrapper' tries to reorder itself towards '', but their parents are different: 'header.container' and '' respectively. [] []
[2025-02-04T21:33:45.429799+00:00] main.INFO: Broken reference: the 'navigation.sections' tries to reorder itself towards '', but their parents are different: 'page.top' and '' respectively. [] []
[2025-02-04T21:33:45.915446+00:00] main.ERROR: Unable to resolve the source file for 'frontend/Magento/luma/en_US/moment.min.js.map' [] []
[2025-02-04T21:33:45.915997+00:00] main.CRITICAL: Unable to resolve the source file for 'frontend/Magento/luma/en_US/moment.min.js.map' [] []
[2025-02-04T21:35:18.481696+00:00] main.ERROR: Unable to resolve the source file for 'frontend/Magento/luma/en_US/moment.min.js.map' [] []
[2025-02-04T21:35:18.482119+00:00] main.CRITICAL: Unable to resolve the source file for 'frontend/Magento/luma/en_US/moment.min.js.map' [] []
[2025-02-04T21:44:17.641035+00:00] main.WARNING: Memory size allocated for the temporary table is more than 20% of innodb_buffer_pool_size. Please update innodb_buffer_pool_size or decrease batch size value (which decreases memory usages for the temporary table). Current batch size: 100000; Allocated memory size: 50000000 bytes; InnoDB buffer pool size: 134217728 bytes. [] []
[2025-02-04T21:44:17.669349+00:00] main.WARNING: Memory size allocated for the temporary table is more than 20% of innodb_buffer_pool_size. Please update innodb_buffer_pool_size or decrease batch size value (which decreases memory usages for the temporary table). Current batch size: 100000; Allocated memory size: 50000000 bytes; InnoDB buffer pool size: 134217728 bytes. [] []
[2025-02-04T21:44:17.789430+00:00] main.WARNING: Memory size allocated for the temporary table is more than 20% of innodb_buffer_pool_size. Please update innodb_buffer_pool_size or decrease batch size value (which decreases memory usages for the temporary table). Current batch size: 100000; Allocated memory size: 50000000 bytes; InnoDB buffer pool size: 134217728 bytes. [] []
[2025-02-04T21:44:18.096235+00:00] main.WARNING: Memory size allocated for the temporary table is more than 20% of innodb_buffer_pool_size. Please update innodb_buffer_pool_size or decrease batch size value (which decreases memory usages for the temporary table). Current batch size: 100000; Allocated memory size: 50000000 bytes; InnoDB buffer pool size: 134217728 bytes. [] []
[2025-02-04T21:44:18.133428+00:00] main.WARNING: Memory size allocated for the temporary table is more than 20% of innodb_buffer_pool_size. Please update innodb_buffer_pool_size or decrease batch size value (which decreases memory usages for the temporary table). Current batch size: 100000; Allocated memory size: 50000000 bytes; InnoDB buffer pool size: 134217728 bytes. [] []
[2025-02-04T21:44:18.254004+00:00] main.WARNING: Memory size allocated for the temporary table is more than 20% of innodb_buffer_pool_size. Please update innodb_buffer_pool_size or decrease batch size value (which decreases memory usages for the temporary table). Current batch size: 100000; Allocated memory size: 50000000 bytes; InnoDB buffer pool size: 134217728 bytes. [] []
[2025-02-04T21:44:21.996335+00:00] main.WARNING: Memory size allocated for the temporary table is more than 20% of innodb_buffer_pool_size. Please update innodb_buffer_pool_size or decrease batch size value (which decreases memory usages for the temporary table). Current batch size: 3334; Allocated memory size: 40008000 bytes; InnoDB buffer pool size: 134217728 bytes. [] []
[2025-02-04T21:44:30.460821+00:00] main.INFO: Broken reference: the 'header.panel.wrapper' element cannot be added as child to 'header.container', because the latter doesn't exist [] []
[2025-02-04T21:44:30.461139+00:00] main.INFO: Broken reference: the 'header-wrapper' element cannot be added as child to 'header.container', because the latter doesn't exist [] []
[2025-02-04T21:44:30.461172+00:00] main.INFO: Broken reference: the 'navigation.sections' element cannot be added as child to 'page.top', because the latter doesn't exist [] []
[2025-02-04T21:44:30.461204+00:00] main.INFO: Broken reference: the 'top.container' element cannot be added as child to 'page.top', because the latter doesn't exist [] []
[2025-02-04T21:44:30.461226+00:00] main.INFO: Broken reference: the 'breadcrumbs' element cannot be added as child to 'page.top', because the latter doesn't exist [] []
[2025-02-04T21:44:30.461262+00:00] main.INFO: Broken reference: the 'footer' element cannot be added as child to 'footer-container', because the latter doesn't exist [] []
[2025-02-04T21:44:30.461311+00:00] main.INFO: Broken reference: the 'catalog.compare.sidebar' element cannot be added as child to 'sidebar.additional', because the latter doesn't exist [] []
[2025-02-04T21:44:30.461342+00:00] main.INFO: Broken reference: the 'sale.reorder.sidebar' element cannot be added as child to 'sidebar.additional', because the latter doesn't exist [] []
[2025-02-04T21:44:30.461404+00:00] main.INFO: Broken reference: the 'wishlist_sidebar' element cannot be added as child to 'sidebar.additional', because the latter doesn't exist [] []
[2025-02-04T21:44:30.461454+00:00] main.INFO: Broken reference: the 'header.panel.wrapper' tries to reorder itself towards '', but their parents are different: 'header.container' and '' respectively. [] []
[2025-02-04T21:44:30.461486+00:00] main.INFO: Broken reference: the 'navigation.sections' tries to reorder itself towards '', but their parents are different: 'page.top' and '' respectively. [] []
[2025-02-04T21:44:30.489846+00:00] main.CRITICAL: Class "Webkul\Test\Model\AdditionalConfigVars" does not exist [] []
[2025-02-04T21:44:30.490002+00:00] main.ERROR: Invalid block type: Magento\Checkout\Block\Onepage [] []
[2025-02-04T21:44:48.143181+00:00] main.WARNING: Memory size allocated for the temporary table is more than 20% of innodb_buffer_pool_size. Please update innodb_buffer_pool_size or decrease batch size value (which decreases memory usages for the temporary table). Current batch size: 100000; Allocated memory size: 50000000 bytes; InnoDB buffer pool size: 134217728 bytes. [] []
[2025-02-04T21:44:48.175780+00:00] main.WARNING: Memory size allocated for the temporary table is more than 20% of innodb_buffer_pool_size. Please update innodb_buffer_pool_size or decrease batch size value (which decreases memory usages for the temporary table). Current batch size: 100000; Allocated memory size: 50000000 bytes; InnoDB buffer pool size: 134217728 bytes. [] []
[2025-02-04T21:44:48.300114+00:00] main.WARNING: Memory size allocated for the temporary table is more than 20% of innodb_buffer_pool_size. Please update innodb_buffer_pool_size or decrease batch size value (which decreases memory usages for the temporary table). Current batch size: 100000; Allocated memory size: 50000000 bytes; InnoDB buffer pool size: 134217728 bytes. [] []
[2025-02-04T21:44:48.593423+00:00] main.WARNING: Memory size allocated for the temporary table is more than 20% of innodb_buffer_pool_size. Please update innodb_buffer_pool_size or decrease batch size value (which decreases memory usages for the temporary table). Current batch size: 100000; Allocated memory size: 50000000 bytes; InnoDB buffer pool size: 134217728 bytes. [] []
[2025-02-04T21:44:48.624700+00:00] main.WARNING: Memory size allocated for the temporary table is more than 20% of innodb_buffer_pool_size. Please update innodb_buffer_pool_size or decrease batch size value (which decreases memory usages for the temporary table). Current batch size: 100000; Allocated memory size: 50000000 bytes; InnoDB buffer pool size: 134217728 bytes. [] []
[2025-02-04T21:44:48.748082+00:00] main.WARNING: Memory size allocated for the temporary table is more than 20% of innodb_buffer_pool_size. Please update innodb_buffer_pool_size or decrease batch size value (which decreases memory usages for the temporary table). Current batch size: 100000; Allocated memory size: 50000000 bytes; InnoDB buffer pool size: 134217728 bytes. [] []
[2025-02-04T21:44:58.608733+00:00] main.WARNING: Memory size allocated for the temporary table is more than 20% of innodb_buffer_pool_size. Please update innodb_buffer_pool_size or decrease batch size value (which decreases memory usages for the temporary table). Current batch size: 100000; Allocated memory size: 50000000 bytes; InnoDB buffer pool size: 134217728 bytes. [] []
[2025-02-04T21:44:58.639226+00:00] main.WARNING: Memory size allocated for the temporary table is more than 20% of innodb_buffer_pool_size. Please update innodb_buffer_pool_size or decrease batch size value (which decreases memory usages for the temporary table). Current batch size: 100000; Allocated memory size: 50000000 bytes; InnoDB buffer pool size: 134217728 bytes. [] []
[2025-02-04T21:44:58.771318+00:00] main.WARNING: Memory size allocated for the temporary table is more than 20% of innodb_buffer_pool_size. Please update innodb_buffer_pool_size or decrease batch size value (which decreases memory usages for the temporary table). Current batch size: 100000; Allocated memory size: 50000000 bytes; InnoDB buffer pool size: 134217728 bytes. [] []
[2025-02-04T21:44:59.078374+00:00] main.WARNING: Memory size allocated for the temporary table is more than 20% of innodb_buffer_pool_size. Please update innodb_buffer_pool_size or decrease batch size value (which decreases memory usages for the temporary table). Current batch size: 100000; Allocated memory size: 50000000 bytes; InnoDB buffer pool size: 134217728 bytes. [] []
[2025-02-04T21:44:59.115095+00:00] main.WARNING: Memory size allocated for the temporary table is more than 20% of innodb_buffer_pool_size. Please update innodb_buffer_pool_size or decrease batch size value (which decreases memory usages for the temporary table). Current batch size: 100000; Allocated memory size: 50000000 bytes; InnoDB buffer pool size: 134217728 bytes. [] []
[2025-02-04T21:44:59.234637+00:00] main.WARNING: Memory size allocated for the temporary table is more than 20% of innodb_buffer_pool_size. Please update innodb_buffer_pool_size or decrease batch size value (which decreases memory usages for the temporary table). Current batch size: 100000; Allocated memory size: 50000000 bytes; InnoDB buffer pool size: 134217728 bytes. [] []
[2025-02-04T21:45:02.352483+00:00] main.WARNING: Memory size allocated for the temporary table is more than 20% of innodb_buffer_pool_size. Please update innodb_buffer_pool_size or decrease batch size value (which decreases memory usages for the temporary table). Current batch size: 3334; Allocated memory size: 40008000 bytes; InnoDB buffer pool size: 134217728 bytes. [] []
[2025-02-04T21:45:10.848758+00:00] main.INFO: Broken reference: the 'header.panel.wrapper' element cannot be added as child to 'header.container', because the latter doesn't exist [] []
[2025-02-04T21:45:10.849094+00:00] main.INFO: Broken reference: the 'header-wrapper' element cannot be added as child to 'header.container', because the latter doesn't exist [] []
[2025-02-04T21:45:10.849129+00:00] main.INFO: Broken reference: the 'navigation.sections' element cannot be added as child to 'page.top', because the latter doesn't exist [] []
[2025-02-04T21:45:10.849160+00:00] main.INFO: Broken reference: the 'top.container' element cannot be added as child to 'page.top', because the latter doesn't exist [] []
[2025-02-04T21:45:10.849181+00:00] main.INFO: Broken reference: the 'breadcrumbs' element cannot be added as child to 'page.top', because the latter doesn't exist [] []
[2025-02-04T21:45:10.849216+00:00] main.INFO: Broken reference: the 'footer' element cannot be added as child to 'footer-container', because the latter doesn't exist [] []
[2025-02-04T21:45:10.849263+00:00] main.INFO: Broken reference: the 'catalog.compare.sidebar' element cannot be added as child to 'sidebar.additional', because the latter doesn't exist [] []
[2025-02-04T21:45:10.849312+00:00] main.INFO: Broken reference: the 'sale.reorder.sidebar' element cannot be added as child to 'sidebar.additional', because the latter doesn't exist [] []
[2025-02-04T21:45:10.849377+00:00] main.INFO: Broken reference: the 'wishlist_sidebar' element cannot be added as child to 'sidebar.additional', because the latter doesn't exist [] []
[2025-02-04T21:45:10.849428+00:00] main.INFO: Broken reference: the 'header.panel.wrapper' tries to reorder itself towards '', but their parents are different: 'header.container' and '' respectively. [] []
[2025-02-04T21:45:10.849459+00:00] main.INFO: Broken reference: the 'navigation.sections' tries to reorder itself towards '', but their parents are different: 'page.top' and '' respectively. [] []
[2025-02-04T21:45:13.242817+00:00] main.ERROR: Unable to resolve the source file for 'frontend/Magento/luma/en_US/moment.min.js.map' [] []
[2025-02-04T21:45:13.243556+00:00] main.CRITICAL: Unable to resolve the source file for 'frontend/Magento/luma/en_US/moment.min.js.map' [] []
[2025-02-04T21:51:16.343095+00:00] main.INFO: Broken reference: the 'header.panel.wrapper' element cannot be added as child to 'header.container', because the latter doesn't exist [] []
[2025-02-04T21:51:16.343436+00:00] main.INFO: Broken reference: the 'header-wrapper' element cannot be added as child to 'header.container', because the latter doesn't exist [] []
[2025-02-04T21:51:16.343472+00:00] main.INFO: Broken reference: the 'navigation.sections' element cannot be added as child to 'page.top', because the latter doesn't exist [] []
[2025-02-04T21:51:16.343503+00:00] main.INFO: Broken reference: the 'top.container' element cannot be added as child to 'page.top', because the latter doesn't exist [] []
[2025-02-04T21:51:16.343526+00:00] main.INFO: Broken reference: the 'breadcrumbs' element cannot be added as child to 'page.top', because the latter doesn't exist [] []
[2025-02-04T21:51:16.343569+00:00] main.INFO: Broken reference: the 'footer' element cannot be added as child to 'footer-container', because the latter doesn't exist [] []
[2025-02-04T21:51:16.343616+00:00] main.INFO: Broken reference: the 'catalog.compare.sidebar' element cannot be added as child to 'sidebar.additional', because the latter doesn't exist [] []
[2025-02-04T21:51:16.343647+00:00] main.INFO: Broken reference: the 'sale.reorder.sidebar' element cannot be added as child to 'sidebar.additional', because the latter doesn't exist [] []
[2025-02-04T21:51:16.343707+00:00] main.INFO: Broken reference: the 'wishlist_sidebar' element cannot be added as child to 'sidebar.additional', because the latter doesn't exist [] []
[2025-02-04T21:51:16.343761+00:00] main.INFO: Broken reference: the 'header.panel.wrapper' tries to reorder itself towards '', but their parents are different: 'header.container' and '' respectively. [] []
[2025-02-04T21:51:16.343794+00:00] main.INFO: Broken reference: the 'navigation.sections' tries to reorder itself towards '', but their parents are different: 'page.top' and '' respectively. [] []
[2025-02-04T22:19:23.249142+00:00] main.WARNING: Memory size allocated for the temporary table is more than 20% of innodb_buffer_pool_size. Please update innodb_buffer_pool_size or decrease batch size value (which decreases memory usages for the temporary table). Current batch size: 100000; Allocated memory size: 50000000 bytes; InnoDB buffer pool size: 134217728 bytes. [] []
[2025-02-04T22:19:23.281135+00:00] main.WARNING: Memory size allocated for the temporary table is more than 20% of innodb_buffer_pool_size. Please update innodb_buffer_pool_size or decrease batch size value (which decreases memory usages for the temporary table). Current batch size: 100000; Allocated memory size: 50000000 bytes; InnoDB buffer pool size: 134217728 bytes. [] []
[2025-02-04T22:19:23.404217+00:00] main.WARNING: Memory size allocated for the temporary table is more than 20% of innodb_buffer_pool_size. Please update innodb_buffer_pool_size or decrease batch size value (which decreases memory usages for the temporary table). Current batch size: 100000; Allocated memory size: 50000000 bytes; InnoDB buffer pool size: 134217728 bytes. [] []
[2025-02-04T22:19:23.708524+00:00] main.WARNING: Memory size allocated for the temporary table is more than 20% of innodb_buffer_pool_size. Please update innodb_buffer_pool_size or decrease batch size value (which decreases memory usages for the temporary table). Current batch size: 100000; Allocated memory size: 50000000 bytes; InnoDB buffer pool size: 134217728 bytes. [] []
[2025-02-04T22:19:23.745511+00:00] main.WARNING: Memory size allocated for the temporary table is more than 20% of innodb_buffer_pool_size. Please update innodb_buffer_pool_size or decrease batch size value (which decreases memory usages for the temporary table). Current batch size: 100000; Allocated memory size: 50000000 bytes; InnoDB buffer pool size: 134217728 bytes. [] []
[2025-02-04T22:19:23.867748+00:00] main.WARNING: Memory size allocated for the temporary table is more than 20% of innodb_buffer_pool_size. Please update innodb_buffer_pool_size or decrease batch size value (which decreases memory usages for the temporary table). Current batch size: 100000; Allocated memory size: 50000000 bytes; InnoDB buffer pool size: 134217728 bytes. [] []
[2025-02-04T22:19:26.969656+00:00] main.WARNING: Memory size allocated for the temporary table is more than 20% of innodb_buffer_pool_size. Please update innodb_buffer_pool_size or decrease batch size value (which decreases memory usages for the temporary table). Current batch size: 3334; Allocated memory size: 40008000 bytes; InnoDB buffer pool size: 134217728 bytes. [] []
[2025-02-04T22:20:01.572556+00:00] main.WARNING: Memory size allocated for the temporary table is more than 20% of innodb_buffer_pool_size. Please update innodb_buffer_pool_size or decrease batch size value (which decreases memory usages for the temporary table). Current batch size: 100000; Allocated memory size: 50000000 bytes; InnoDB buffer pool size: 134217728 bytes. [] []
[2025-02-04T22:20:01.617491+00:00] main.WARNING: Memory size allocated for the temporary table is more than 20% of innodb_buffer_pool_size. Please update innodb_buffer_pool_size or decrease batch size value (which decreases memory usages for the temporary table). Current batch size: 100000; Allocated memory size: 50000000 bytes; InnoDB buffer pool size: 134217728 bytes. [] []
[2025-02-04T22:20:01.749244+00:00] main.WARNING: Memory size allocated for the temporary table is more than 20% of innodb_buffer_pool_size. Please update innodb_buffer_pool_size or decrease batch size value (which decreases memory usages for the temporary table). Current batch size: 100000; Allocated memory size: 50000000 bytes; InnoDB buffer pool size: 134217728 bytes. [] []
[2025-02-04T22:20:02.067702+00:00] main.WARNING: Memory size allocated for the temporary table is more than 20% of innodb_buffer_pool_size. Please update innodb_buffer_pool_size or decrease batch size value (which decreases memory usages for the temporary table). Current batch size: 100000; Allocated memory size: 50000000 bytes; InnoDB buffer pool size: 134217728 bytes. [] []
[2025-02-04T22:20:02.108663+00:00] main.WARNING: Memory size allocated for the temporary table is more than 20% of innodb_buffer_pool_size. Please update innodb_buffer_pool_size or decrease batch size value (which decreases memory usages for the temporary table). Current batch size: 100000; Allocated memory size: 50000000 bytes; InnoDB buffer pool size: 134217728 bytes. [] []
[2025-02-04T22:20:02.236362+00:00] main.WARNING: Memory size allocated for the temporary table is more than 20% of innodb_buffer_pool_size. Please update innodb_buffer_pool_size or decrease batch size value (which decreases memory usages for the temporary table). Current batch size: 100000; Allocated memory size: 50000000 bytes; InnoDB buffer pool size: 134217728 bytes. [] []
[2025-02-04T22:20:05.304204+00:00] main.WARNING: Memory size allocated for the temporary table is more than 20% of innodb_buffer_pool_size. Please update innodb_buffer_pool_size or decrease batch size value (which decreases memory usages for the temporary table). Current batch size: 3334; Allocated memory size: 40008000 bytes; InnoDB buffer pool size: 134217728 bytes. [] []
[2025-02-04T22:20:48.804860+00:00] main.INFO: Broken reference: the 'header.panel.wrapper' element cannot be added as child to 'header.container', because the latter doesn't exist [] []
[2025-02-04T22:20:48.805217+00:00] main.INFO: Broken reference: the 'header-wrapper' element cannot be added as child to 'header.container', because the latter doesn't exist [] []
[2025-02-04T22:20:48.805253+00:00] main.INFO: Broken reference: the 'navigation.sections' element cannot be added as child to 'page.top', because the latter doesn't exist [] []
[2025-02-04T22:20:48.805287+00:00] main.INFO: Broken reference: the 'top.container' element cannot be added as child to 'page.top', because the latter doesn't exist [] []
[2025-02-04T22:20:48.805308+00:00] main.INFO: Broken reference: the 'breadcrumbs' element cannot be added as child to 'page.top', because the latter doesn't exist [] []
[2025-02-04T22:20:48.805346+00:00] main.INFO: Broken reference: the 'footer' element cannot be added as child to 'footer-container', because the latter doesn't exist [] []
[2025-02-04T22:20:48.805402+00:00] main.INFO: Broken reference: the 'catalog.compare.sidebar' element cannot be added as child to 'sidebar.additional', because the latter doesn't exist [] []
[2025-02-04T22:20:48.805435+00:00] main.INFO: Broken reference: the 'sale.reorder.sidebar' element cannot be added as child to 'sidebar.additional', because the latter doesn't exist [] []
[2025-02-04T22:20:48.805505+00:00] main.INFO: Broken reference: the 'wishlist_sidebar' element cannot be added as child to 'sidebar.additional', because the latter doesn't exist [] []
[2025-02-04T22:20:48.805565+00:00] main.INFO: Broken reference: the 'header.panel.wrapper' tries to reorder itself towards '', but their parents are different: 'header.container' and '' respectively. [] []
[2025-02-04T22:20:48.805605+00:00] main.INFO: Broken reference: the 'navigation.sections' tries to reorder itself towards '', but their parents are different: 'page.top' and '' respectively. [] []
[2025-02-04T22:20:53.709519+00:00] main.ERROR: Unable to resolve the source file for 'frontend/Magento/luma/en_US/moment.min.js.map' [] []
[2025-02-04T22:20:53.709866+00:00] main.CRITICAL: Unable to resolve the source file for 'frontend/Magento/luma/en_US/moment.min.js.map' [] []
[2025-02-04T22:22:56.007540+00:00] main.WARNING: Memory size allocated for the temporary table is more than 20% of innodb_buffer_pool_size. Please update innodb_buffer_pool_size or decrease batch size value (which decreases memory usages for the temporary table). Current batch size: 100000; Allocated memory size: 50000000 bytes; InnoDB buffer pool size: 134217728 bytes. [] []
[2025-02-04T22:22:56.036036+00:00] main.WARNING: Memory size allocated for the temporary table is more than 20% of innodb_buffer_pool_size. Please update innodb_buffer_pool_size or decrease batch size value (which decreases memory usages for the temporary table). Current batch size: 100000; Allocated memory size: 50000000 bytes; InnoDB buffer pool size: 134217728 bytes. [] []
[2025-02-04T22:22:56.166377+00:00] main.WARNING: Memory size allocated for the temporary table is more than 20% of innodb_buffer_pool_size. Please update innodb_buffer_pool_size or decrease batch size value (which decreases memory usages for the temporary table). Current batch size: 100000; Allocated memory size: 50000000 bytes; InnoDB buffer pool size: 134217728 bytes. [] []
[2025-02-04T22:22:56.462427+00:00] main.WARNING: Memory size allocated for the temporary table is more than 20% of innodb_buffer_pool_size. Please update innodb_buffer_pool_size or decrease batch size value (which decreases memory usages for the temporary table). Current batch size: 100000; Allocated memory size: 50000000 bytes; InnoDB buffer pool size: 134217728 bytes. [] []
[2025-02-04T22:22:56.493001+00:00] main.WARNING: Memory size allocated for the temporary table is more than 20% of innodb_buffer_pool_size. Please update innodb_buffer_pool_size or decrease batch size value (which decreases memory usages for the temporary table). Current batch size: 100000; Allocated memory size: 50000000 bytes; InnoDB buffer pool size: 134217728 bytes. [] []
[2025-02-04T22:22:56.616443+00:00] main.WARNING: Memory size allocated for the temporary table is more than 20% of innodb_buffer_pool_size. Please update innodb_buffer_pool_size or decrease batch size value (which decreases memory usages for the temporary table). Current batch size: 100000; Allocated memory size: 50000000 bytes; InnoDB buffer pool size: 134217728 bytes. [] []
[2025-02-04T22:22:59.596292+00:00] main.WARNING: Memory size allocated for the temporary table is more than 20% of innodb_buffer_pool_size. Please update innodb_buffer_pool_size or decrease batch size value (which decreases memory usages for the temporary table). Current batch size: 3334; Allocated memory size: 40008000 bytes; InnoDB buffer pool size: 134217728 bytes. [] []
[2025-02-04T22:38:15.363026+00:00] main.WARNING: Memory size allocated for the temporary table is more than 20% of innodb_buffer_pool_size. Please update innodb_buffer_pool_size or decrease batch size value (which decreases memory usages for the temporary table). Current batch size: 100000; Allocated memory size: 50000000 bytes; InnoDB buffer pool size: 134217728 bytes. [] []
[2025-02-04T22:38:15.390335+00:00] main.WARNING: Memory size allocated for the temporary table is more than 20% of innodb_buffer_pool_size. Please update innodb_buffer_pool_size or decrease batch size value (which decreases memory usages for the temporary table). Current batch size: 100000; Allocated memory size: 50000000 bytes; InnoDB buffer pool size: 134217728 bytes. [] []
[2025-02-04T22:38:15.517626+00:00] main.WARNING: Memory size allocated for the temporary table is more than 20% of innodb_buffer_pool_size. Please update innodb_buffer_pool_size or decrease batch size value (which decreases memory usages for the temporary table). Current batch size: 100000; Allocated memory size: 50000000 bytes; InnoDB buffer pool size: 134217728 bytes. [] []
[2025-02-04T22:38:15.808092+00:00] main.WARNING: Memory size allocated for the temporary table is more than 20% of innodb_buffer_pool_size. Please update innodb_buffer_pool_size or decrease batch size value (which decreases memory usages for the temporary table). Current batch size: 100000; Allocated memory size: 50000000 bytes; InnoDB buffer pool size: 134217728 bytes. [] []
[2025-02-04T22:38:15.840432+00:00] main.WARNING: Memory size allocated for the temporary table is more than 20% of innodb_buffer_pool_size. Please update innodb_buffer_pool_size or decrease batch size value (which decreases memory usages for the temporary table). Current batch size: 100000; Allocated memory size: 50000000 bytes; InnoDB buffer pool size: 134217728 bytes. [] []
[2025-02-04T22:38:15.959560+00:00] main.WARNING: Memory size allocated for the temporary table is more than 20% of innodb_buffer_pool_size. Please update innodb_buffer_pool_size or decrease batch size value (which decreases memory usages for the temporary table). Current batch size: 100000; Allocated memory size: 50000000 bytes; InnoDB buffer pool size: 134217728 bytes. [] []
[2025-02-04T22:38:18.702502+00:00] main.WARNING: Memory size allocated for the temporary table is more than 20% of innodb_buffer_pool_size. Please update innodb_buffer_pool_size or decrease batch size value (which decreases memory usages for the temporary table). Current batch size: 3334; Allocated memory size: 40008000 bytes; InnoDB buffer pool size: 134217728 bytes. [] []
[2025-02-04T22:38:30.488882+00:00] main.INFO: Broken reference: the 'header.panel.wrapper' element cannot be added as child to 'header.container', because the latter doesn't exist [] []
[2025-02-04T22:38:30.489285+00:00] main.INFO: Broken reference: the 'header-wrapper' element cannot be added as child to 'header.container', because the latter doesn't exist [] []
[2025-02-04T22:38:30.489324+00:00] main.INFO: Broken reference: the 'navigation.sections' element cannot be added as child to 'page.top', because the latter doesn't exist [] []
[2025-02-04T22:38:30.489359+00:00] main.INFO: Broken reference: the 'top.container' element cannot be added as child to 'page.top', because the latter doesn't exist [] []
[2025-02-04T22:38:30.489382+00:00] main.INFO: Broken reference: the 'breadcrumbs' element cannot be added as child to 'page.top', because the latter doesn't exist [] []
[2025-02-04T22:38:30.489421+00:00] main.INFO: Broken reference: the 'footer' element cannot be added as child to 'footer-container', because the latter doesn't exist [] []
[2025-02-04T22:38:30.489473+00:00] main.INFO: Broken reference: the 'catalog.compare.sidebar' element cannot be added as child to 'sidebar.additional', because the latter doesn't exist [] []
[2025-02-04T22:38:30.489507+00:00] main.INFO: Broken reference: the 'sale.reorder.sidebar' element cannot be added as child to 'sidebar.additional', because the latter doesn't exist [] []
[2025-02-04T22:38:30.489576+00:00] main.INFO: Broken reference: the 'wishlist_sidebar' element cannot be added as child to 'sidebar.additional', because the latter doesn't exist [] []
[2025-02-04T22:38:30.489640+00:00] main.INFO: Broken reference: the 'header.panel.wrapper' tries to reorder itself towards '', but their parents are different: 'header.container' and '' respectively. [] []
[2025-02-04T22:38:30.489674+00:00] main.INFO: Broken reference: the 'navigation.sections' tries to reorder itself towards '', but their parents are different: 'page.top' and '' respectively. [] []
[2025-02-04T22:38:33.322110+00:00] main.ERROR: Unable to resolve the source file for 'frontend/Magento/luma/en_US/moment.min.js.map' [] []
[2025-02-04T22:38:33.323285+00:00] main.CRITICAL: Unable to resolve the source file for 'frontend/Magento/luma/en_US/moment.min.js.map' [] []
[2025-02-04T22:39:10.929629+00:00] main.ERROR: NOTE: Manual static content deployment is not required in "default" and "developer" modes.
In "default" and "developer" modes static contents are being deployed automatically on demand.
If you still want to deploy in these modes, use -f option: 'bin/magento setup:static-content:deploy -f'
#0 /var/www/html/setup/src/Magento/Setup/Console/Command/DeployStaticContentCommand.php(112): Magento\Setup\Console\Command\DeployStaticContentCommand->checkAppMode(Object(Symfony\Component\Console\Input\ArgvInput))
#1 /var/www/html/vendor/symfony/console/Command/Command.php(298): Magento\Setup\Console\Command\DeployStaticContentCommand->execute(Object(Symfony\Component\Console\Input\ArgvInput), Object(Symfony\Component\Console\Output\ConsoleOutput))
#2 /var/www/html/vendor/symfony/console/Application.php(1040): Symfony\Component\Console\Command\Command->run(Object(Symfony\Component\Console\Input\ArgvInput), Object(Symfony\Component\Console\Output\ConsoleOutput))
#3 /var/www/html/vendor/symfony/console/Application.php(301): Symfony\Component\Console\Application->doRunCommand(Object(Magento\Setup\Console\Command\DeployStaticContentCommand), Object(Symfony\Component\Console\Input\ArgvInput), Object(Symfony\Component\Console\Output\ConsoleOutput))
#4 /var/www/html/vendor/magento/framework/Console/Cli.php(116): Symfony\Component\Console\Application->doRun(Object(Symfony\Component\Console\Input\ArgvInput), Object(Symfony\Component\Console\Output\ConsoleOutput))
#5 /var/www/html/vendor/symfony/console/Application.php(171): Magento\Framework\Console\Cli->doRun(Object(Symfony\Component\Console\Input\ArgvInput), Object(Symfony\Component\Console\Output\ConsoleOutput))
#6 /var/www/html/bin/magento(23): Symfony\Component\Console\Application->run()
#7 {main} [] []
[2025-02-04T22:40:03.860637+00:00] main.INFO: Broken reference: the 'catalog.compare.sidebar' element cannot be added as child to 'sidebar.additional', because the latter doesn't exist [] []
[2025-02-04T22:40:03.861011+00:00] main.INFO: Broken reference: the 'sale.reorder.sidebar' element cannot be added as child to 'sidebar.additional', because the latter doesn't exist [] []
[2025-02-04T22:40:03.861092+00:00] main.INFO: Broken reference: the 'wishlist_sidebar' element cannot be added as child to 'sidebar.additional', because the latter doesn't exist [] []
[2025-02-04T22:42:27.812230+00:00] main.INFO: Broken reference: the 'catalog.compare.sidebar' element cannot be added as child to 'sidebar.additional', because the latter doesn't exist [] []
[2025-02-04T22:42:27.812564+00:00] main.INFO: Broken reference: the 'sale.reorder.sidebar' element cannot be added as child to 'sidebar.additional', because the latter doesn't exist [] []
[2025-02-04T22:42:27.812647+00:00] main.INFO: Broken reference: the 'wishlist_sidebar' element cannot be added as child to 'sidebar.additional', because the latter doesn't exist [] []
[2025-02-04T22:45:42.931171+00:00] main.WARNING: Memory size allocated for the temporary table is more than 20% of innodb_buffer_pool_size. Please update innodb_buffer_pool_size or decrease batch size value (which decreases memory usages for the temporary table). Current batch size: 100000; Allocated memory size: 50000000 bytes; InnoDB buffer pool size: 134217728 bytes. [] []
[2025-02-04T22:45:42.963516+00:00] main.WARNING: Memory size allocated for the temporary table is more than 20% of innodb_buffer_pool_size. Please update innodb_buffer_pool_size or decrease batch size value (which decreases memory usages for the temporary table). Current batch size: 100000; Allocated memory size: 50000000 bytes; InnoDB buffer pool size: 134217728 bytes. [] []
[2025-02-04T22:45:43.088419+00:00] main.WARNING: Memory size allocated for the temporary table is more than 20% of innodb_buffer_pool_size. Please update innodb_buffer_pool_size or decrease batch size value (which decreases memory usages for the temporary table). Current batch size: 100000; Allocated memory size: 50000000 bytes; InnoDB buffer pool size: 134217728 bytes. [] []
[2025-02-04T22:45:43.383925+00:00] main.WARNING: Memory size allocated for the temporary table is more than 20% of innodb_buffer_pool_size. Please update innodb_buffer_pool_size or decrease batch size value (which decreases memory usages for the temporary table). Current batch size: 100000; Allocated memory size: 50000000 bytes; InnoDB buffer pool size: 134217728 bytes. [] []
[2025-02-04T22:45:43.415956+00:00] main.WARNING: Memory size allocated for the temporary table is more than 20% of innodb_buffer_pool_size. Please update innodb_buffer_pool_size or decrease batch size value (which decreases memory usages for the temporary table). Current batch size: 100000; Allocated memory size: 50000000 bytes; InnoDB buffer pool size: 134217728 bytes. [] []
[2025-02-04T22:45:43.539037+00:00] main.WARNING: Memory size allocated for the temporary table is more than 20% of innodb_buffer_pool_size. Please update innodb_buffer_pool_size or decrease batch size value (which decreases memory usages for the temporary table). Current batch size: 100000; Allocated memory size: 50000000 bytes; InnoDB buffer pool size: 134217728 bytes. [] []
[2025-02-04T22:45:46.479579+00:00] main.WARNING: Memory size allocated for the temporary table is more than 20% of innodb_buffer_pool_size. Please update innodb_buffer_pool_size or decrease batch size value (which decreases memory usages for the temporary table). Current batch size: 3334; Allocated memory size: 40008000 bytes; InnoDB buffer pool size: 134217728 bytes. [] []
[2025-02-04T22:45:53.959195+00:00] main.INFO: Broken reference: the 'catalog.compare.sidebar' element cannot be added as child to 'sidebar.additional', because the latter doesn't exist [] []
[2025-02-04T22:45:53.959537+00:00] main.INFO: Broken reference: the 'sale.reorder.sidebar' element cannot be added as child to 'sidebar.additional', because the latter doesn't exist [] []
[2025-02-04T22:45:53.959657+00:00] main.INFO: Broken reference: the 'wishlist_sidebar' element cannot be added as child to 'sidebar.additional', because the latter doesn't exist [] []
[2025-02-04T22:49:01.181728+00:00] main.WARNING: Memory size allocated for the temporary table is more than 20% of innodb_buffer_pool_size. Please update innodb_buffer_pool_size or decrease batch size value (which decreases memory usages for the temporary table). Current batch size: 100000; Allocated memory size: 50000000 bytes; InnoDB buffer pool size: 134217728 bytes. [] []
[2025-02-04T22:49:01.208224+00:00] main.WARNING: Memory size allocated for the temporary table is more than 20% of innodb_buffer_pool_size. Please update innodb_buffer_pool_size or decrease batch size value (which decreases memory usages for the temporary table). Current batch size: 100000; Allocated memory size: 50000000 bytes; InnoDB buffer pool size: 134217728 bytes. [] []
[2025-02-04T22:49:01.330408+00:00] main.WARNING: Memory size allocated for the temporary table is more than 20% of innodb_buffer_pool_size. Please update innodb_buffer_pool_size or decrease batch size value (which decreases memory usages for the temporary table). Current batch size: 100000; Allocated memory size: 50000000 bytes; InnoDB buffer pool size: 134217728 bytes. [] []
[2025-02-04T22:49:01.620763+00:00] main.WARNING: Memory size allocated for the temporary table is more than 20% of innodb_buffer_pool_size. Please update innodb_buffer_pool_size or decrease batch size value (which decreases memory usages for the temporary table). Current batch size: 100000; Allocated memory size: 50000000 bytes; InnoDB buffer pool size: 134217728 bytes. [] []
[2025-02-04T22:49:01.654116+00:00] main.WARNING: Memory size allocated for the temporary table is more than 20% of innodb_buffer_pool_size. Please update innodb_buffer_pool_size or decrease batch size value (which decreases memory usages for the temporary table). Current batch size: 100000; Allocated memory size: 50000000 bytes; InnoDB buffer pool size: 134217728 bytes. [] []
[2025-02-04T22:49:01.774107+00:00] main.WARNING: Memory size allocated for the temporary table is more than 20% of innodb_buffer_pool_size. Please update innodb_buffer_pool_size or decrease batch size value (which decreases memory usages for the temporary table). Current batch size: 100000; Allocated memory size: 50000000 bytes; InnoDB buffer pool size: 134217728 bytes. [] []
[2025-02-04T22:49:04.746559+00:00] main.WARNING: Memory size allocated for the temporary table is more than 20% of innodb_buffer_pool_size. Please update innodb_buffer_pool_size or decrease batch size value (which decreases memory usages for the temporary table). Current batch size: 3334; Allocated memory size: 40008000 bytes; InnoDB buffer pool size: 134217728 bytes. [] []
[2025-02-04T22:49:22.107245+00:00] main.INFO: Broken reference: the 'catalog.compare.sidebar' element cannot be added as child to 'sidebar.additional', because the latter doesn't exist [] []
[2025-02-04T22:49:22.107563+00:00] main.INFO: Broken reference: the 'sale.reorder.sidebar' element cannot be added as child to 'sidebar.additional', because the latter doesn't exist [] []
[2025-02-04T22:49:22.107641+00:00] main.INFO: Broken reference: the 'wishlist_sidebar' element cannot be added as child to 'sidebar.additional', because the latter doesn't exist [] []
[2025-02-04T22:50:01.293663+00:00] main.INFO: Broken reference: the 'header.panel.wrapper' element cannot be added as child to 'header.container', because the latter doesn't exist [] []
[2025-02-04T22:50:01.294026+00:00] main.INFO: Broken reference: the 'header-wrapper' element cannot be added as child to 'header.container', because the latter doesn't exist [] []
[2025-02-04T22:50:01.294063+00:00] main.INFO: Broken reference: the 'navigation.sections' element cannot be added as child to 'page.top', because the latter doesn't exist [] []
[2025-02-04T22:50:01.294097+00:00] main.INFO: Broken reference: the 'top.container' element cannot be added as child to 'page.top', because the latter doesn't exist [] []
[2025-02-04T22:50:01.294121+00:00] main.INFO: Broken reference: the 'breadcrumbs' element cannot be added as child to 'page.top', because the latter doesn't exist [] []
[2025-02-04T22:50:01.294159+00:00] main.INFO: Broken reference: the 'footer' element cannot be added as child to 'footer-container', because the latter doesn't exist [] []
[2025-02-04T22:50:01.294210+00:00] main.INFO: Broken reference: the 'catalog.compare.sidebar' element cannot be added as child to 'sidebar.additional', because the latter doesn't exist [] []
[2025-02-04T22:50:01.294244+00:00] main.INFO: Broken reference: the 'sale.reorder.sidebar' element cannot be added as child to 'sidebar.additional', because the latter doesn't exist [] []
[2025-02-04T22:50:01.294313+00:00] main.INFO: Broken reference: the 'wishlist_sidebar' element cannot be added as child to 'sidebar.additional', because the latter doesn't exist [] []
[2025-02-04T22:50:01.294376+00:00] main.INFO: Broken reference: the 'header.panel.wrapper' tries to reorder itself towards '', but their parents are different: 'header.container' and '' respectively. [] []
[2025-02-04T22:50:01.294411+00:00] main.INFO: Broken reference: the 'navigation.sections' tries to reorder itself towards '', but their parents are different: 'page.top' and '' respectively. [] []
[2025-02-04T22:50:03.814698+00:00] main.ERROR: Unable to resolve the source file for 'frontend/Magento/luma/en_US/moment.min.js.map' [] []
[2025-02-04T22:50:03.815376+00:00] main.CRITICAL: Unable to resolve the source file for 'frontend/Magento/luma/en_US/moment.min.js.map' [] []
[2025-02-04T22:52:38.044847+00:00] main.INFO: Broken reference: the 'header.panel.wrapper' element cannot be added as child to 'header.container', because the latter doesn't exist [] []
[2025-02-04T22:52:38.045194+00:00] main.INFO: Broken reference: the 'header-wrapper' element cannot be added as child to 'header.container', because the latter doesn't exist [] []
[2025-02-04T22:52:38.045236+00:00] main.INFO: Broken reference: the 'navigation.sections' element cannot be added as child to 'page.top', because the latter doesn't exist [] []
[2025-02-04T22:52:38.045268+00:00] main.INFO: Broken reference: the 'top.container' element cannot be added as child to 'page.top', because the latter doesn't exist [] []
[2025-02-04T22:52:38.045294+00:00] main.INFO: Broken reference: the 'breadcrumbs' element cannot be added as child to 'page.top', because the latter doesn't exist [] []
[2025-02-04T22:52:38.045328+00:00] main.INFO: Broken reference: the 'footer' element cannot be added as child to 'footer-container', because the latter doesn't exist [] []
[2025-02-04T22:52:38.045380+00:00] main.INFO: Broken reference: the 'catalog.compare.sidebar' element cannot be added as child to 'sidebar.additional', because the latter doesn't exist [] []
[2025-02-04T22:52:38.045411+00:00] main.INFO: Broken reference: the 'sale.reorder.sidebar' element cannot be added as child to 'sidebar.additional', because the latter doesn't exist [] []
[2025-02-04T22:52:38.045474+00:00] main.INFO: Broken reference: the 'wishlist_sidebar' element cannot be added as child to 'sidebar.additional', because the latter doesn't exist [] []
[2025-02-04T22:52:38.045527+00:00] main.INFO: Broken reference: the 'header.panel.wrapper' tries to reorder itself towards '', but their parents are different: 'header.container' and '' respectively. [] []
[2025-02-04T22:52:38.045558+00:00] main.INFO: Broken reference: the 'navigation.sections' tries to reorder itself towards '', but their parents are different: 'page.top' and '' respectively. [] []
[2025-02-04T22:52:38.557036+00:00] main.ERROR: Unable to resolve the source file for 'frontend/Magento/luma/en_US/moment.min.js.map' [] []
[2025-02-04T22:52:38.557387+00:00] main.CRITICAL: Unable to resolve the source file for 'frontend/Magento/luma/en_US/moment.min.js.map' [] []
[2025-02-04T22:55:04.979481+00:00] main.INFO: Broken reference: the 'header.panel.wrapper' element cannot be added as child to 'header.container', because the latter doesn't exist [] []
[2025-02-04T22:55:04.979862+00:00] main.INFO: Broken reference: the 'header-wrapper' element cannot be added as child to 'header.container', because the latter doesn't exist [] []
[2025-02-04T22:55:04.979899+00:00] main.INFO: Broken reference: the 'navigation.sections' element cannot be added as child to 'page.top', because the latter doesn't exist [] []
[2025-02-04T22:55:04.979933+00:00] main.INFO: Broken reference: the 'top.container' element cannot be added as child to 'page.top', because the latter doesn't exist [] []
[2025-02-04T22:55:04.979957+00:00] main.INFO: Broken reference: the 'breadcrumbs' element cannot be added as child to 'page.top', because the latter doesn't exist [] []
[2025-02-04T22:55:04.979995+00:00] main.INFO: Broken reference: the 'footer' element cannot be added as child to 'footer-container', because the latter doesn't exist [] []
[2025-02-04T22:55:04.980046+00:00] main.INFO: Broken reference: the 'catalog.compare.sidebar' element cannot be added as child to 'sidebar.additional', because the latter doesn't exist [] []
[2025-02-04T22:55:04.980080+00:00] main.INFO: Broken reference: the 'sale.reorder.sidebar' element cannot be added as child to 'sidebar.additional', because the latter doesn't exist [] []
[2025-02-04T22:55:04.980150+00:00] main.INFO: Broken reference: the 'wishlist_sidebar' element cannot be added as child to 'sidebar.additional', because the latter doesn't exist [] []
[2025-02-04T22:55:04.980204+00:00] main.INFO: Broken reference: the 'header.panel.wrapper' tries to reorder itself towards '', but their parents are different: 'header.container' and '' respectively. [] []
[2025-02-04T22:55:04.980236+00:00] main.INFO: Broken reference: the 'navigation.sections' tries to reorder itself towards '', but their parents are different: 'page.top' and '' respectively. [] []
[2025-02-04T22:55:05.404149+00:00] main.ERROR: Unable to resolve the source file for 'frontend/Magento/luma/en_US/moment.min.js.map' [] []
[2025-02-04T22:55:05.404532+00:00] main.CRITICAL: Unable to resolve the source file for 'frontend/Magento/luma/en_US/moment.min.js.map' [] []
[2025-02-04T22:55:45.559992+00:00] main.INFO: Broken reference: the 'header.panel.wrapper' element cannot be added as child to 'header.container', because the latter doesn't exist [] []
[2025-02-04T22:55:45.560475+00:00] main.INFO: Broken reference: the 'header-wrapper' element cannot be added as child to 'header.container', because the latter doesn't exist [] []
[2025-02-04T22:55:45.560519+00:00] main.INFO: Broken reference: the 'navigation.sections' element cannot be added as child to 'page.top', because the latter doesn't exist [] []
[2025-02-04T22:55:45.560558+00:00] main.INFO: Broken reference: the 'top.container' element cannot be added as child to 'page.top', because the latter doesn't exist [] []
[2025-02-04T22:55:45.560581+00:00] main.INFO: Broken reference: the 'breadcrumbs' element cannot be added as child to 'page.top', because the latter doesn't exist [] []
[2025-02-04T22:55:45.560621+00:00] main.INFO: Broken reference: the 'footer' element cannot be added as child to 'footer-container', because the latter doesn't exist [] []
[2025-02-04T22:55:45.560675+00:00] main.INFO: Broken reference: the 'catalog.compare.sidebar' element cannot be added as child to 'sidebar.additional', because the latter doesn't exist [] []
[2025-02-04T22:55:45.560710+00:00] main.INFO: Broken reference: the 'sale.reorder.sidebar' element cannot be added as child to 'sidebar.additional', because the latter doesn't exist [] []
[2025-02-04T22:55:45.560789+00:00] main.INFO: Broken reference: the 'wishlist_sidebar' element cannot be added as child to 'sidebar.additional', because the latter doesn't exist [] []
[2025-02-04T22:55:45.560859+00:00] main.INFO: Broken reference: the 'header.panel.wrapper' tries to reorder itself towards '', but their parents are different: 'header.container' and '' respectively. [] []
[2025-02-04T22:55:45.560895+00:00] main.INFO: Broken reference: the 'navigation.sections' tries to reorder itself towards '', but their parents are different: 'page.top' and '' respectively. [] []
[2025-02-04T22:55:46.058179+00:00] main.ERROR: Unable to resolve the source file for 'frontend/Magento/luma/en_US/moment.min.js.map' [] []
[2025-02-04T22:55:46.058543+00:00] main.CRITICAL: Unable to resolve the source file for 'frontend/Magento/luma/en_US/moment.min.js.map' [] []
[2025-02-04T22:55:56.749933+00:00] main.INFO: Broken reference: the 'header.panel.wrapper' element cannot be added as child to 'header.container', because the latter doesn't exist [] []
[2025-02-04T22:55:56.750386+00:00] main.INFO: Broken reference: the 'header-wrapper' element cannot be added as child to 'header.container', because the latter doesn't exist [] []
[2025-02-04T22:55:56.750424+00:00] main.INFO: Broken reference: the 'navigation.sections' element cannot be added as child to 'page.top', because the latter doesn't exist [] []
[2025-02-04T22:55:56.750457+00:00] main.INFO: Broken reference: the 'top.container' element cannot be added as child to 'page.top', because the latter doesn't exist [] []
[2025-02-04T22:55:56.750480+00:00] main.INFO: Broken reference: the 'breadcrumbs' element cannot be added as child to 'page.top', because the latter doesn't exist [] []
[2025-02-04T22:55:56.750516+00:00] main.INFO: Broken reference: the 'footer' element cannot be added as child to 'footer-container', because the latter doesn't exist [] []
[2025-02-04T22:55:56.750565+00:00] main.INFO: Broken reference: the 'catalog.compare.sidebar' element cannot be added as child to 'sidebar.additional', because the latter doesn't exist [] []
[2025-02-04T22:55:56.750598+00:00] main.INFO: Broken reference: the 'sale.reorder.sidebar' element cannot be added as child to 'sidebar.additional', because the latter doesn't exist [] []
[2025-02-04T22:55:56.750668+00:00] main.INFO: Broken reference: the 'wishlist_sidebar' element cannot be added as child to 'sidebar.additional', because the latter doesn't exist [] []
[2025-02-04T22:55:56.750744+00:00] main.INFO: Broken reference: the 'header.panel.wrapper' tries to reorder itself towards '', but their parents are different: 'header.container' and '' respectively. [] []
[2025-02-04T22:55:56.750780+00:00] main.INFO: Broken reference: the 'navigation.sections' tries to reorder itself towards '', but their parents are different: 'page.top' and '' respectively. [] []
[2025-02-04T22:55:57.168275+00:00] main.ERROR: Unable to resolve the source file for 'frontend/Magento/luma/en_US/moment.min.js.map' [] []
[2025-02-04T22:55:57.168614+00:00] main.CRITICAL: Unable to resolve the source file for 'frontend/Magento/luma/en_US/moment.min.js.map' [] []
[2025-02-04T22:58:11.837192+00:00] main.INFO: Broken reference: the 'header.panel.wrapper' element cannot be added as child to 'header.container', because the latter doesn't exist [] []
[2025-02-04T22:58:11.837544+00:00] main.INFO: Broken reference: the 'header-wrapper' element cannot be added as child to 'header.container', because the latter doesn't exist [] []
[2025-02-04T22:58:11.837579+00:00] main.INFO: Broken reference: the 'navigation.sections' element cannot be added as child to 'page.top', because the latter doesn't exist [] []
[2025-02-04T22:58:11.837612+00:00] main.INFO: Broken reference: the 'top.container' element cannot be added as child to 'page.top', because the latter doesn't exist [] []
[2025-02-04T22:58:11.837635+00:00] main.INFO: Broken reference: the 'breadcrumbs' element cannot be added as child to 'page.top', because the latter doesn't exist [] []
[2025-02-04T22:58:11.837671+00:00] main.INFO: Broken reference: the 'footer' element cannot be added as child to 'footer-container', because the latter doesn't exist [] []
[2025-02-04T22:58:11.837718+00:00] main.INFO: Broken reference: the 'catalog.compare.sidebar' element cannot be added as child to 'sidebar.additional', because the latter doesn't exist [] []
[2025-02-04T22:58:11.837754+00:00] main.INFO: Broken reference: the 'sale.reorder.sidebar' element cannot be added as child to 'sidebar.additional', because the latter doesn't exist [] []
[2025-02-04T22:58:11.837837+00:00] main.INFO: Broken reference: the 'wishlist_sidebar' element cannot be added as child to 'sidebar.additional', because the latter doesn't exist [] []
[2025-02-04T22:58:11.837888+00:00] main.INFO: Broken reference: the 'header.panel.wrapper' tries to reorder itself towards '', but their parents are different: 'header.container' and '' respectively. [] []
[2025-02-04T22:58:11.837919+00:00] main.INFO: Broken reference: the 'navigation.sections' tries to reorder itself towards '', but their parents are different: 'page.top' and '' respectively. [] []
[2025-02-04T22:58:12.317305+00:00] main.ERROR: Unable to resolve the source file for 'frontend/Magento/luma/en_US/moment.min.js.map' [] []
[2025-02-04T22:58:12.317798+00:00] main.CRITICAL: Unable to resolve the source file for 'frontend/Magento/luma/en_US/moment.min.js.map' [] []
[2025-02-04T22:59:34.083511+00:00] main.INFO: Broken reference: the 'header.panel.wrapper' element cannot be added as child to 'header.container', because the latter doesn't exist [] []
[2025-02-04T22:59:34.083882+00:00] main.INFO: Broken reference: the 'header-wrapper' element cannot be added as child to 'header.container', because the latter doesn't exist [] []
[2025-02-04T22:59:34.083918+00:00] main.INFO: Broken reference: the 'navigation.sections' element cannot be added as child to 'page.top', because the latter doesn't exist [] []
[2025-02-04T22:59:34.083949+00:00] main.INFO: Broken reference: the 'top.container' element cannot be added as child to 'page.top', because the latter doesn't exist [] []
[2025-02-04T22:59:34.083972+00:00] main.INFO: Broken reference: the 'breadcrumbs' element cannot be added as child to 'page.top', because the latter doesn't exist [] []
[2025-02-04T22:59:34.084006+00:00] main.INFO: Broken reference: the 'footer' element cannot be added as child to 'footer-container', because the latter doesn't exist [] []
[2025-02-04T22:59:34.084060+00:00] main.INFO: Broken reference: the 'catalog.compare.sidebar' element cannot be added as child to 'sidebar.additional', because the latter doesn't exist [] []
[2025-02-04T22:59:34.084091+00:00] main.INFO: Broken reference: the 'sale.reorder.sidebar' element cannot be added as child to 'sidebar.additional', because the latter doesn't exist [] []
[2025-02-04T22:59:34.084155+00:00] main.INFO: Broken reference: the 'wishlist_sidebar' element cannot be added as child to 'sidebar.additional', because the latter doesn't exist [] []
[2025-02-04T22:59:34.084203+00:00] main.INFO: Broken reference: the 'header.panel.wrapper' tries to reorder itself towards '', but their parents are different: 'header.container' and '' respectively. [] []
[2025-02-04T22:59:34.084235+00:00] main.INFO: Broken reference: the 'navigation.sections' tries to reorder itself towards '', but their parents are different: 'page.top' and '' respectively. [] []
[2025-02-04T22:59:34.544477+00:00] main.ERROR: Unable to resolve the source file for 'frontend/Magento/luma/en_US/moment.min.js.map' [] []
[2025-02-04T22:59:34.544840+00:00] main.CRITICAL: Unable to resolve the source file for 'frontend/Magento/luma/en_US/moment.min.js.map' [] []
[2025-02-04T23:07:16.904654+00:00] main.INFO: Broken reference: the 'header.panel.wrapper' element cannot be added as child to 'header.container', because the latter doesn't exist [] []
[2025-02-04T23:07:16.905532+00:00] main.INFO: Broken reference: the 'header-wrapper' element cannot be added as child to 'header.container', because the latter doesn't exist [] []
[2025-02-04T23:07:16.905629+00:00] main.INFO: Broken reference: the 'navigation.sections' element cannot be added as child to 'page.top', because the latter doesn't exist [] []
[2025-02-04T23:07:16.905703+00:00] main.INFO: Broken reference: the 'top.container' element cannot be added as child to 'page.top', because the latter doesn't exist [] []
[2025-02-04T23:07:16.905763+00:00] main.INFO: Broken reference: the 'breadcrumbs' element cannot be added as child to 'page.top', because the latter doesn't exist [] []
[2025-02-04T23:07:16.905847+00:00] main.INFO: Broken reference: the 'footer' element cannot be added as child to 'footer-container', because the latter doesn't exist [] []
[2025-02-04T23:07:16.905963+00:00] main.INFO: Broken reference: the 'catalog.compare.sidebar' element cannot be added as child to 'sidebar.additional', because the latter doesn't exist [] []
[2025-02-04T23:07:16.906043+00:00] main.INFO: Broken reference: the 'sale.reorder.sidebar' element cannot be added as child to 'sidebar.additional', because the latter doesn't exist [] []
[2025-02-04T23:07:16.906202+00:00] main.INFO: Broken reference: the 'wishlist_sidebar' element cannot be added as child to 'sidebar.additional', because the latter doesn't exist [] []
[2025-02-04T23:07:16.906322+00:00] main.INFO: Broken reference: the 'header.panel.wrapper' tries to reorder itself towards '', but their parents are different: 'header.container' and '' respectively. [] []
[2025-02-04T23:07:16.906393+00:00] main.INFO: Broken reference: the 'navigation.sections' tries to reorder itself towards '', but their parents are different: 'page.top' and '' respectively. [] []
[2025-02-04T23:07:18.631886+00:00] main.ERROR: Unable to resolve the source file for 'frontend/Magento/luma/en_US/moment.min.js.map' [] []
[2025-02-04T23:07:18.632649+00:00] main.CRITICAL: Unable to resolve the source file for 'frontend/Magento/luma/en_US/moment.min.js.map' [] []
[2025-02-04T23:16:05.133813+00:00] main.INFO: Broken reference: the 'header.panel.wrapper' element cannot be added as child to 'header.container', because the latter doesn't exist [] []
[2025-02-04T23:16:05.134246+00:00] main.INFO: Broken reference: the 'header-wrapper' element cannot be added as child to 'header.container', because the latter doesn't exist [] []
[2025-02-04T23:16:05.134291+00:00] main.INFO: Broken reference: the 'navigation.sections' element cannot be added as child to 'page.top', because the latter doesn't exist [] []
[2025-02-04T23:16:05.134333+00:00] main.INFO: Broken reference: the 'top.container' element cannot be added as child to 'page.top', because the latter doesn't exist [] []
[2025-02-04T23:16:05.134358+00:00] main.INFO: Broken reference: the 'breadcrumbs' element cannot be added as child to 'page.top', because the latter doesn't exist [] []
[2025-02-04T23:16:05.134397+00:00] main.INFO: Broken reference: the 'footer' element cannot be added as child to 'footer-container', because the latter doesn't exist [] []
[2025-02-04T23:16:05.134451+00:00] main.INFO: Broken reference: the 'catalog.compare.sidebar' element cannot be added as child to 'sidebar.additional', because the latter doesn't exist [] []
[2025-02-04T23:16:05.134485+00:00] main.INFO: Broken reference: the 'sale.reorder.sidebar' element cannot be added as child to 'sidebar.additional', because the latter doesn't exist [] []
[2025-02-04T23:16:05.134552+00:00] main.INFO: Broken reference: the 'wishlist_sidebar' element cannot be added as child to 'sidebar.additional', because the latter doesn't exist [] []
[2025-02-04T23:16:05.134605+00:00] main.INFO: Broken reference: the 'header.panel.wrapper' tries to reorder itself towards '', but their parents are different: 'header.container' and '' respectively. [] []
[2025-02-04T23:16:05.134637+00:00] main.INFO: Broken reference: the 'navigation.sections' tries to reorder itself towards '', but their parents are different: 'page.top' and '' respectively. [] []
[2025-02-04T23:16:05.617734+00:00] main.ERROR: Unable to resolve the source file for 'frontend/Magento/luma/en_US/moment.min.js.map' [] []
[2025-02-04T23:16:05.618073+00:00] main.CRITICAL: Unable to resolve the source file for 'frontend/Magento/luma/en_US/moment.min.js.map' [] []
[2025-02-04T23:16:07.013256+00:00] main.INFO: Broken reference: the 'header.panel.wrapper' element cannot be added as child to 'header.container', because the latter doesn't exist [] []
[2025-02-04T23:16:07.013644+00:00] main.INFO: Broken reference: the 'header-wrapper' element cannot be added as child to 'header.container', because the latter doesn't exist [] []
[2025-02-04T23:16:07.013681+00:00] main.INFO: Broken reference: the 'navigation.sections' element cannot be added as child to 'page.top', because the latter doesn't exist [] []
[2025-02-04T23:16:07.013714+00:00] main.INFO: Broken reference: the 'top.container' element cannot be added as child to 'page.top', because the latter doesn't exist [] []
[2025-02-04T23:16:07.013737+00:00] main.INFO: Broken reference: the 'breadcrumbs' element cannot be added as child to 'page.top', because the latter doesn't exist [] []
[2025-02-04T23:16:07.013781+00:00] main.INFO: Broken reference: the 'footer' element cannot be added as child to 'footer-container', because the latter doesn't exist [] []
[2025-02-04T23:16:07.013832+00:00] main.INFO: Broken reference: the 'catalog.compare.sidebar' element cannot be added as child to 'sidebar.additional', because the latter doesn't exist [] []
[2025-02-04T23:16:07.013865+00:00] main.INFO: Broken reference: the 'sale.reorder.sidebar' element cannot be added as child to 'sidebar.additional', because the latter doesn't exist [] []
[2025-02-04T23:16:07.013934+00:00] main.INFO: Broken reference: the 'wishlist_sidebar' element cannot be added as child to 'sidebar.additional', because the latter doesn't exist [] []
[2025-02-04T23:16:07.013993+00:00] main.INFO: Broken reference: the 'header.panel.wrapper' tries to reorder itself towards '', but their parents are different: 'header.container' and '' respectively. [] []
[2025-02-04T23:16:07.014028+00:00] main.INFO: Broken reference: the 'navigation.sections' tries to reorder itself towards '', but their parents are different: 'page.top' and '' respectively. [] []
[2025-02-04T23:16:07.467477+00:00] main.ERROR: Unable to resolve the source file for 'frontend/Magento/luma/en_US/moment.min.js.map' [] []
[2025-02-04T23:16:07.467836+00:00] main.CRITICAL: Unable to resolve the source file for 'frontend/Magento/luma/en_US/moment.min.js.map' [] []
[2025-02-04T23:17:21.484850+00:00] main.INFO: Broken reference: the 'header.panel.wrapper' element cannot be added as child to 'header.container', because the latter doesn't exist [] []
[2025-02-04T23:17:21.485214+00:00] main.INFO: Broken reference: the 'header-wrapper' element cannot be added as child to 'header.container', because the latter doesn't exist [] []
[2025-02-04T23:17:21.485249+00:00] main.INFO: Broken reference: the 'navigation.sections' element cannot be added as child to 'page.top', because the latter doesn't exist [] []
[2025-02-04T23:17:21.485283+00:00] main.INFO: Broken reference: the 'top.container' element cannot be added as child to 'page.top', because the latter doesn't exist [] []
[2025-02-04T23:17:21.485306+00:00] main.INFO: Broken reference: the 'breadcrumbs' element cannot be added as child to 'page.top', because the latter doesn't exist [] []
[2025-02-04T23:17:21.485341+00:00] main.INFO: Broken reference: the 'footer' element cannot be added as child to 'footer-container', because the latter doesn't exist [] []
[2025-02-04T23:17:21.485388+00:00] main.INFO: Broken reference: the 'catalog.compare.sidebar' element cannot be added as child to 'sidebar.additional', because the latter doesn't exist [] []
[2025-02-04T23:17:21.485419+00:00] main.INFO: Broken reference: the 'sale.reorder.sidebar' element cannot be added as child to 'sidebar.additional', because the latter doesn't exist [] []
[2025-02-04T23:17:21.485480+00:00] main.INFO: Broken reference: the 'wishlist_sidebar' element cannot be added as child to 'sidebar.additional', because the latter doesn't exist [] []
[2025-02-04T23:17:21.485530+00:00] main.INFO: Broken reference: the 'header.panel.wrapper' tries to reorder itself towards '', but their parents are different: 'header.container' and '' respectively. [] []
[2025-02-04T23:17:21.485561+00:00] main.INFO: Broken reference: the 'navigation.sections' tries to reorder itself towards '', but their parents are different: 'page.top' and '' respectively. [] []
[2025-02-04T23:17:21.900513+00:00] main.ERROR: Unable to resolve the source file for 'frontend/Magento/luma/en_US/moment.min.js.map' [] []
[2025-02-04T23:17:21.900947+00:00] main.CRITICAL: Unable to resolve the source file for 'frontend/Magento/luma/en_US/moment.min.js.map' [] []
[2025-02-04T23:18:19.362118+00:00] main.INFO: Broken reference: the 'header.panel.wrapper' element cannot be added as child to 'header.container', because the latter doesn't exist [] []
[2025-02-04T23:18:19.362838+00:00] main.INFO: Broken reference: the 'header-wrapper' element cannot be added as child to 'header.container', because the latter doesn't exist [] []
[2025-02-04T23:18:19.362905+00:00] main.INFO: Broken reference: the 'navigation.sections' element cannot be added as child to 'page.top', because the latter doesn't exist [] []
[2025-02-04T23:18:19.362943+00:00] main.INFO: Broken reference: the 'top.container' element cannot be added as child to 'page.top', because the latter doesn't exist [] []
[2025-02-04T23:18:19.362969+00:00] main.INFO: Broken reference: the 'breadcrumbs' element cannot be added as child to 'page.top', because the latter doesn't exist [] []
[2025-02-04T23:18:19.363011+00:00] main.INFO: Broken reference: the 'footer' element cannot be added as child to 'footer-container', because the latter doesn't exist [] []
[2025-02-04T23:18:19.363067+00:00] main.INFO: Broken reference: the 'catalog.compare.sidebar' element cannot be added as child to 'sidebar.additional', because the latter doesn't exist [] []
[2025-02-04T23:18:19.363104+00:00] main.INFO: Broken reference: the 'sale.reorder.sidebar' element cannot be added as child to 'sidebar.additional', because the latter doesn't exist [] []
[2025-02-04T23:18:19.363203+00:00] main.INFO: Broken reference: the 'wishlist_sidebar' element cannot be added as child to 'sidebar.additional', because the latter doesn't exist [] []
[2025-02-04T23:18:19.363260+00:00] main.INFO: Broken reference: the 'header.panel.wrapper' tries to reorder itself towards '', but their parents are different: 'header.container' and '' respectively. [] []
[2025-02-04T23:18:19.363304+00:00] main.INFO: Broken reference: the 'navigation.sections' tries to reorder itself towards '', but their parents are different: 'page.top' and '' respectively. [] []
[2025-02-04T23:18:19.830714+00:00] main.ERROR: Unable to resolve the source file for 'frontend/Magento/luma/en_US/moment.min.js.map' [] []
[2025-02-04T23:18:19.831234+00:00] main.CRITICAL: Unable to resolve the source file for 'frontend/Magento/luma/en_US/moment.min.js.map' [] []
[2025-02-04T23:19:38.930772+00:00] main.INFO: Broken reference: the 'header.panel.wrapper' element cannot be added as child to 'header.container', because the latter doesn't exist [] []
[2025-02-04T23:19:38.931130+00:00] main.INFO: Broken reference: the 'header-wrapper' element cannot be added as child to 'header.container', because the latter doesn't exist [] []
[2025-02-04T23:19:38.931165+00:00] main.INFO: Broken reference: the 'navigation.sections' element cannot be added as child to 'page.top', because the latter doesn't exist [] []
[2025-02-04T23:19:38.931197+00:00] main.INFO: Broken reference: the 'top.container' element cannot be added as child to 'page.top', because the latter doesn't exist [] []
[2025-02-04T23:19:38.931220+00:00] main.INFO: Broken reference: the 'breadcrumbs' element cannot be added as child to 'page.top', because the latter doesn't exist [] []
[2025-02-04T23:19:38.931255+00:00] main.INFO: Broken reference: the 'footer' element cannot be added as child to 'footer-container', because the latter doesn't exist [] []
[2025-02-04T23:19:38.931301+00:00] main.INFO: Broken reference: the 'catalog.compare.sidebar' element cannot be added as child to 'sidebar.additional', because the latter doesn't exist [] []
[2025-02-04T23:19:38.931332+00:00] main.INFO: Broken reference: the 'sale.reorder.sidebar' element cannot be added as child to 'sidebar.additional', because the latter doesn't exist [] []
[2025-02-04T23:19:38.931397+00:00] main.INFO: Broken reference: the 'wishlist_sidebar' element cannot be added as child to 'sidebar.additional', because the latter doesn't exist [] []
[2025-02-04T23:19:38.931449+00:00] main.INFO: Broken reference: the 'header.panel.wrapper' tries to reorder itself towards '', but their parents are different: 'header.container' and '' respectively. [] []
[2025-02-04T23:19:38.931484+00:00] main.INFO: Broken reference: the 'navigation.sections' tries to reorder itself towards '', but their parents are different: 'page.top' and '' respectively. [] []
[2025-02-04T23:19:46.031045+00:00] main.ERROR: Unable to resolve the source file for 'frontend/Magento/luma/en_US/moment.min.js.map' [] []
[2025-02-04T23:19:46.031388+00:00] main.CRITICAL: Unable to resolve the source file for 'frontend/Magento/luma/en_US/moment.min.js.map' [] []
[2025-02-04T23:22:41.285653+00:00] main.INFO: Broken reference: the 'catalog.compare.sidebar' element cannot be added as child to 'sidebar.additional', because the latter doesn't exist [] []
[2025-02-04T23:22:41.286012+00:00] main.INFO: Broken reference: the 'sale.reorder.sidebar' element cannot be added as child to 'sidebar.additional', because the latter doesn't exist [] []
[2025-02-04T23:22:41.286097+00:00] main.INFO: Broken reference: the 'wishlist_sidebar' element cannot be added as child to 'sidebar.additional', because the latter doesn't exist [] []
[2025-02-04T23:22:41.869991+00:00] main.ERROR: Unable to resolve the source file for 'frontend/Magento/luma/en_US/moment.min.js.map' [] []
[2025-02-04T23:22:41.870665+00:00] main.CRITICAL: Unable to resolve the source file for 'frontend/Magento/luma/en_US/moment.min.js.map' [] []
[2025-02-04T23:22:43.708605+00:00] main.ERROR: Unable to resolve the source file for 'frontend/Magento/luma/en_US/moment.min.js.map' [] []
[2025-02-04T23:22:43.708964+00:00] main.CRITICAL: Unable to resolve the source file for 'frontend/Magento/luma/en_US/moment.min.js.map' [] []
[2025-02-04T23:22:45.737901+00:00] main.ERROR: Unable to resolve the source file for 'frontend/Magento/luma/en_US/moment.min.js.map' [] []
[2025-02-04T23:22:45.738395+00:00] main.CRITICAL: Unable to resolve the source file for 'frontend/Magento/luma/en_US/moment.min.js.map' [] []
[2025-02-04T23:22:46.484711+00:00] main.INFO: Broken reference: the 'catalog.compare.sidebar' element cannot be added as child to 'sidebar.additional', because the latter doesn't exist [] []
[2025-02-04T23:22:46.485097+00:00] main.INFO: Broken reference: the 'sale.reorder.sidebar' element cannot be added as child to 'sidebar.additional', because the latter doesn't exist [] []
[2025-02-04T23:22:46.485201+00:00] main.INFO: Broken reference: the 'wishlist_sidebar' element cannot be added as child to 'sidebar.additional', because the latter doesn't exist [] []
[2025-02-04T23:22:46.485492+00:00] main.INFO: Broken reference: the 'skip_gallery_before' tries to reorder itself towards 'product.info.media.image', but their parents are different: 'skip_gallery_before.wrapper' and 'product.info.media' respectively. [] []
[2025-02-04T23:22:46.485532+00:00] main.INFO: Broken reference: the 'skip_gallery_after' tries to reorder itself towards 'product.info.media.image', but their parents are different: 'skip_gallery_after.wrapper' and 'product.info.media' respectively. [] []
[2025-02-04T23:22:47.392216+00:00] main.ERROR: Unable to resolve the source file for 'frontend/Magento/luma/en_US/moment.min.js.map' [] []
[2025-02-04T23:22:47.392964+00:00] main.CRITICAL: Unable to resolve the source file for 'frontend/Magento/luma/en_US/moment.min.js.map' [] []
[2025-02-04T23:22:48.030590+00:00] main.ERROR: Unable to resolve the source file for 'frontend/Magento/luma/en_US/vimeo/player.js.map' [] []
[2025-02-04T23:22:48.031279+00:00] main.CRITICAL: Unable to resolve the source file for 'frontend/Magento/luma/en_US/vimeo/player.js.map' [] []
[2025-02-04T23:22:51.479272+00:00] main.INFO: Broken reference: the 'header.panel.wrapper' element cannot be added as child to 'header.container', because the latter doesn't exist [] []
[2025-02-04T23:22:51.479679+00:00] main.INFO: Broken reference: the 'header-wrapper' element cannot be added as child to 'header.container', because the latter doesn't exist [] []
[2025-02-04T23:22:51.479718+00:00] main.INFO: Broken reference: the 'navigation.sections' element cannot be added as child to 'page.top', because the latter doesn't exist [] []
[2025-02-04T23:22:51.479756+00:00] main.INFO: Broken reference: the 'top.container' element cannot be added as child to 'page.top', because the latter doesn't exist [] []
[2025-02-04T23:22:51.479782+00:00] main.INFO: Broken reference: the 'breadcrumbs' element cannot be added as child to 'page.top', because the latter doesn't exist [] []
[2025-02-04T23:22:51.479820+00:00] main.INFO: Broken reference: the 'footer' element cannot be added as child to 'footer-container', because the latter doesn't exist [] []
[2025-02-04T23:22:51.479874+00:00] main.INFO: Broken reference: the 'catalog.compare.sidebar' element cannot be added as child to 'sidebar.additional', because the latter doesn't exist [] []
[2025-02-04T23:22:51.479915+00:00] main.INFO: Broken reference: the 'sale.reorder.sidebar' element cannot be added as child to 'sidebar.additional', because the latter doesn't exist [] []
[2025-02-04T23:22:51.479985+00:00] main.INFO: Broken reference: the 'wishlist_sidebar' element cannot be added as child to 'sidebar.additional', because the latter doesn't exist [] []
[2025-02-04T23:22:51.480037+00:00] main.INFO: Broken reference: the 'header.panel.wrapper' tries to reorder itself towards '', but their parents are different: 'header.container' and '' respectively. [] []
[2025-02-04T23:22:51.480069+00:00] main.INFO: Broken reference: the 'navigation.sections' tries to reorder itself towards '', but their parents are different: 'page.top' and '' respectively. [] []
[2025-02-04T23:22:51.786555+00:00] main.ERROR: Unable to resolve the source file for 'frontend/Magento/luma/en_US/moment.min.js.map' [] []
[2025-02-04T23:22:51.786918+00:00] main.CRITICAL: Unable to resolve the source file for 'frontend/Magento/luma/en_US/moment.min.js.map' [] []
[2025-02-05T07:37:38.688007+00:00] main.INFO: Broken reference: the 'catalog.compare.sidebar' element cannot be added as child to 'sidebar.additional', because the latter doesn't exist [] []
[2025-02-05T07:37:38.688404+00:00] main.INFO: Broken reference: the 'sale.reorder.sidebar' element cannot be added as child to 'sidebar.additional', because the latter doesn't exist [] []
[2025-02-05T07:37:38.688493+00:00] main.INFO: Broken reference: the 'wishlist_sidebar' element cannot be added as child to 'sidebar.additional', because the latter doesn't exist [] []
[2025-02-05T07:37:38.688613+00:00] main.INFO: Broken reference: the 'checkout.cart.item.renderers.gift-card.actions.gift_options' element cannot be added as child to 'checkout.cart.item.renderers.gift-card.actions', because the latter doesn't exist [] []
[2025-02-05T07:37:38.688776+00:00] main.INFO: Broken reference: the 'checkout.cart.item.renderers.gift-card.actions.gift_options' tries to reorder itself towards '', but their parents are different: 'checkout.cart.item.renderers.gift-card.actions' and '' respectively. [] []
[2025-02-05T07:37:39.170301+00:00] main.ERROR: Unable to resolve the source file for 'frontend/Magento/luma/en_US/moment.min.js.map' [] []
[2025-02-05T07:37:39.170866+00:00] main.CRITICAL: Unable to resolve the source file for 'frontend/Magento/luma/en_US/moment.min.js.map' [] []
[2025-02-05T07:37:41.275795+00:00] main.ERROR: Unable to resolve the source file for 'frontend/Magento/luma/en_US/moment.min.js.map' [] []
[2025-02-05T07:37:41.276154+00:00] main.CRITICAL: Unable to resolve the source file for 'frontend/Magento/luma/en_US/moment.min.js.map' [] []
[2025-02-05T07:37:44.092721+00:00] main.ERROR: Unable to resolve the source file for 'frontend/Magento/luma/en_US/moment.min.js.map' [] []
[2025-02-05T07:37:44.093290+00:00] main.CRITICAL: Unable to resolve the source file for 'frontend/Magento/luma/en_US/moment.min.js.map' [] []
[2025-02-05T07:37:44.876778+00:00] main.INFO: Broken reference: the 'catalog.compare.sidebar' element cannot be added as child to 'sidebar.additional', because the latter doesn't exist [] []
[2025-02-05T07:37:44.877130+00:00] main.INFO: Broken reference: the 'sale.reorder.sidebar' element cannot be added as child to 'sidebar.additional', because the latter doesn't exist [] []
[2025-02-05T07:37:44.877208+00:00] main.INFO: Broken reference: the 'wishlist_sidebar' element cannot be added as child to 'sidebar.additional', because the latter doesn't exist [] []
[2025-02-05T07:37:44.877448+00:00] main.INFO: Broken reference: the 'skip_gallery_before' tries to reorder itself towards 'product.info.media.image', but their parents are different: 'skip_gallery_before.wrapper' and 'product.info.media' respectively. [] []
[2025-02-05T07:37:44.877485+00:00] main.INFO: Broken reference: the 'skip_gallery_after' tries to reorder itself towards 'product.info.media.image', but their parents are different: 'skip_gallery_after.wrapper' and 'product.info.media' respectively. [] []
[2025-02-05T07:37:45.338002+00:00] main.ERROR: Unable to resolve the source file for 'frontend/Magento/luma/en_US/moment.min.js.map' [] []
[2025-02-05T07:37:45.338329+00:00] main.CRITICAL: Unable to resolve the source file for 'frontend/Magento/luma/en_US/moment.min.js.map' [] []
[2025-02-05T07:37:45.811125+00:00] main.ERROR: Unable to resolve the source file for 'frontend/Magento/luma/en_US/vimeo/player.js.map' [] []
[2025-02-05T07:37:45.811620+00:00] main.CRITICAL: Unable to resolve the source file for 'frontend/Magento/luma/en_US/vimeo/player.js.map' [] []
[2025-02-05T07:39:56.513650+00:00] main.INFO: Broken reference: the 'header.panel.wrapper' element cannot be added as child to 'header.container', because the latter doesn't exist [] []
[2025-02-05T07:39:56.514046+00:00] main.INFO: Broken reference: the 'header-wrapper' element cannot be added as child to 'header.container', because the latter doesn't exist [] []
[2025-02-05T07:39:56.514086+00:00] main.INFO: Broken reference: the 'navigation.sections' element cannot be added as child to 'page.top', because the latter doesn't exist [] []
[2025-02-05T07:39:56.514122+00:00] main.INFO: Broken reference: the 'top.container' element cannot be added as child to 'page.top', because the latter doesn't exist [] []
[2025-02-05T07:39:56.514161+00:00] main.INFO: Broken reference: the 'breadcrumbs' element cannot be added as child to 'page.top', because the latter doesn't exist [] []
[2025-02-05T07:39:56.514202+00:00] main.INFO: Broken reference: the 'footer' element cannot be added as child to 'footer-container', because the latter doesn't exist [] []
[2025-02-05T07:39:56.514266+00:00] main.INFO: Broken reference: the 'catalog.compare.sidebar' element cannot be added as child to 'sidebar.additional', because the latter doesn't exist [] []
[2025-02-05T07:39:56.514303+00:00] main.INFO: Broken reference: the 'sale.reorder.sidebar' element cannot be added as child to 'sidebar.additional', because the latter doesn't exist [] []
[2025-02-05T07:39:56.514378+00:00] main.INFO: Broken reference: the 'wishlist_sidebar' element cannot be added as child to 'sidebar.additional', because the latter doesn't exist [] []
[2025-02-05T07:39:56.514442+00:00] main.INFO: Broken reference: the 'header.panel.wrapper' tries to reorder itself towards '', but their parents are different: 'header.container' and '' respectively. [] []
[2025-02-05T07:39:56.514479+00:00] main.INFO: Broken reference: the 'navigation.sections' tries to reorder itself towards '', but their parents are different: 'page.top' and '' respectively. [] []
[2025-02-05T07:39:56.899688+00:00] main.ERROR: Unable to resolve the source file for 'frontend/Magento/luma/en_US/moment.min.js.map' [] []
[2025-02-05T07:39:56.900329+00:00] main.CRITICAL: Unable to resolve the source file for 'frontend/Magento/luma/en_US/moment.min.js.map' [] []
[2025-02-05T07:39:59.460281+00:00] main.INFO: Broken reference: the 'catalog.compare.sidebar' element cannot be added as child to 'sidebar.additional', because the latter doesn't exist [] []
[2025-02-05T07:39:59.460940+00:00] main.INFO: Broken reference: the 'sale.reorder.sidebar' element cannot be added as child to 'sidebar.additional', because the latter doesn't exist [] []
[2025-02-05T07:39:59.461048+00:00] main.INFO: Broken reference: the 'wishlist_sidebar' element cannot be added as child to 'sidebar.additional', because the latter doesn't exist [] []
[2025-02-05T07:39:59.461083+00:00] main.INFO: Broken reference: the 'paypal.partner.right.logo' element cannot be added as child to 'sidebar.additional', because the latter doesn't exist [] []
[2025-02-05T07:39:59.461104+00:00] main.INFO: Broken reference: the 'bml.right.logo' element cannot be added as child to 'sidebar.additional', because the latter doesn't exist [] []
[2025-02-05T07:39:59.461124+00:00] main.INFO: Broken reference: the 'sidebar.container.paylater' element cannot be added as child to 'sidebar.additional', because the latter doesn't exist [] []
[2025-02-05T09:32:27.821099+00:00] main.INFO: Broken reference: the 'catalog.compare.sidebar' element cannot be added as child to 'sidebar.additional', because the latter doesn't exist [] []
[2025-02-05T09:32:27.823119+00:00] main.INFO: Broken reference: the 'sale.reorder.sidebar' element cannot be added as child to 'sidebar.additional', because the latter doesn't exist [] []
[2025-02-05T09:32:27.823312+00:00] main.INFO: Broken reference: the 'wishlist_sidebar' element cannot be added as child to 'sidebar.additional', because the latter doesn't exist [] []
[2025-02-05T09:32:27.823361+00:00] main.INFO: Broken reference: the 'paypal.partner.right.logo' element cannot be added as child to 'sidebar.additional', because the latter doesn't exist [] []
[2025-02-05T09:32:27.823388+00:00] main.INFO: Broken reference: the 'bml.right.logo' element cannot be added as child to 'sidebar.additional', because the latter doesn't exist [] []
[2025-02-05T09:32:27.823414+00:00] main.INFO: Broken reference: the 'sidebar.container.paylater' element cannot be added as child to 'sidebar.additional', because the latter doesn't exist [] []
[2025-02-05T09:32:33.356082+00:00] main.INFO: Broken reference: the 'catalog.compare.sidebar' element cannot be added as child to 'sidebar.additional', because the latter doesn't exist [] []
[2025-02-05T09:32:33.356665+00:00] main.INFO: Broken reference: the 'sale.reorder.sidebar' element cannot be added as child to 'sidebar.additional', because the latter doesn't exist [] []
[2025-02-05T09:32:33.356760+00:00] main.INFO: Broken reference: the 'wishlist_sidebar' element cannot be added as child to 'sidebar.additional', because the latter doesn't exist [] []
[2025-02-05T09:32:33.357064+00:00] main.INFO: Broken reference: the 'skip_gallery_before' tries to reorder itself towards 'product.info.media.image', but their parents are different: 'skip_gallery_before.wrapper' and 'product.info.media' respectively. [] []
[2025-02-05T09:32:33.357100+00:00] main.INFO: Broken reference: the 'skip_gallery_after' tries to reorder itself towards 'product.info.media.image', but their parents are different: 'skip_gallery_after.wrapper' and 'product.info.media' respectively. [] []
[2025-02-05T09:32:36.652835+00:00] main.INFO: Broken reference: the 'header.panel.wrapper' element cannot be added as child to 'header.container', because the latter doesn't exist [] []
[2025-02-05T09:32:36.653334+00:00] main.INFO: Broken reference: the 'header-wrapper' element cannot be added as child to 'header.container', because the latter doesn't exist [] []
[2025-02-05T09:32:36.653372+00:00] main.INFO: Broken reference: the 'navigation.sections' element cannot be added as child to 'page.top', because the latter doesn't exist [] []
[2025-02-05T09:32:36.653405+00:00] main.INFO: Broken reference: the 'top.container' element cannot be added as child to 'page.top', because the latter doesn't exist [] []
[2025-02-05T09:32:36.653427+00:00] main.INFO: Broken reference: the 'breadcrumbs' element cannot be added as child to 'page.top', because the latter doesn't exist [] []
[2025-02-05T09:32:36.653465+00:00] main.INFO: Broken reference: the 'footer' element cannot be added as child to 'footer-container', because the latter doesn't exist [] []
[2025-02-05T09:32:36.653521+00:00] main.INFO: Broken reference: the 'catalog.compare.sidebar' element cannot be added as child to 'sidebar.additional', because the latter doesn't exist [] []
[2025-02-05T09:32:36.653556+00:00] main.INFO: Broken reference: the 'sale.reorder.sidebar' element cannot be added as child to 'sidebar.additional', because the latter doesn't exist [] []
[2025-02-05T09:32:36.653629+00:00] main.INFO: Broken reference: the 'wishlist_sidebar' element cannot be added as child to 'sidebar.additional', because the latter doesn't exist [] []
[2025-02-05T09:32:36.653687+00:00] main.INFO: Broken reference: the 'header.panel.wrapper' tries to reorder itself towards '', but their parents are different: 'header.container' and '' respectively. [] []
[2025-02-05T09:32:36.653723+00:00] main.INFO: Broken reference: the 'navigation.sections' tries to reorder itself towards '', but their parents are different: 'page.top' and '' respectively. [] []
[2025-02-05T09:38:37.586107+00:00] main.INFO: Broken reference: the 'header.panel.wrapper' element cannot be added as child to 'header.container', because the latter doesn't exist [] []
[2025-02-05T09:38:37.586514+00:00] main.INFO: Broken reference: the 'header-wrapper' element cannot be added as child to 'header.container', because the latter doesn't exist [] []
[2025-02-05T09:38:37.586554+00:00] main.INFO: Broken reference: the 'navigation.sections' element cannot be added as child to 'page.top', because the latter doesn't exist [] []
[2025-02-05T09:38:37.586589+00:00] main.INFO: Broken reference: the 'top.container' element cannot be added as child to 'page.top', because the latter doesn't exist [] []
[2025-02-05T09:38:37.586615+00:00] main.INFO: Broken reference: the 'breadcrumbs' element cannot be added as child to 'page.top', because the latter doesn't exist [] []
[2025-02-05T09:38:37.586655+00:00] main.INFO: Broken reference: the 'footer' element cannot be added as child to 'footer-container', because the latter doesn't exist [] []
[2025-02-05T09:38:37.586711+00:00] main.INFO: Broken reference: the 'catalog.compare.sidebar' element cannot be added as child to 'sidebar.additional', because the latter doesn't exist [] []
[2025-02-05T09:38:37.586754+00:00] main.INFO: Broken reference: the 'sale.reorder.sidebar' element cannot be added as child to 'sidebar.additional', because the latter doesn't exist [] []
[2025-02-05T09:38:37.586833+00:00] main.INFO: Broken reference: the 'wishlist_sidebar' element cannot be added as child to 'sidebar.additional', because the latter doesn't exist [] []
[2025-02-05T09:38:37.586899+00:00] main.INFO: Broken reference: the 'header.panel.wrapper' tries to reorder itself towards '', but their parents are different: 'header.container' and '' respectively. [] []
[2025-02-05T09:38:37.586936+00:00] main.INFO: Broken reference: the 'navigation.sections' tries to reorder itself towards '', but their parents are different: 'page.top' and '' respectively. [] []
[2025-02-05T09:38:40.624160+00:00] main.ERROR: Unable to resolve the source file for 'frontend/Magento/luma/en_US/moment.min.js.map' [] []
[2025-02-05T09:38:40.624718+00:00] main.CRITICAL: Unable to resolve the source file for 'frontend/Magento/luma/en_US/moment.min.js.map' [] []
[2025-02-05T10:09:28.437777+00:00] main.INFO: Broken reference: the 'catalog.compare.sidebar' element cannot be added as child to 'sidebar.additional', because the latter doesn't exist [] []
[2025-02-05T10:09:28.438454+00:00] main.INFO: Broken reference: the 'sale.reorder.sidebar' element cannot be added as child to 'sidebar.additional', because the latter doesn't exist [] []
[2025-02-05T10:09:28.438561+00:00] main.INFO: Broken reference: the 'wishlist_sidebar' element cannot be added as child to 'sidebar.additional', because the latter doesn't exist [] []
[2025-02-05T10:09:28.438603+00:00] main.INFO: Broken reference: the 'paypal.partner.right.logo' element cannot be added as child to 'sidebar.additional', because the latter doesn't exist [] []
[2025-02-05T10:09:28.438628+00:00] main.INFO: Broken reference: the 'bml.right.logo' element cannot be added as child to 'sidebar.additional', because the latter doesn't exist [] []
[2025-02-05T10:09:28.438652+00:00] main.INFO: Broken reference: the 'sidebar.container.paylater' element cannot be added as child to 'sidebar.additional', because the latter doesn't exist [] []
[2025-02-05T10:09:32.834543+00:00] main.INFO: Broken reference: the 'catalog.compare.sidebar' element cannot be added as child to 'sidebar.additional', because the latter doesn't exist [] []
[2025-02-05T10:09:32.834920+00:00] main.INFO: Broken reference: the 'sale.reorder.sidebar' element cannot be added as child to 'sidebar.additional', because the latter doesn't exist [] []
[2025-02-05T10:09:32.835001+00:00] main.INFO: Broken reference: the 'wishlist_sidebar' element cannot be added as child to 'sidebar.additional', because the latter doesn't exist [] []
[2025-02-05T10:09:32.835119+00:00] main.INFO: Broken reference: the 'checkout.cart.item.renderers.gift-card.actions.gift_options' element cannot be added as child to 'checkout.cart.item.renderers.gift-card.actions', because the latter doesn't exist [] []
[2025-02-05T10:09:32.835289+00:00] main.INFO: Broken reference: the 'checkout.cart.item.renderers.gift-card.actions.gift_options' tries to reorder itself towards '', but their parents are different: 'checkout.cart.item.renderers.gift-card.actions' and '' respectively. [] []
[2025-02-05T10:09:40.697875+00:00] main.INFO: Broken reference: the 'catalog.compare.sidebar' element cannot be added as child to 'sidebar.additional', because the latter doesn't exist [] []
[2025-02-05T10:09:40.698218+00:00] main.INFO: Broken reference: the 'sale.reorder.sidebar' element cannot be added as child to 'sidebar.additional', because the latter doesn't exist [] []
[2025-02-05T10:09:40.698312+00:00] main.INFO: Broken reference: the 'wishlist_sidebar' element cannot be added as child to 'sidebar.additional', because the latter doesn't exist [] []
[2025-02-05T10:09:40.698580+00:00] main.INFO: Broken reference: the 'skip_gallery_before' tries to reorder itself towards 'product.info.media.image', but their parents are different: 'skip_gallery_before.wrapper' and 'product.info.media' respectively. [] []
[2025-02-05T10:09:40.698618+00:00] main.INFO: Broken reference: the 'skip_gallery_after' tries to reorder itself towards 'product.info.media.image', but their parents are different: 'skip_gallery_after.wrapper' and 'product.info.media' respectively. [] []
[2025-02-05T10:09:44.073717+00:00] main.INFO: Broken reference: the 'header.panel.wrapper' element cannot be added as child to 'header.container', because the latter doesn't exist [] []
[2025-02-05T10:09:44.074067+00:00] main.INFO: Broken reference: the 'header-wrapper' element cannot be added as child to 'header.container', because the latter doesn't exist [] []
[2025-02-05T10:09:44.074101+00:00] main.INFO: Broken reference: the 'navigation.sections' element cannot be added as child to 'page.top', because the latter doesn't exist [] []
[2025-02-05T10:09:44.074136+00:00] main.INFO: Broken reference: the 'top.container' element cannot be added as child to 'page.top', because the latter doesn't exist [] []
[2025-02-05T10:09:44.074160+00:00] main.INFO: Broken reference: the 'breadcrumbs' element cannot be added as child to 'page.top', because the latter doesn't exist [] []
[2025-02-05T10:09:44.074197+00:00] main.INFO: Broken reference: the 'footer' element cannot be added as child to 'footer-container', because the latter doesn't exist [] []
[2025-02-05T10:09:44.074246+00:00] main.INFO: Broken reference: the 'catalog.compare.sidebar' element cannot be added as child to 'sidebar.additional', because the latter doesn't exist [] []
[2025-02-05T10:09:44.074279+00:00] main.INFO: Broken reference: the 'sale.reorder.sidebar' element cannot be added as child to 'sidebar.additional', because the latter doesn't exist [] []
[2025-02-05T10:09:44.074345+00:00] main.INFO: Broken reference: the 'wishlist_sidebar' element cannot be added as child to 'sidebar.additional', because the latter doesn't exist [] []
[2025-02-05T10:09:44.074401+00:00] main.INFO: Broken reference: the 'header.panel.wrapper' tries to reorder itself towards '', but their parents are different: 'header.container' and '' respectively. [] []
[2025-02-05T10:09:44.074435+00:00] main.INFO: Broken reference: the 'navigation.sections' tries to reorder itself towards '', but their parents are different: 'page.top' and '' respectively. [] []
[2025-02-05T10:09:54.743307+00:00] main.ERROR: Unable to resolve the source file for 'frontend/Magento/luma/en_US/moment.min.js.map' [] []
[2025-02-05T10:09:54.743684+00:00] main.CRITICAL: Unable to resolve the source file for 'frontend/Magento/luma/en_US/moment.min.js.map' [] []
[2025-02-05T10:12:08.800250+00:00] main.INFO: Broken reference: the 'header.panel.wrapper' element cannot be added as child to 'header.container', because the latter doesn't exist [] []
[2025-02-05T10:12:08.800610+00:00] main.INFO: Broken reference: the 'header-wrapper' element cannot be added as child to 'header.container', because the latter doesn't exist [] []
[2025-02-05T10:12:08.800692+00:00] main.INFO: Broken reference: the 'navigation.sections' element cannot be added as child to 'page.top', because the latter doesn't exist [] []
[2025-02-05T10:12:08.800734+00:00] main.INFO: Broken reference: the 'top.container' element cannot be added as child to 'page.top', because the latter doesn't exist [] []
[2025-02-05T10:12:08.800758+00:00] main.INFO: Broken reference: the 'breadcrumbs' element cannot be added as child to 'page.top', because the latter doesn't exist [] []
[2025-02-05T10:12:08.800793+00:00] main.INFO: Broken reference: the 'footer' element cannot be added as child to 'footer-container', because the latter doesn't exist [] []
[2025-02-05T10:12:08.800841+00:00] main.INFO: Broken reference: the 'catalog.compare.sidebar' element cannot be added as child to 'sidebar.additional', because the latter doesn't exist [] []
[2025-02-05T10:12:08.800874+00:00] main.INFO: Broken reference: the 'sale.reorder.sidebar' element cannot be added as child to 'sidebar.additional', because the latter doesn't exist [] []
[2025-02-05T10:12:08.800944+00:00] main.INFO: Broken reference: the 'wishlist_sidebar' element cannot be added as child to 'sidebar.additional', because the latter doesn't exist [] []
[2025-02-05T10:12:08.801001+00:00] main.INFO: Broken reference: the 'header.panel.wrapper' tries to reorder itself towards '', but their parents are different: 'header.container' and '' respectively. [] []
[2025-02-05T10:12:08.801037+00:00] main.INFO: Broken reference: the 'navigation.sections' tries to reorder itself towards '', but their parents are different: 'page.top' and '' respectively. [] []
[2025-02-05T10:12:09.291488+00:00] main.ERROR: Unable to resolve the source file for 'frontend/Magento/luma/en_US/moment.min.js.map' [] []
[2025-02-05T10:12:09.291830+00:00] main.CRITICAL: Unable to resolve the source file for 'frontend/Magento/luma/en_US/moment.min.js.map' [] []
[2025-02-05T10:12:40.188002+00:00] main.INFO: Broken reference: the 'header.panel.wrapper' element cannot be added as child to 'header.container', because the latter doesn't exist [] []
[2025-02-05T10:12:40.188391+00:00] main.INFO: Broken reference: the 'header-wrapper' element cannot be added as child to 'header.container', because the latter doesn't exist [] []
[2025-02-05T10:12:40.188427+00:00] main.INFO: Broken reference: the 'navigation.sections' element cannot be added as child to 'page.top', because the latter doesn't exist [] []
[2025-02-05T10:12:40.188460+00:00] main.INFO: Broken reference: the 'top.container' element cannot be added as child to 'page.top', because the latter doesn't exist [] []
[2025-02-05T10:12:40.188483+00:00] main.INFO: Broken reference: the 'breadcrumbs' element cannot be added as child to 'page.top', because the latter doesn't exist [] []
[2025-02-05T10:12:40.188519+00:00] main.INFO: Broken reference: the 'footer' element cannot be added as child to 'footer-container', because the latter doesn't exist [] []
[2025-02-05T10:12:40.188571+00:00] main.INFO: Broken reference: the 'catalog.compare.sidebar' element cannot be added as child to 'sidebar.additional', because the latter doesn't exist [] []
[2025-02-05T10:12:40.188606+00:00] main.INFO: Broken reference: the 'sale.reorder.sidebar' element cannot be added as child to 'sidebar.additional', because the latter doesn't exist [] []
[2025-02-05T10:12:40.188674+00:00] main.INFO: Broken reference: the 'wishlist_sidebar' element cannot be added as child to 'sidebar.additional', because the latter doesn't exist [] []
[2025-02-05T10:12:40.188732+00:00] main.INFO: Broken reference: the 'header.panel.wrapper' tries to reorder itself towards '', but their parents are different: 'header.container' and '' respectively. [] []
[2025-02-05T10:12:40.188765+00:00] main.INFO: Broken reference: the 'navigation.sections' tries to reorder itself towards '', but their parents are different: 'page.top' and '' respectively. [] []
[2025-02-05T10:12:40.706776+00:00] main.ERROR: Unable to resolve the source file for 'frontend/Magento/luma/en_US/moment.min.js.map' [] []
[2025-02-05T10:12:40.707101+00:00] main.CRITICAL: Unable to resolve the source file for 'frontend/Magento/luma/en_US/moment.min.js.map' [] []
[2025-02-05T10:36:11.663916+00:00] main.INFO: Broken reference: the 'header.panel.wrapper' element cannot be added as child to 'header.container', because the latter doesn't exist [] []
[2025-02-05T10:36:11.664547+00:00] main.INFO: Broken reference: the 'header-wrapper' element cannot be added as child to 'header.container', because the latter doesn't exist [] []
[2025-02-05T10:36:11.664594+00:00] main.INFO: Broken reference: the 'navigation.sections' element cannot be added as child to 'page.top', because the latter doesn't exist [] []
[2025-02-05T10:36:11.664632+00:00] main.INFO: Broken reference: the 'top.container' element cannot be added as child to 'page.top', because the latter doesn't exist [] []
[2025-02-05T10:36:11.664658+00:00] main.INFO: Broken reference: the 'breadcrumbs' element cannot be added as child to 'page.top', because the latter doesn't exist [] []
[2025-02-05T10:36:11.664705+00:00] main.INFO: Broken reference: the 'footer' element cannot be added as child to 'footer-container', because the latter doesn't exist [] []
[2025-02-05T10:36:11.664765+00:00] main.INFO: Broken reference: the 'catalog.compare.sidebar' element cannot be added as child to 'sidebar.additional', because the latter doesn't exist [] []
[2025-02-05T10:36:11.664804+00:00] main.INFO: Broken reference: the 'sale.reorder.sidebar' element cannot be added as child to 'sidebar.additional', because the latter doesn't exist [] []
[2025-02-05T10:36:11.664892+00:00] main.INFO: Broken reference: the 'wishlist_sidebar' element cannot be added as child to 'sidebar.additional', because the latter doesn't exist [] []
[2025-02-05T10:36:11.664970+00:00] main.INFO: Broken reference: the 'header.panel.wrapper' tries to reorder itself towards '', but their parents are different: 'header.container' and '' respectively. [] []
[2025-02-05T10:36:11.665011+00:00] main.INFO: Broken reference: the 'navigation.sections' tries to reorder itself towards '', but their parents are different: 'page.top' and '' respectively. [] []
[2025-02-05T10:36:12.667892+00:00] main.ERROR: Unable to resolve the source file for 'frontend/Magento/luma/en_US/moment.min.js.map' [] []
[2025-02-05T10:36:12.669003+00:00] main.CRITICAL: Unable to resolve the source file for 'frontend/Magento/luma/en_US/moment.min.js.map' [] []
[2025-02-05T10:38:22.709267+00:00] main.INFO: Broken reference: the 'header.panel.wrapper' element cannot be added as child to 'header.container', because the latter doesn't exist [] []
[2025-02-05T10:38:22.709864+00:00] main.INFO: Broken reference: the 'header-wrapper' element cannot be added as child to 'header.container', because the latter doesn't exist [] []
[2025-02-05T10:38:22.709905+00:00] main.INFO: Broken reference: the 'navigation.sections' element cannot be added as child to 'page.top', because the latter doesn't exist [] []
[2025-02-05T10:38:22.709943+00:00] main.INFO: Broken reference: the 'top.container' element cannot be added as child to 'page.top', because the latter doesn't exist [] []
[2025-02-05T10:38:22.709970+00:00] main.INFO: Broken reference: the 'breadcrumbs' element cannot be added as child to 'page.top', because the latter doesn't exist [] []
[2025-02-05T10:38:22.710020+00:00] main.INFO: Broken reference: the 'footer' element cannot be added as child to 'footer-container', because the latter doesn't exist [] []
[2025-02-05T10:38:22.710093+00:00] main.INFO: Broken reference: the 'catalog.compare.sidebar' element cannot be added as child to 'sidebar.additional', because the latter doesn't exist [] []
[2025-02-05T10:38:22.710152+00:00] main.INFO: Broken reference: the 'sale.reorder.sidebar' element cannot be added as child to 'sidebar.additional', because the latter doesn't exist [] []
[2025-02-05T10:38:22.710276+00:00] main.INFO: Broken reference: the 'wishlist_sidebar' element cannot be added as child to 'sidebar.additional', because the latter doesn't exist [] []
[2025-02-05T10:38:22.710412+00:00] main.INFO: Broken reference: the 'header.panel.wrapper' tries to reorder itself towards '', but their parents are different: 'header.container' and '' respectively. [] []
[2025-02-05T10:38:22.710452+00:00] main.INFO: Broken reference: the 'navigation.sections' tries to reorder itself towards '', but their parents are different: 'page.top' and '' respectively. [] []
[2025-02-05T10:38:26.074148+00:00] main.ERROR: Unable to resolve the source file for 'frontend/Magento/luma/en_US/moment.min.js.map' [] []
[2025-02-05T10:38:26.074866+00:00] main.CRITICAL: Unable to resolve the source file for 'frontend/Magento/luma/en_US/moment.min.js.map' [] []
[2025-02-05T10:39:32.577574+00:00] main.WARNING: Memory size allocated for the temporary table is more than 20% of innodb_buffer_pool_size. Please update innodb_buffer_pool_size or decrease batch size value (which decreases memory usages for the temporary table). Current batch size: 100000; Allocated memory size: 50000000 bytes; InnoDB buffer pool size: 134217728 bytes. [] []
[2025-02-05T10:39:32.607613+00:00] main.WARNING: Memory size allocated for the temporary table is more than 20% of innodb_buffer_pool_size. Please update innodb_buffer_pool_size or decrease batch size value (which decreases memory usages for the temporary table). Current batch size: 100000; Allocated memory size: 50000000 bytes; InnoDB buffer pool size: 134217728 bytes. [] []
[2025-02-05T10:39:32.743055+00:00] main.WARNING: Memory size allocated for the temporary table is more than 20% of innodb_buffer_pool_size. Please update innodb_buffer_pool_size or decrease batch size value (which decreases memory usages for the temporary table). Current batch size: 100000; Allocated memory size: 50000000 bytes; InnoDB buffer pool size: 134217728 bytes. [] []
[2025-02-05T10:39:32.959282+00:00] main.WARNING: Memory size allocated for the temporary table is more than 20% of innodb_buffer_pool_size. Please update innodb_buffer_pool_size or decrease batch size value (which decreases memory usages for the temporary table). Current batch size: 100000; Allocated memory size: 50000000 bytes; InnoDB buffer pool size: 134217728 bytes. [] []
[2025-02-05T10:39:32.984268+00:00] main.WARNING: Memory size allocated for the temporary table is more than 20% of innodb_buffer_pool_size. Please update innodb_buffer_pool_size or decrease batch size value (which decreases memory usages for the temporary table). Current batch size: 100000; Allocated memory size: 50000000 bytes; InnoDB buffer pool size: 134217728 bytes. [] []
[2025-02-05T10:39:33.113784+00:00] main.WARNING: Memory size allocated for the temporary table is more than 20% of innodb_buffer_pool_size. Please update innodb_buffer_pool_size or decrease batch size value (which decreases memory usages for the temporary table). Current batch size: 100000; Allocated memory size: 50000000 bytes; InnoDB buffer pool size: 134217728 bytes. [] []
[2025-02-05T10:39:35.063761+00:00] main.WARNING: Memory size allocated for the temporary table is more than 20% of innodb_buffer_pool_size. Please update innodb_buffer_pool_size or decrease batch size value (which decreases memory usages for the temporary table). Current batch size: 3334; Allocated memory size: 40008000 bytes; InnoDB buffer pool size: 134217728 bytes. [] []
[2025-02-05T10:40:11.803928+00:00] main.INFO: Broken reference: the 'header.panel.wrapper' element cannot be added as child to 'header.container', because the latter doesn't exist [] []
[2025-02-05T10:40:11.804733+00:00] main.INFO: Broken reference: the 'header-wrapper' element cannot be added as child to 'header.container', because the latter doesn't exist [] []
[2025-02-05T10:40:11.804781+00:00] main.INFO: Broken reference: the 'navigation.sections' element cannot be added as child to 'page.top', because the latter doesn't exist [] []
[2025-02-05T10:40:11.804833+00:00] main.INFO: Broken reference: the 'top.container' element cannot be added as child to 'page.top', because the latter doesn't exist [] []
[2025-02-05T10:40:11.804860+00:00] main.INFO: Broken reference: the 'breadcrumbs' element cannot be added as child to 'page.top', because the latter doesn't exist [] []
[2025-02-05T10:40:11.804918+00:00] main.INFO: Broken reference: the 'footer' element cannot be added as child to 'footer-container', because the latter doesn't exist [] []
[2025-02-05T10:40:11.805015+00:00] main.INFO: Broken reference: the 'catalog.compare.sidebar' element cannot be added as child to 'sidebar.additional', because the latter doesn't exist [] []
[2025-02-05T10:40:11.805065+00:00] main.INFO: Broken reference: the 'sale.reorder.sidebar' element cannot be added as child to 'sidebar.additional', because the latter doesn't exist [] []
[2025-02-05T10:40:11.805200+00:00] main.INFO: Broken reference: the 'wishlist_sidebar' element cannot be added as child to 'sidebar.additional', because the latter doesn't exist [] []
[2025-02-05T10:40:11.805290+00:00] main.INFO: Broken reference: the 'header.panel.wrapper' tries to reorder itself towards '', but their parents are different: 'header.container' and '' respectively. [] []
[2025-02-05T10:40:11.805328+00:00] main.INFO: Broken reference: the 'navigation.sections' tries to reorder itself towards '', but their parents are different: 'page.top' and '' respectively. [] []
[2025-02-05T10:40:15.288108+00:00] main.ERROR: Unable to resolve the source file for 'frontend/Magento/luma/en_US/moment.min.js.map' [] []
[2025-02-05T10:40:15.288842+00:00] main.CRITICAL: Unable to resolve the source file for 'frontend/Magento/luma/en_US/moment.min.js.map' [] []
[2025-02-05T10:52:09.223260+00:00] main.INFO: Broken reference: the 'header.panel.wrapper' element cannot be added as child to 'header.container', because the latter doesn't exist [] []
[2025-02-05T10:52:09.223701+00:00] main.INFO: Broken reference: the 'header-wrapper' element cannot be added as child to 'header.container', because the latter doesn't exist [] []
[2025-02-05T10:52:09.223741+00:00] main.INFO: Broken reference: the 'navigation.sections' element cannot be added as child to 'page.top', because the latter doesn't exist [] []
[2025-02-05T10:52:09.223778+00:00] main.INFO: Broken reference: the 'top.container' element cannot be added as child to 'page.top', because the latter doesn't exist [] []
[2025-02-05T10:52:09.223804+00:00] main.INFO: Broken reference: the 'breadcrumbs' element cannot be added as child to 'page.top', because the latter doesn't exist [] []
[2025-02-05T10:52:09.223845+00:00] main.INFO: Broken reference: the 'footer' element cannot be added as child to 'footer-container', because the latter doesn't exist [] []
[2025-02-05T10:52:09.223915+00:00] main.INFO: Broken reference: the 'catalog.compare.sidebar' element cannot be added as child to 'sidebar.additional', because the latter doesn't exist [] []
[2025-02-05T10:52:09.223952+00:00] main.INFO: Broken reference: the 'sale.reorder.sidebar' element cannot be added as child to 'sidebar.additional', because the latter doesn't exist [] []
[2025-02-05T10:52:09.224029+00:00] main.INFO: Broken reference: the 'wishlist_sidebar' element cannot be added as child to 'sidebar.additional', because the latter doesn't exist [] []
[2025-02-05T10:52:09.224120+00:00] main.INFO: Broken reference: the 'header.panel.wrapper' tries to reorder itself towards '', but their parents are different: 'header.container' and '' respectively. [] []
[2025-02-05T10:52:09.224166+00:00] main.INFO: Broken reference: the 'navigation.sections' tries to reorder itself towards '', but their parents are different: 'page.top' and '' respectively. [] []
[2025-02-05T10:52:09.810374+00:00] main.ERROR: Unable to resolve the source file for 'frontend/Magento/luma/en_US/moment.min.js.map' [] []
[2025-02-05T10:52:09.810751+00:00] main.CRITICAL: Unable to resolve the source file for 'frontend/Magento/luma/en_US/moment.min.js.map' [] []
[2025-02-05T10:54:16.931096+00:00] main.INFO: Broken reference: the 'header.panel.wrapper' element cannot be added as child to 'header.container', because the latter doesn't exist [] []
[2025-02-05T10:54:16.931535+00:00] main.INFO: Broken reference: the 'header-wrapper' element cannot be added as child to 'header.container', because the latter doesn't exist [] []
[2025-02-05T10:54:16.931582+00:00] main.INFO: Broken reference: the 'navigation.sections' element cannot be added as child to 'page.top', because the latter doesn't exist [] []
[2025-02-05T10:54:16.931623+00:00] main.INFO: Broken reference: the 'top.container' element cannot be added as child to 'page.top', because the latter doesn't exist [] []
[2025-02-05T10:54:16.931653+00:00] main.INFO: Broken reference: the 'breadcrumbs' element cannot be added as child to 'page.top', because the latter doesn't exist [] []
[2025-02-05T10:54:16.931699+00:00] main.INFO: Broken reference: the 'footer' element cannot be added as child to 'footer-container', because the latter doesn't exist [] []
[2025-02-05T10:54:16.931762+00:00] main.INFO: Broken reference: the 'catalog.compare.sidebar' element cannot be added as child to 'sidebar.additional', because the latter doesn't exist [] []
[2025-02-05T10:54:16.931803+00:00] main.INFO: Broken reference: the 'sale.reorder.sidebar' element cannot be added as child to 'sidebar.additional', because the latter doesn't exist [] []
[2025-02-05T10:54:16.931891+00:00] main.INFO: Broken reference: the 'wishlist_sidebar' element cannot be added as child to 'sidebar.additional', because the latter doesn't exist [] []
[2025-02-05T10:54:16.931958+00:00] main.INFO: Broken reference: the 'header.panel.wrapper' tries to reorder itself towards '', but their parents are different: 'header.container' and '' respectively. [] []
[2025-02-05T10:54:16.932006+00:00] main.INFO: Broken reference: the 'navigation.sections' tries to reorder itself towards '', but their parents are different: 'page.top' and '' respectively. [] []
[2025-02-05T10:54:19.178467+00:00] main.ERROR: Unable to resolve the source file for 'frontend/Magento/luma/en_US/moment.min.js.map' [] []
[2025-02-05T10:54:19.179465+00:00] main.CRITICAL: Unable to resolve the source file for 'frontend/Magento/luma/en_US/moment.min.js.map' [] []
[2025-02-05T10:56:40.479554+00:00] main.INFO: Broken reference: the 'header.panel.wrapper' element cannot be added as child to 'header.container', because the latter doesn't exist [] []
[2025-02-05T10:56:40.479950+00:00] main.INFO: Broken reference: the 'header-wrapper' element cannot be added as child to 'header.container', because the latter doesn't exist [] []
[2025-02-05T10:56:40.479988+00:00] main.INFO: Broken reference: the 'navigation.sections' element cannot be added as child to 'page.top', because the latter doesn't exist [] []
[2025-02-05T10:56:40.480021+00:00] main.INFO: Broken reference: the 'top.container' element cannot be added as child to 'page.top', because the latter doesn't exist [] []
[2025-02-05T10:56:40.480045+00:00] main.INFO: Broken reference: the 'breadcrumbs' element cannot be added as child to 'page.top', because the latter doesn't exist [] []
[2025-02-05T10:56:40.480084+00:00] main.INFO: Broken reference: the 'footer' element cannot be added as child to 'footer-container', because the latter doesn't exist [] []
[2025-02-05T10:56:40.480146+00:00] main.INFO: Broken reference: the 'catalog.compare.sidebar' element cannot be added as child to 'sidebar.additional', because the latter doesn't exist [] []
[2025-02-05T10:56:40.480178+00:00] main.INFO: Broken reference: the 'sale.reorder.sidebar' element cannot be added as child to 'sidebar.additional', because the latter doesn't exist [] []
[2025-02-05T10:56:40.480239+00:00] main.INFO: Broken reference: the 'wishlist_sidebar' element cannot be added as child to 'sidebar.additional', because the latter doesn't exist [] []
[2025-02-05T10:56:40.480289+00:00] main.INFO: Broken reference: the 'header.panel.wrapper' tries to reorder itself towards '', but their parents are different: 'header.container' and '' respectively. [] []
[2025-02-05T10:56:40.480321+00:00] main.INFO: Broken reference: the 'navigation.sections' tries to reorder itself towards '', but their parents are different: 'page.top' and '' respectively. [] []
[2025-02-05T10:56:41.135521+00:00] main.ERROR: Unable to resolve the source file for 'frontend/Magento/luma/en_US/moment.min.js.map' [] []
[2025-02-05T10:56:41.136041+00:00] main.CRITICAL: Unable to resolve the source file for 'frontend/Magento/luma/en_US/moment.min.js.map' [] []
[2025-02-05T10:56:58.172136+00:00] main.INFO: Broken reference: the 'header.panel.wrapper' element cannot be added as child to 'header.container', because the latter doesn't exist [] []
[2025-02-05T10:56:58.172676+00:00] main.INFO: Broken reference: the 'header-wrapper' element cannot be added as child to 'header.container', because the latter doesn't exist [] []
[2025-02-05T10:56:58.172722+00:00] main.INFO: Broken reference: the 'navigation.sections' element cannot be added as child to 'page.top', because the latter doesn't exist [] []
[2025-02-05T10:56:58.172764+00:00] main.INFO: Broken reference: the 'top.container' element cannot be added as child to 'page.top', because the latter doesn't exist [] []
[2025-02-05T10:56:58.172792+00:00] main.INFO: Broken reference: the 'breadcrumbs' element cannot be added as child to 'page.top', because the latter doesn't exist [] []
[2025-02-05T10:56:58.172839+00:00] main.INFO: Broken reference: the 'footer' element cannot be added as child to 'footer-container', because the latter doesn't exist [] []
[2025-02-05T10:56:58.172910+00:00] main.INFO: Broken reference: the 'catalog.compare.sidebar' element cannot be added as child to 'sidebar.additional', because the latter doesn't exist [] []
[2025-02-05T10:56:58.172962+00:00] main.INFO: Broken reference: the 'sale.reorder.sidebar' element cannot be added as child to 'sidebar.additional', because the latter doesn't exist [] []
[2025-02-05T10:56:58.173051+00:00] main.INFO: Broken reference: the 'wishlist_sidebar' element cannot be added as child to 'sidebar.additional', because the latter doesn't exist [] []
[2025-02-05T10:56:58.173140+00:00] main.INFO: Broken reference: the 'header.panel.wrapper' tries to reorder itself towards '', but their parents are different: 'header.container' and '' respectively. [] []
[2025-02-05T10:56:58.173186+00:00] main.INFO: Broken reference: the 'navigation.sections' tries to reorder itself towards '', but their parents are different: 'page.top' and '' respectively. [] []
[2025-02-05T10:57:02.267523+00:00] main.ERROR: Unable to resolve the source file for 'frontend/Magento/luma/en_US/moment.min.js.map' [] []
[2025-02-05T10:57:02.267929+00:00] main.CRITICAL: Unable to resolve the source file for 'frontend/Magento/luma/en_US/moment.min.js.map' [] []
[2025-02-05T10:59:39.324698+00:00] main.INFO: Broken reference: the 'header.panel.wrapper' element cannot be added as child to 'header.container', because the latter doesn't exist [] []
[2025-02-05T10:59:39.325188+00:00] main.INFO: Broken reference: the 'header-wrapper' element cannot be added as child to 'header.container', because the latter doesn't exist [] []
[2025-02-05T10:59:39.325232+00:00] main.INFO: Broken reference: the 'navigation.sections' element cannot be added as child to 'page.top', because the latter doesn't exist [] []
[2025-02-05T10:59:39.325280+00:00] main.INFO: Broken reference: the 'top.container' element cannot be added as child to 'page.top', because the latter doesn't exist [] []
[2025-02-05T10:59:39.325308+00:00] main.INFO: Broken reference: the 'breadcrumbs' element cannot be added as child to 'page.top', because the latter doesn't exist [] []
[2025-02-05T10:59:39.325352+00:00] main.INFO: Broken reference: the 'footer' element cannot be added as child to 'footer-container', because the latter doesn't exist [] []
[2025-02-05T10:59:39.325413+00:00] main.INFO: Broken reference: the 'catalog.compare.sidebar' element cannot be added as child to 'sidebar.additional', because the latter doesn't exist [] []
[2025-02-05T10:59:39.325455+00:00] main.INFO: Broken reference: the 'sale.reorder.sidebar' element cannot be added as child to 'sidebar.additional', because the latter doesn't exist [] []
[2025-02-05T10:59:39.325565+00:00] main.INFO: Broken reference: the 'wishlist_sidebar' element cannot be added as child to 'sidebar.additional', because the latter doesn't exist [] []
[2025-02-05T10:59:39.325687+00:00] main.INFO: Broken reference: the 'header.panel.wrapper' tries to reorder itself towards '', but their parents are different: 'header.container' and '' respectively. [] []
[2025-02-05T10:59:39.325725+00:00] main.INFO: Broken reference: the 'navigation.sections' tries to reorder itself towards '', but their parents are different: 'page.top' and '' respectively. [] []
[2025-02-05T10:59:43.809477+00:00] main.ERROR: Unable to resolve the source file for 'frontend/Magento/luma/en_US/moment.min.js.map' [] []
[2025-02-05T10:59:43.814864+00:00] main.CRITICAL: Unable to resolve the source file for 'frontend/Magento/luma/en_US/moment.min.js.map' [] []
[2025-02-05T12:15:41.763118+00:00] main.INFO: Broken reference: the 'catalog.compare.sidebar' element cannot be added as child to 'sidebar.additional', because the latter doesn't exist [] []
[2025-02-05T12:15:41.763460+00:00] main.INFO: Broken reference: the 'sale.reorder.sidebar' element cannot be added as child to 'sidebar.additional', because the latter doesn't exist [] []
[2025-02-05T12:15:41.763537+00:00] main.INFO: Broken reference: the 'wishlist_sidebar' element cannot be added as child to 'sidebar.additional', because the latter doesn't exist [] []
[2025-02-05T12:15:41.763649+00:00] main.INFO: Broken reference: the 'checkout.cart.item.renderers.gift-card.actions.gift_options' element cannot be added as child to 'checkout.cart.item.renderers.gift-card.actions', because the latter doesn't exist [] []
[2025-02-05T12:15:41.763809+00:00] main.INFO: Broken reference: the 'checkout.cart.item.renderers.gift-card.actions.gift_options' tries to reorder itself towards '', but their parents are different: 'checkout.cart.item.renderers.gift-card.actions' and '' respectively. [] []
[2025-02-05T12:15:42.242760+00:00] main.ERROR: Unable to resolve the source file for 'frontend/Magento/luma/en_US/moment.min.js.map' [] []
[2025-02-05T12:15:42.243093+00:00] main.CRITICAL: Unable to resolve the source file for 'frontend/Magento/luma/en_US/moment.min.js.map' [] []
[2025-02-05T12:15:44.243554+00:00] main.ERROR: Unable to resolve the source file for 'frontend/Magento/luma/en_US/moment.min.js.map' [] []
[2025-02-05T12:15:44.243884+00:00] main.CRITICAL: Unable to resolve the source file for 'frontend/Magento/luma/en_US/moment.min.js.map' [] []
[2025-02-05T12:15:45.865969+00:00] main.ERROR: Unable to resolve the source file for 'frontend/Magento/luma/en_US/moment.min.js.map' [] []
[2025-02-05T12:15:45.866346+00:00] main.CRITICAL: Unable to resolve the source file for 'frontend/Magento/luma/en_US/moment.min.js.map' [] []
[2025-02-05T12:15:47.207080+00:00] main.INFO: Broken reference: the 'catalog.compare.sidebar' element cannot be added as child to 'sidebar.additional', because the latter doesn't exist [] []
[2025-02-05T12:15:47.207660+00:00] main.INFO: Broken reference: the 'sale.reorder.sidebar' element cannot be added as child to 'sidebar.additional', because the latter doesn't exist [] []
[2025-02-05T12:15:47.207760+00:00] main.INFO: Broken reference: the 'wishlist_sidebar' element cannot be added as child to 'sidebar.additional', because the latter doesn't exist [] []
[2025-02-05T12:15:47.208023+00:00] main.INFO: Broken reference: the 'skip_gallery_before' tries to reorder itself towards 'product.info.media.image', but their parents are different: 'skip_gallery_before.wrapper' and 'product.info.media' respectively. [] []
[2025-02-05T12:15:47.208054+00:00] main.INFO: Broken reference: the 'skip_gallery_after' tries to reorder itself towards 'product.info.media.image', but their parents are different: 'skip_gallery_after.wrapper' and 'product.info.media' respectively. [] []
[2025-02-05T12:15:47.717627+00:00] main.ERROR: Unable to resolve the source file for 'frontend/Magento/luma/en_US/moment.min.js.map' [] []
[2025-02-05T12:15:47.717947+00:00] main.CRITICAL: Unable to resolve the source file for 'frontend/Magento/luma/en_US/moment.min.js.map' [] []
[2025-02-05T12:15:48.158416+00:00] main.ERROR: Unable to resolve the source file for 'frontend/Magento/luma/en_US/vimeo/player.js.map' [] []
[2025-02-05T12:15:48.158781+00:00] main.CRITICAL: Unable to resolve the source file for 'frontend/Magento/luma/en_US/vimeo/player.js.map' [] []
[2025-02-05T12:15:53.306211+00:00] main.INFO: Broken reference: the 'header.panel.wrapper' element cannot be added as child to 'header.container', because the latter doesn't exist [] []
[2025-02-05T12:15:53.306586+00:00] main.INFO: Broken reference: the 'header-wrapper' element cannot be added as child to 'header.container', because the latter doesn't exist [] []
[2025-02-05T12:15:53.306625+00:00] main.INFO: Broken reference: the 'navigation.sections' element cannot be added as child to 'page.top', because the latter doesn't exist [] []
[2025-02-05T12:15:53.306659+00:00] main.INFO: Broken reference: the 'top.container' element cannot be added as child to 'page.top', because the latter doesn't exist [] []
[2025-02-05T12:15:53.306684+00:00] main.INFO: Broken reference: the 'breadcrumbs' element cannot be added as child to 'page.top', because the latter doesn't exist [] []
[2025-02-05T12:15:53.306721+00:00] main.INFO: Broken reference: the 'footer' element cannot be added as child to 'footer-container', because the latter doesn't exist [] []
[2025-02-05T12:15:53.306772+00:00] main.INFO: Broken reference: the 'catalog.compare.sidebar' element cannot be added as child to 'sidebar.additional', because the latter doesn't exist [] []
[2025-02-05T12:15:53.306818+00:00] main.INFO: Broken reference: the 'sale.reorder.sidebar' element cannot be added as child to 'sidebar.additional', because the latter doesn't exist [] []
[2025-02-05T12:15:53.306907+00:00] main.INFO: Broken reference: the 'wishlist_sidebar' element cannot be added as child to 'sidebar.additional', because the latter doesn't exist [] []
[2025-02-05T12:15:53.306967+00:00] main.INFO: Broken reference: the 'header.panel.wrapper' tries to reorder itself towards '', but their parents are different: 'header.container' and '' respectively. [] []
[2025-02-05T12:15:53.307003+00:00] main.INFO: Broken reference: the 'navigation.sections' tries to reorder itself towards '', but their parents are different: 'page.top' and '' respectively. [] []
[2025-02-05T12:15:54.085772+00:00] main.ERROR: Unable to resolve the source file for 'frontend/Magento/luma/en_US/moment.min.js.map' [] []
[2025-02-05T12:15:54.086554+00:00] main.CRITICAL: Unable to resolve the source file for 'frontend/Magento/luma/en_US/moment.min.js.map' [] []
[2025-02-05T12:16:27.425581+00:00] main.ERROR: Unable to resolve the source file for 'frontend/Magento/luma/en_US/moment.min.js.map' [] []
[2025-02-05T12:16:27.425913+00:00] main.CRITICAL: Unable to resolve the source file for 'frontend/Magento/luma/en_US/moment.min.js.map' [] []
[2025-02-05T12:21:14.213804+00:00] main.INFO: Broken reference: the 'header.panel.wrapper' element cannot be added as child to 'header.container', because the latter doesn't exist [] []
[2025-02-05T12:21:14.214298+00:00] main.INFO: Broken reference: the 'header-wrapper' element cannot be added as child to 'header.container', because the latter doesn't exist [] []
[2025-02-05T12:21:14.214348+00:00] main.INFO: Broken reference: the 'navigation.sections' element cannot be added as child to 'page.top', because the latter doesn't exist [] []
[2025-02-05T12:21:14.214385+00:00] main.INFO: Broken reference: the 'top.container' element cannot be added as child to 'page.top', because the latter doesn't exist [] []
[2025-02-05T12:21:14.214412+00:00] main.INFO: Broken reference: the 'breadcrumbs' element cannot be added as child to 'page.top', because the latter doesn't exist [] []
[2025-02-05T12:21:14.214454+00:00] main.INFO: Broken reference: the 'footer' element cannot be added as child to 'footer-container', because the latter doesn't exist [] []
[2025-02-05T12:21:14.214521+00:00] main.INFO: Broken reference: the 'catalog.compare.sidebar' element cannot be added as child to 'sidebar.additional', because the latter doesn't exist [] []
[2025-02-05T12:21:14.214563+00:00] main.INFO: Broken reference: the 'sale.reorder.sidebar' element cannot be added as child to 'sidebar.additional', because the latter doesn't exist [] []
[2025-02-05T12:21:14.214654+00:00] main.INFO: Broken reference: the 'wishlist_sidebar' element cannot be added as child to 'sidebar.additional', because the latter doesn't exist [] []
[2025-02-05T12:21:14.214742+00:00] main.INFO: Broken reference: the 'header.panel.wrapper' tries to reorder itself towards '', but their parents are different: 'header.container' and '' respectively. [] []
[2025-02-05T12:21:14.214784+00:00] main.INFO: Broken reference: the 'navigation.sections' tries to reorder itself towards '', but their parents are different: 'page.top' and '' respectively. [] []
[2025-02-05T12:21:14.858880+00:00] main.ERROR: Unable to resolve the source file for 'frontend/Magento/luma/en_US/moment.min.js.map' [] []
[2025-02-05T12:21:14.859230+00:00] main.CRITICAL: Unable to resolve the source file for 'frontend/Magento/luma/en_US/moment.min.js.map' [] []
[2025-02-05T12:30:39.016752+00:00] main.INFO: Broken reference: the 'header.panel.wrapper' element cannot be added as child to 'header.container', because the latter doesn't exist [] []
[2025-02-05T12:30:39.017181+00:00] main.INFO: Broken reference: the 'header-wrapper' element cannot be added as child to 'header.container', because the latter doesn't exist [] []
[2025-02-05T12:30:39.017224+00:00] main.INFO: Broken reference: the 'navigation.sections' element cannot be added as child to 'page.top', because the latter doesn't exist [] []
[2025-02-05T12:30:39.017274+00:00] main.INFO: Broken reference: the 'top.container' element cannot be added as child to 'page.top', because the latter doesn't exist [] []
[2025-02-05T12:30:39.017301+00:00] main.INFO: Broken reference: the 'breadcrumbs' element cannot be added as child to 'page.top', because the latter doesn't exist [] []
[2025-02-05T12:30:39.017343+00:00] main.INFO: Broken reference: the 'footer' element cannot be added as child to 'footer-container', because the latter doesn't exist [] []
[2025-02-05T12:30:39.017405+00:00] main.INFO: Broken reference: the 'catalog.compare.sidebar' element cannot be added as child to 'sidebar.additional', because the latter doesn't exist [] []
[2025-02-05T12:30:39.017444+00:00] main.INFO: Broken reference: the 'sale.reorder.sidebar' element cannot be added as child to 'sidebar.additional', because the latter doesn't exist [] []
[2025-02-05T12:30:39.017524+00:00] main.INFO: Broken reference: the 'wishlist_sidebar' element cannot be added as child to 'sidebar.additional', because the latter doesn't exist [] []
[2025-02-05T12:30:39.017597+00:00] main.INFO: Broken reference: the 'header.panel.wrapper' tries to reorder itself towards '', but their parents are different: 'header.container' and '' respectively. [] []
[2025-02-05T12:30:39.017638+00:00] main.INFO: Broken reference: the 'navigation.sections' tries to reorder itself towards '', but their parents are different: 'page.top' and '' respectively. [] []
[2025-02-05T12:30:39.539368+00:00] main.ERROR: Unable to resolve the source file for 'frontend/Magento/luma/en_US/moment.min.js.map' [] []
[2025-02-05T12:30:39.539719+00:00] main.CRITICAL: Unable to resolve the source file for 'frontend/Magento/luma/en_US/moment.min.js.map' [] []
[2025-02-05T12:34:41.030939+00:00] main.INFO: Broken reference: the 'header.panel.wrapper' element cannot be added as child to 'header.container', because the latter doesn't exist [] []
[2025-02-05T12:34:41.031476+00:00] main.INFO: Broken reference: the 'header-wrapper' element cannot be added as child to 'header.container', because the latter doesn't exist [] []
[2025-02-05T12:34:41.031514+00:00] main.INFO: Broken reference: the 'navigation.sections' element cannot be added as child to 'page.top', because the latter doesn't exist [] []
[2025-02-05T12:34:41.031553+00:00] main.INFO: Broken reference: the 'top.container' element cannot be added as child to 'page.top', because the latter doesn't exist [] []
[2025-02-05T12:34:41.031577+00:00] main.INFO: Broken reference: the 'breadcrumbs' element cannot be added as child to 'page.top', because the latter doesn't exist [] []
[2025-02-05T12:34:41.031620+00:00] main.INFO: Broken reference: the 'footer' element cannot be added as child to 'footer-container', because the latter doesn't exist [] []
[2025-02-05T12:34:41.031690+00:00] main.INFO: Broken reference: the 'catalog.compare.sidebar' element cannot be added as child to 'sidebar.additional', because the latter doesn't exist [] []
[2025-02-05T12:34:41.031726+00:00] main.INFO: Broken reference: the 'sale.reorder.sidebar' element cannot be added as child to 'sidebar.additional', because the latter doesn't exist [] []
[2025-02-05T12:34:41.031806+00:00] main.INFO: Broken reference: the 'wishlist_sidebar' element cannot be added as child to 'sidebar.additional', because the latter doesn't exist [] []
[2025-02-05T12:34:41.031892+00:00] main.INFO: Broken reference: the 'header.panel.wrapper' tries to reorder itself towards '', but their parents are different: 'header.container' and '' respectively. [] []
[2025-02-05T12:34:41.031928+00:00] main.INFO: Broken reference: the 'navigation.sections' tries to reorder itself towards '', but their parents are different: 'page.top' and '' respectively. [] []
[2025-02-05T12:34:41.640892+00:00] main.ERROR: Unable to resolve the source file for 'frontend/Magento/luma/en_US/moment.min.js.map' [] []
[2025-02-05T12:34:41.641311+00:00] main.CRITICAL: Unable to resolve the source file for 'frontend/Magento/luma/en_US/moment.min.js.map' [] []
[2025-02-05T12:35:58.254456+00:00] main.INFO: Broken reference: the 'header.panel.wrapper' element cannot be added as child to 'header.container', because the latter doesn't exist [] []
[2025-02-05T12:35:58.254907+00:00] main.INFO: Broken reference: the 'header-wrapper' element cannot be added as child to 'header.container', because the latter doesn't exist [] []
[2025-02-05T12:35:58.254947+00:00] main.INFO: Broken reference: the 'navigation.sections' element cannot be added as child to 'page.top', because the latter doesn't exist [] []
[2025-02-05T12:35:58.254984+00:00] main.INFO: Broken reference: the 'top.container' element cannot be added as child to 'page.top', because the latter doesn't exist [] []
[2025-02-05T12:35:58.255010+00:00] main.INFO: Broken reference: the 'breadcrumbs' element cannot be added as child to 'page.top', because the latter doesn't exist [] []
[2025-02-05T12:35:58.255053+00:00] main.INFO: Broken reference: the 'footer' element cannot be added as child to 'footer-container', because the latter doesn't exist [] []
[2025-02-05T12:35:58.255142+00:00] main.INFO: Broken reference: the 'catalog.compare.sidebar' element cannot be added as child to 'sidebar.additional', because the latter doesn't exist [] []
[2025-02-05T12:35:58.255181+00:00] main.INFO: Broken reference: the 'sale.reorder.sidebar' element cannot be added as child to 'sidebar.additional', because the latter doesn't exist [] []
[2025-02-05T12:35:58.255259+00:00] main.INFO: Broken reference: the 'wishlist_sidebar' element cannot be added as child to 'sidebar.additional', because the latter doesn't exist [] []
[2025-02-05T12:35:58.255348+00:00] main.INFO: Broken reference: the 'header.panel.wrapper' tries to reorder itself towards '', but their parents are different: 'header.container' and '' respectively. [] []
[2025-02-05T12:35:58.255388+00:00] main.INFO: Broken reference: the 'navigation.sections' tries to reorder itself towards '', but their parents are different: 'page.top' and '' respectively. [] []
[2025-02-05T12:35:58.782443+00:00] main.ERROR: Unable to resolve the source file for 'frontend/Magento/luma/en_US/moment.min.js.map' [] []
[2025-02-05T12:35:58.782777+00:00] main.CRITICAL: Unable to resolve the source file for 'frontend/Magento/luma/en_US/moment.min.js.map' [] []
[2025-02-05T12:42:12.114182+00:00] main.INFO: Broken reference: the 'header.panel.wrapper' element cannot be added as child to 'header.container', because the latter doesn't exist [] []
[2025-02-05T12:42:12.115364+00:00] main.INFO: Broken reference: the 'header-wrapper' element cannot be added as child to 'header.container', because the latter doesn't exist [] []
[2025-02-05T12:42:12.115457+00:00] main.INFO: Broken reference: the 'navigation.sections' element cannot be added as child to 'page.top', because the latter doesn't exist [] []
[2025-02-05T12:42:12.115529+00:00] main.INFO: Broken reference: the 'top.container' element cannot be added as child to 'page.top', because the latter doesn't exist [] []
[2025-02-05T12:42:12.115582+00:00] main.INFO: Broken reference: the 'breadcrumbs' element cannot be added as child to 'page.top', because the latter doesn't exist [] []
[2025-02-05T12:42:12.115667+00:00] main.INFO: Broken reference: the 'footer' element cannot be added as child to 'footer-container', because the latter doesn't exist [] []
[2025-02-05T12:42:12.115776+00:00] main.INFO: Broken reference: the 'catalog.compare.sidebar' element cannot be added as child to 'sidebar.additional', because the latter doesn't exist [] []
[2025-02-05T12:42:12.115853+00:00] main.INFO: Broken reference: the 'sale.reorder.sidebar' element cannot be added as child to 'sidebar.additional', because the latter doesn't exist [] []
[2025-02-05T12:42:12.116003+00:00] main.INFO: Broken reference: the 'wishlist_sidebar' element cannot be added as child to 'sidebar.additional', because the latter doesn't exist [] []
[2025-02-05T12:42:12.116125+00:00] main.INFO: Broken reference: the 'header.panel.wrapper' tries to reorder itself towards '', but their parents are different: 'header.container' and '' respectively. [] []
[2025-02-05T12:42:12.116229+00:00] main.INFO: Broken reference: the 'navigation.sections' tries to reorder itself towards '', but their parents are different: 'page.top' and '' respectively. [] []
[2025-02-05T12:42:13.986110+00:00] main.ERROR: Unable to resolve the source file for 'frontend/Magento/luma/en_US/moment.min.js.map' [] []
[2025-02-05T12:42:13.986916+00:00] main.CRITICAL: Unable to resolve the source file for 'frontend/Magento/luma/en_US/moment.min.js.map' [] []
[2025-02-05T12:42:34.546838+00:00] main.INFO: Broken reference: the 'header.panel.wrapper' element cannot be added as child to 'header.container', because the latter doesn't exist [] []
[2025-02-05T12:42:34.547571+00:00] main.INFO: Broken reference: the 'header-wrapper' element cannot be added as child to 'header.container', because the latter doesn't exist [] []
[2025-02-05T12:42:34.547620+00:00] main.INFO: Broken reference: the 'navigation.sections' element cannot be added as child to 'page.top', because the latter doesn't exist [] []
[2025-02-05T12:42:34.547661+00:00] main.INFO: Broken reference: the 'top.container' element cannot be added as child to 'page.top', because the latter doesn't exist [] []
[2025-02-05T12:42:34.547688+00:00] main.INFO: Broken reference: the 'breadcrumbs' element cannot be added as child to 'page.top', because the latter doesn't exist [] []
[2025-02-05T12:42:34.547730+00:00] main.INFO: Broken reference: the 'footer' element cannot be added as child to 'footer-container', because the latter doesn't exist [] []
[2025-02-05T12:42:34.547800+00:00] main.INFO: Broken reference: the 'catalog.compare.sidebar' element cannot be added as child to 'sidebar.additional', because the latter doesn't exist [] []
[2025-02-05T12:42:34.547851+00:00] main.INFO: Broken reference: the 'sale.reorder.sidebar' element cannot be added as child to 'sidebar.additional', because the latter doesn't exist [] []
[2025-02-05T12:42:34.547939+00:00] main.INFO: Broken reference: the 'wishlist_sidebar' element cannot be added as child to 'sidebar.additional', because the latter doesn't exist [] []
[2025-02-05T12:42:34.548023+00:00] main.INFO: Broken reference: the 'header.panel.wrapper' tries to reorder itself towards '', but their parents are different: 'header.container' and '' respectively. [] []
[2025-02-05T12:42:34.548060+00:00] main.INFO: Broken reference: the 'navigation.sections' tries to reorder itself towards '', but their parents are different: 'page.top' and '' respectively. [] []
[2025-02-05T12:42:35.034247+00:00] main.ERROR: Unable to resolve the source file for 'frontend/Magento/luma/en_US/moment.min.js.map' [] []
[2025-02-05T12:42:35.034639+00:00] main.CRITICAL: Unable to resolve the source file for 'frontend/Magento/luma/en_US/moment.min.js.map' [] []
[2025-02-05T12:46:54.205303+00:00] main.INFO: Broken reference: the 'header.panel.wrapper' element cannot be added as child to 'header.container', because the latter doesn't exist [] []
[2025-02-05T12:46:54.205705+00:00] main.INFO: Broken reference: the 'header-wrapper' element cannot be added as child to 'header.container', because the latter doesn't exist [] []
[2025-02-05T12:46:54.205745+00:00] main.INFO: Broken reference: the 'navigation.sections' element cannot be added as child to 'page.top', because the latter doesn't exist [] []
[2025-02-05T12:46:54.205781+00:00] main.INFO: Broken reference: the 'top.container' element cannot be added as child to 'page.top', because the latter doesn't exist [] []
[2025-02-05T12:46:54.205807+00:00] main.INFO: Broken reference: the 'breadcrumbs' element cannot be added as child to 'page.top', because the latter doesn't exist [] []
[2025-02-05T12:46:54.205850+00:00] main.INFO: Broken reference: the 'footer' element cannot be added as child to 'footer-container', because the latter doesn't exist [] []
[2025-02-05T12:46:54.205905+00:00] main.INFO: Broken reference: the 'catalog.compare.sidebar' element cannot be added as child to 'sidebar.additional', because the latter doesn't exist [] []
[2025-02-05T12:46:54.205947+00:00] main.INFO: Broken reference: the 'sale.reorder.sidebar' element cannot be added as child to 'sidebar.additional', because the latter doesn't exist [] []
[2025-02-05T12:46:54.206022+00:00] main.INFO: Broken reference: the 'wishlist_sidebar' element cannot be added as child to 'sidebar.additional', because the latter doesn't exist [] []
[2025-02-05T12:46:54.206085+00:00] main.INFO: Broken reference: the 'header.panel.wrapper' tries to reorder itself towards '', but their parents are different: 'header.container' and '' respectively. [] []
[2025-02-05T12:46:54.206122+00:00] main.INFO: Broken reference: the 'navigation.sections' tries to reorder itself towards '', but their parents are different: 'page.top' and '' respectively. [] []
[2025-02-05T12:46:57.978951+00:00] main.INFO: Broken reference: the 'header.panel.wrapper' element cannot be added as child to 'header.container', because the latter doesn't exist [] []
[2025-02-05T12:46:57.979498+00:00] main.INFO: Broken reference: the 'header-wrapper' element cannot be added as child to 'header.container', because the latter doesn't exist [] []
[2025-02-05T12:46:57.979545+00:00] main.INFO: Broken reference: the 'navigation.sections' element cannot be added as child to 'page.top', because the latter doesn't exist [] []
[2025-02-05T12:46:57.979587+00:00] main.INFO: Broken reference: the 'top.container' element cannot be added as child to 'page.top', because the latter doesn't exist [] []
[2025-02-05T12:46:57.979632+00:00] main.INFO: Broken reference: the 'breadcrumbs' element cannot be added as child to 'page.top', because the latter doesn't exist [] []
[2025-02-05T12:46:57.979685+00:00] main.INFO: Broken reference: the 'footer' element cannot be added as child to 'footer-container', because the latter doesn't exist [] []
[2025-02-05T12:46:57.979750+00:00] main.INFO: Broken reference: the 'catalog.compare.sidebar' element cannot be added as child to 'sidebar.additional', because the latter doesn't exist [] []
[2025-02-05T12:46:57.979799+00:00] main.INFO: Broken reference: the 'sale.reorder.sidebar' element cannot be added as child to 'sidebar.additional', because the latter doesn't exist [] []
[2025-02-05T12:46:57.979885+00:00] main.INFO: Broken reference: the 'wishlist_sidebar' element cannot be added as child to 'sidebar.additional', because the latter doesn't exist [] []
[2025-02-05T12:46:57.979947+00:00] main.INFO: Broken reference: the 'header.panel.wrapper' tries to reorder itself towards '', but their parents are different: 'header.container' and '' respectively. [] []
[2025-02-05T12:46:57.979984+00:00] main.INFO: Broken reference: the 'navigation.sections' tries to reorder itself towards '', but their parents are different: 'page.top' and '' respectively. [] []
[2025-02-05T12:46:58.907237+00:00] main.INFO: Broken reference: the 'header.panel.wrapper' element cannot be added as child to 'header.container', because the latter doesn't exist [] []
[2025-02-05T12:46:58.908340+00:00] main.INFO: Broken reference: the 'header-wrapper' element cannot be added as child to 'header.container', because the latter doesn't exist [] []
[2025-02-05T12:46:58.908417+00:00] main.INFO: Broken reference: the 'navigation.sections' element cannot be added as child to 'page.top', because the latter doesn't exist [] []
[2025-02-05T12:46:58.908489+00:00] main.INFO: Broken reference: the 'top.container' element cannot be added as child to 'page.top', because the latter doesn't exist [] []
[2025-02-05T12:46:58.908522+00:00] main.INFO: Broken reference: the 'breadcrumbs' element cannot be added as child to 'page.top', because the latter doesn't exist [] []
[2025-02-05T12:46:58.908586+00:00] main.INFO: Broken reference: the 'footer' element cannot be added as child to 'footer-container', because the latter doesn't exist [] []
[2025-02-05T12:46:58.908670+00:00] main.INFO: Broken reference: the 'catalog.compare.sidebar' element cannot be added as child to 'sidebar.additional', because the latter doesn't exist [] []
[2025-02-05T12:46:58.908756+00:00] main.INFO: Broken reference: the 'sale.reorder.sidebar' element cannot be added as child to 'sidebar.additional', because the latter doesn't exist [] []
[2025-02-05T12:46:58.908867+00:00] main.INFO: Broken reference: the 'wishlist_sidebar' element cannot be added as child to 'sidebar.additional', because the latter doesn't exist [] []
[2025-02-05T12:46:58.908981+00:00] main.INFO: Broken reference: the 'header.panel.wrapper' tries to reorder itself towards '', but their parents are different: 'header.container' and '' respectively. [] []
[2025-02-05T12:46:58.909025+00:00] main.INFO: Broken reference: the 'navigation.sections' tries to reorder itself towards '', but their parents are different: 'page.top' and '' respectively. [] []
[2025-02-05T12:46:59.777695+00:00] main.ERROR: Unable to resolve the source file for 'frontend/Magento/luma/en_US/moment.min.js.map' [] []
[2025-02-05T12:46:59.778170+00:00] main.CRITICAL: Unable to resolve the source file for 'frontend/Magento/luma/en_US/moment.min.js.map' [] []
[2025-02-05T12:47:29.555567+00:00] main.ERROR: Unable to resolve the source file for 'frontend/Magento/luma/en_US/moment.min.js.map' [] []
[2025-02-05T12:47:29.555941+00:00] main.CRITICAL: Unable to resolve the source file for 'frontend/Magento/luma/en_US/moment.min.js.map' [] []
[2025-02-05T12:48:48.773398+00:00] main.INFO: Broken reference: the 'header.panel.wrapper' element cannot be added as child to 'header.container', because the latter doesn't exist [] []
[2025-02-05T12:48:48.774038+00:00] main.INFO: Broken reference: the 'header-wrapper' element cannot be added as child to 'header.container', because the latter doesn't exist [] []
[2025-02-05T12:48:48.774104+00:00] main.INFO: Broken reference: the 'navigation.sections' element cannot be added as child to 'page.top', because the latter doesn't exist [] []
[2025-02-05T12:48:48.774160+00:00] main.INFO: Broken reference: the 'top.container' element cannot be added as child to 'page.top', because the latter doesn't exist [] []
[2025-02-05T12:48:48.774192+00:00] main.INFO: Broken reference: the 'breadcrumbs' element cannot be added as child to 'page.top', because the latter doesn't exist [] []
[2025-02-05T12:48:48.774241+00:00] main.INFO: Broken reference: the 'footer' element cannot be added as child to 'footer-container', because the latter doesn't exist [] []
[2025-02-05T12:48:48.774321+00:00] main.INFO: Broken reference: the 'catalog.compare.sidebar' element cannot be added as child to 'sidebar.additional', because the latter doesn't exist [] []
[2025-02-05T12:48:48.774370+00:00] main.INFO: Broken reference: the 'sale.reorder.sidebar' element cannot be added as child to 'sidebar.additional', because the latter doesn't exist [] []
[2025-02-05T12:48:48.774467+00:00] main.INFO: Broken reference: the 'wishlist_sidebar' element cannot be added as child to 'sidebar.additional', because the latter doesn't exist [] []
[2025-02-05T12:48:48.774550+00:00] main.INFO: Broken reference: the 'header.panel.wrapper' tries to reorder itself towards '', but their parents are different: 'header.container' and '' respectively. [] []
[2025-02-05T12:48:48.774598+00:00] main.INFO: Broken reference: the 'navigation.sections' tries to reorder itself towards '', but their parents are different: 'page.top' and '' respectively. [] []
[2025-02-05T12:48:50.411555+00:00] main.ERROR: Unable to resolve the source file for 'frontend/Magento/luma/en_US/moment.min.js.map' [] []
[2025-02-05T12:48:50.412371+00:00] main.CRITICAL: Unable to resolve the source file for 'frontend/Magento/luma/en_US/moment.min.js.map' [] []
[2025-02-05T12:48:51.184275+00:00] main.INFO: Broken reference: the 'header.panel.wrapper' element cannot be added as child to 'header.container', because the latter doesn't exist [] []
[2025-02-05T12:48:51.185292+00:00] main.INFO: Broken reference: the 'header-wrapper' element cannot be added as child to 'header.container', because the latter doesn't exist [] []
[2025-02-05T12:48:51.185394+00:00] main.INFO: Broken reference: the 'navigation.sections' element cannot be added as child to 'page.top', because the latter doesn't exist [] []
[2025-02-05T12:48:51.185503+00:00] main.INFO: Broken reference: the 'top.container' element cannot be added as child to 'page.top', because the latter doesn't exist [] []
[2025-02-05T12:48:51.185566+00:00] main.INFO: Broken reference: the 'breadcrumbs' element cannot be added as child to 'page.top', because the latter doesn't exist [] []
[2025-02-05T12:48:51.185662+00:00] main.INFO: Broken reference: the 'footer' element cannot be added as child to 'footer-container', because the latter doesn't exist [] []
[2025-02-05T12:48:51.185782+00:00] main.INFO: Broken reference: the 'catalog.compare.sidebar' element cannot be added as child to 'sidebar.additional', because the latter doesn't exist [] []
[2025-02-05T12:48:51.185885+00:00] main.INFO: Broken reference: the 'sale.reorder.sidebar' element cannot be added as child to 'sidebar.additional', because the latter doesn't exist [] []
[2025-02-05T12:48:51.186053+00:00] main.INFO: Broken reference: the 'wishlist_sidebar' element cannot be added as child to 'sidebar.additional', because the latter doesn't exist [] []
[2025-02-05T12:48:51.186195+00:00] main.INFO: Broken reference: the 'header.panel.wrapper' tries to reorder itself towards '', but their parents are different: 'header.container' and '' respectively. [] []
[2025-02-05T12:48:51.186279+00:00] main.INFO: Broken reference: the 'navigation.sections' tries to reorder itself towards '', but their parents are different: 'page.top' and '' respectively. [] []
[2025-02-05T12:48:52.583764+00:00] main.ERROR: Unable to resolve the source file for 'frontend/Magento/luma/en_US/moment.min.js.map' [] []
[2025-02-05T12:48:52.584461+00:00] main.CRITICAL: Unable to resolve the source file for 'frontend/Magento/luma/en_US/moment.min.js.map' [] []
[2025-02-05T17:47:23.217470+00:00] main.INFO: Broken reference: the 'catalog.compare.sidebar' element cannot be added as child to 'sidebar.additional', because the latter doesn't exist [] []
[2025-02-05T17:47:23.220087+00:00] main.INFO: Broken reference: the 'sale.reorder.sidebar' element cannot be added as child to 'sidebar.additional', because the latter doesn't exist [] []
[2025-02-05T17:47:23.220178+00:00] main.INFO: Broken reference: the 'wishlist_sidebar' element cannot be added as child to 'sidebar.additional', because the latter doesn't exist [] []
[2025-02-05T17:47:23.220215+00:00] main.INFO: Broken reference: the 'paypal.partner.right.logo' element cannot be added as child to 'sidebar.additional', because the latter doesn't exist [] []
[2025-02-05T17:47:23.220237+00:00] main.INFO: Broken reference: the 'bml.right.logo' element cannot be added as child to 'sidebar.additional', because the latter doesn't exist [] []
[2025-02-05T17:47:23.220261+00:00] main.INFO: Broken reference: the 'sidebar.container.paylater' element cannot be added as child to 'sidebar.additional', because the latter doesn't exist [] []
[2025-02-05T17:47:32.949270+00:00] main.INFO: Broken reference: the 'header.panel.wrapper' element cannot be added as child to 'header.container', because the latter doesn't exist [] []
[2025-02-05T17:47:32.949641+00:00] main.INFO: Broken reference: the 'header-wrapper' element cannot be added as child to 'header.container', because the latter doesn't exist [] []
[2025-02-05T17:47:32.949678+00:00] main.INFO: Broken reference: the 'navigation.sections' element cannot be added as child to 'page.top', because the latter doesn't exist [] []
[2025-02-05T17:47:32.949711+00:00] main.INFO: Broken reference: the 'top.container' element cannot be added as child to 'page.top', because the latter doesn't exist [] []
[2025-02-05T17:47:32.949736+00:00] main.INFO: Broken reference: the 'breadcrumbs' element cannot be added as child to 'page.top', because the latter doesn't exist [] []
[2025-02-05T17:47:32.949775+00:00] main.INFO: Broken reference: the 'footer' element cannot be added as child to 'footer-container', because the latter doesn't exist [] []
[2025-02-05T17:47:32.949823+00:00] main.INFO: Broken reference: the 'catalog.compare.sidebar' element cannot be added as child to 'sidebar.additional', because the latter doesn't exist [] []
[2025-02-05T17:47:32.949864+00:00] main.INFO: Broken reference: the 'sale.reorder.sidebar' element cannot be added as child to 'sidebar.additional', because the latter doesn't exist [] []
[2025-02-05T17:47:32.949929+00:00] main.INFO: Broken reference: the 'wishlist_sidebar' element cannot be added as child to 'sidebar.additional', because the latter doesn't exist [] []
[2025-02-05T17:47:32.949981+00:00] main.INFO: Broken reference: the 'header.panel.wrapper' tries to reorder itself towards '', but their parents are different: 'header.container' and '' respectively. [] []
[2025-02-05T17:47:32.950013+00:00] main.INFO: Broken reference: the 'navigation.sections' tries to reorder itself towards '', but their parents are different: 'page.top' and '' respectively. [] []
[2025-02-05T17:51:41.722889+00:00] main.ERROR: Unable to resolve the source file for 'frontend/Magento/luma/en_US/moment.min.js.map' [] []
[2025-02-05T17:51:41.723292+00:00] main.CRITICAL: Unable to resolve the source file for 'frontend/Magento/luma/en_US/moment.min.js.map' [] []
[2025-02-05T18:24:47.574622+00:00] main.INFO: Broken reference: the 'catalog.compare.sidebar' element cannot be added as child to 'sidebar.additional', because the latter doesn't exist [] []
[2025-02-05T18:24:47.575008+00:00] main.INFO: Broken reference: the 'sale.reorder.sidebar' element cannot be added as child to 'sidebar.additional', because the latter doesn't exist [] []
[2025-02-05T18:24:47.575105+00:00] main.INFO: Broken reference: the 'wishlist_sidebar' element cannot be added as child to 'sidebar.additional', because the latter doesn't exist [] []
[2025-02-05T18:33:28.560356+00:00] main.INFO: Broken reference: the 'catalog.compare.sidebar' element cannot be added as child to 'sidebar.additional', because the latter doesn't exist [] []
[2025-02-05T18:33:28.560718+00:00] main.INFO: Broken reference: the 'sale.reorder.sidebar' element cannot be added as child to 'sidebar.additional', because the latter doesn't exist [] []
[2025-02-05T18:33:28.560804+00:00] main.INFO: Broken reference: the 'wishlist_sidebar' element cannot be added as child to 'sidebar.additional', because the latter doesn't exist [] []
[2025-02-05T18:33:28.561047+00:00] main.INFO: Broken reference: the 'skip_gallery_before' tries to reorder itself towards 'product.info.media.image', but their parents are different: 'skip_gallery_before.wrapper' and 'product.info.media' respectively. [] []
[2025-02-05T18:33:28.561081+00:00] main.INFO: Broken reference: the 'skip_gallery_after' tries to reorder itself towards 'product.info.media.image', but their parents are different: 'skip_gallery_after.wrapper' and 'product.info.media' respectively. [] []
[2025-02-05T18:33:57.012308+00:00] main.INFO: Broken reference: the 'header.panel.wrapper' element cannot be added as child to 'header.container', because the latter doesn't exist [] []
[2025-02-05T18:33:57.012706+00:00] main.INFO: Broken reference: the 'header-wrapper' element cannot be added as child to 'header.container', because the latter doesn't exist [] []
[2025-02-05T18:33:57.012741+00:00] main.INFO: Broken reference: the 'navigation.sections' element cannot be added as child to 'page.top', because the latter doesn't exist [] []
[2025-02-05T18:33:57.012772+00:00] main.INFO: Broken reference: the 'top.container' element cannot be added as child to 'page.top', because the latter doesn't exist [] []
[2025-02-05T18:33:57.012799+00:00] main.INFO: Broken reference: the 'breadcrumbs' element cannot be added as child to 'page.top', because the latter doesn't exist [] []
[2025-02-05T18:33:57.012838+00:00] main.INFO: Broken reference: the 'footer' element cannot be added as child to 'footer-container', because the latter doesn't exist [] []
[2025-02-05T18:33:57.012889+00:00] main.INFO: Broken reference: the 'catalog.compare.sidebar' element cannot be added as child to 'sidebar.additional', because the latter doesn't exist [] []
[2025-02-05T18:33:57.012924+00:00] main.INFO: Broken reference: the 'sale.reorder.sidebar' element cannot be added as child to 'sidebar.additional', because the latter doesn't exist [] []
[2025-02-05T18:33:57.012995+00:00] main.INFO: Broken reference: the 'wishlist_sidebar' element cannot be added as child to 'sidebar.additional', because the latter doesn't exist [] []
[2025-02-05T18:33:57.013046+00:00] main.INFO: Broken reference: the 'header.panel.wrapper' tries to reorder itself towards '', but their parents are different: 'header.container' and '' respectively. [] []
[2025-02-05T18:33:57.013078+00:00] main.INFO: Broken reference: the 'navigation.sections' tries to reorder itself towards '', but their parents are different: 'page.top' and '' respectively. [] []
[2025-02-05T18:41:36.920738+00:00] main.ERROR: Unable to resolve the source file for 'frontend/Magento/luma/en_US/moment.min.js.map' [] []
[2025-02-05T18:41:36.921177+00:00] main.CRITICAL: Unable to resolve the source file for 'frontend/Magento/luma/en_US/moment.min.js.map' [] []
[2025-02-05T18:47:18.105828+00:00] main.INFO: Broken reference: the 'catalog.compare.sidebar' element cannot be added as child to 'sidebar.additional', because the latter doesn't exist [] []
[2025-02-05T18:47:18.106423+00:00] main.INFO: Broken reference: the 'sale.reorder.sidebar' element cannot be added as child to 'sidebar.additional', because the latter doesn't exist [] []
[2025-02-05T18:47:18.106505+00:00] main.INFO: Broken reference: the 'wishlist_sidebar' element cannot be added as child to 'sidebar.additional', because the latter doesn't exist [] []
[2025-02-05T18:47:18.106747+00:00] main.INFO: Broken reference: the 'skip_gallery_before' tries to reorder itself towards 'product.info.media.image', but their parents are different: 'skip_gallery_before.wrapper' and 'product.info.media' respectively. [] []
[2025-02-05T18:47:18.106783+00:00] main.INFO: Broken reference: the 'skip_gallery_after' tries to reorder itself towards 'product.info.media.image', but their parents are different: 'skip_gallery_after.wrapper' and 'product.info.media' respectively. [] []
[2025-02-05T18:47:18.588352+00:00] main.ERROR: Unable to resolve the source file for 'frontend/Magento/luma/en_US/moment.min.js.map' [] []
[2025-02-05T18:47:18.589061+00:00] main.CRITICAL: Unable to resolve the source file for 'frontend/Magento/luma/en_US/moment.min.js.map' [] []
[2025-02-05T18:47:18.920547+00:00] main.ERROR: Unable to resolve the source file for 'frontend/Magento/luma/en_US/vimeo/player.js.map' [] []
[2025-02-05T18:47:18.921159+00:00] main.CRITICAL: Unable to resolve the source file for 'frontend/Magento/luma/en_US/vimeo/player.js.map' [] []
[2025-02-05T18:47:20.628644+00:00] main.INFO: Broken reference: the 'header.panel.wrapper' element cannot be added as child to 'header.container', because the latter doesn't exist [] []
[2025-02-05T18:47:20.628991+00:00] main.INFO: Broken reference: the 'header-wrapper' element cannot be added as child to 'header.container', because the latter doesn't exist [] []
[2025-02-05T18:47:20.629024+00:00] main.INFO: Broken reference: the 'navigation.sections' element cannot be added as child to 'page.top', because the latter doesn't exist [] []
[2025-02-05T18:47:20.629054+00:00] main.INFO: Broken reference: the 'top.container' element cannot be added as child to 'page.top', because the latter doesn't exist [] []
[2025-02-05T18:47:20.629076+00:00] main.INFO: Broken reference: the 'breadcrumbs' element cannot be added as child to 'page.top', because the latter doesn't exist [] []
[2025-02-05T18:47:20.629111+00:00] main.INFO: Broken reference: the 'footer' element cannot be added as child to 'footer-container', because the latter doesn't exist [] []
[2025-02-05T18:47:20.629157+00:00] main.INFO: Broken reference: the 'catalog.compare.sidebar' element cannot be added as child to 'sidebar.additional', because the latter doesn't exist [] []
[2025-02-05T18:47:20.629188+00:00] main.INFO: Broken reference: the 'sale.reorder.sidebar' element cannot be added as child to 'sidebar.additional', because the latter doesn't exist [] []
[2025-02-05T18:47:20.629261+00:00] main.INFO: Broken reference: the 'wishlist_sidebar' element cannot be added as child to 'sidebar.additional', because the latter doesn't exist [] []
[2025-02-05T18:47:20.629313+00:00] main.INFO: Broken reference: the 'header.panel.wrapper' tries to reorder itself towards '', but their parents are different: 'header.container' and '' respectively. [] []
[2025-02-05T18:47:20.629344+00:00] main.INFO: Broken reference: the 'navigation.sections' tries to reorder itself towards '', but their parents are different: 'page.top' and '' respectively. [] []
[2025-02-05T18:47:21.079564+00:00] main.ERROR: Unable to resolve the source file for 'frontend/Magento/luma/en_US/moment.min.js.map' [] []
[2025-02-05T18:47:21.079885+00:00] main.CRITICAL: Unable to resolve the source file for 'frontend/Magento/luma/en_US/moment.min.js.map' [] []
[2025-02-05T18:47:40.728006+00:00] main.INFO: Broken reference: the 'header.panel.wrapper' element cannot be added as child to 'header.container', because the latter doesn't exist [] []
[2025-02-05T18:47:40.728621+00:00] main.INFO: Broken reference: the 'header-wrapper' element cannot be added as child to 'header.container', because the latter doesn't exist [] []
[2025-02-05T18:47:40.728662+00:00] main.INFO: Broken reference: the 'navigation.sections' element cannot be added as child to 'page.top', because the latter doesn't exist [] []
[2025-02-05T18:47:40.728695+00:00] main.INFO: Broken reference: the 'top.container' element cannot be added as child to 'page.top', because the latter doesn't exist [] []
[2025-02-05T18:47:40.728724+00:00] main.INFO: Broken reference: the 'breadcrumbs' element cannot be added as child to 'page.top', because the latter doesn't exist [] []
[2025-02-05T18:47:40.728761+00:00] main.INFO: Broken reference: the 'footer' element cannot be added as child to 'footer-container', because the latter doesn't exist [] []
[2025-02-05T18:47:40.728817+00:00] main.INFO: Broken reference: the 'catalog.compare.sidebar' element cannot be added as child to 'sidebar.additional', because the latter doesn't exist [] []
[2025-02-05T18:47:40.728852+00:00] main.INFO: Broken reference: the 'sale.reorder.sidebar' element cannot be added as child to 'sidebar.additional', because the latter doesn't exist [] []
[2025-02-05T18:47:40.728923+00:00] main.INFO: Broken reference: the 'wishlist_sidebar' element cannot be added as child to 'sidebar.additional', because the latter doesn't exist [] []
[2025-02-05T18:47:40.728978+00:00] main.INFO: Broken reference: the 'header.panel.wrapper' tries to reorder itself towards '', but their parents are different: 'header.container' and '' respectively. [] []
[2025-02-05T18:47:40.729012+00:00] main.INFO: Broken reference: the 'navigation.sections' tries to reorder itself towards '', but their parents are different: 'page.top' and '' respectively. [] []
[2025-02-05T18:47:41.127142+00:00] main.ERROR: Unable to resolve the source file for 'frontend/Magento/luma/en_US/moment.min.js.map' [] []
[2025-02-05T18:47:41.127611+00:00] main.CRITICAL: Unable to resolve the source file for 'frontend/Magento/luma/en_US/moment.min.js.map' [] []
[2025-02-05T18:47:59.852596+00:00] main.INFO: Broken reference: the 'catalog.compare.sidebar' element cannot be added as child to 'sidebar.additional', because the latter doesn't exist [] []
[2025-02-05T18:47:59.853622+00:00] main.INFO: Broken reference: the 'sale.reorder.sidebar' element cannot be added as child to 'sidebar.additional', because the latter doesn't exist [] []
[2025-02-05T18:47:59.854032+00:00] main.INFO: Broken reference: the 'wishlist_sidebar' element cannot be added as child to 'sidebar.additional', because the latter doesn't exist [] []
[2025-02-05T18:47:59.854715+00:00] main.INFO: Broken reference: the 'checkout.cart.item.renderers.gift-card.actions.gift_options' element cannot be added as child to 'checkout.cart.item.renderers.gift-card.actions', because the latter doesn't exist [] []
[2025-02-05T18:47:59.855533+00:00] main.INFO: Broken reference: the 'checkout.cart.item.renderers.gift-card.actions.gift_options' tries to reorder itself towards '', but their parents are different: 'checkout.cart.item.renderers.gift-card.actions' and '' respectively. [] []
[2025-02-05T18:48:00.544796+00:00] main.ERROR: Unable to resolve the source file for 'frontend/Magento/luma/en_US/moment.min.js.map' [] []
[2025-02-05T18:48:00.545705+00:00] main.CRITICAL: Unable to resolve the source file for 'frontend/Magento/luma/en_US/moment.min.js.map' [] []
[2025-02-05T18:48:04.171884+00:00] main.ERROR: Unable to resolve the source file for 'frontend/Magento/luma/en_US/moment.min.js.map' [] []
[2025-02-05T18:48:04.172924+00:00] main.CRITICAL: Unable to resolve the source file for 'frontend/Magento/luma/en_US/moment.min.js.map' [] []
[2025-02-05T18:48:08.769305+00:00] main.ERROR: Unable to resolve the source file for 'frontend/Magento/luma/en_US/moment.min.js.map' [] []
[2025-02-05T18:48:08.770646+00:00] main.CRITICAL: Unable to resolve the source file for 'frontend/Magento/luma/en_US/moment.min.js.map' [] []
[2025-02-05T18:48:15.488498+00:00] main.ERROR: Unable to resolve the source file for 'frontend/Magento/luma/en_US/moment.min.js.map' [] []
[2025-02-05T18:48:15.489376+00:00] main.CRITICAL: Unable to resolve the source file for 'frontend/Magento/luma/en_US/moment.min.js.map' [] []
[2025-02-05T18:48:16.294860+00:00] main.INFO: Broken reference: the 'catalog.compare.sidebar' element cannot be added as child to 'sidebar.additional', because the latter doesn't exist [] []
[2025-02-05T18:48:16.295713+00:00] main.INFO: Broken reference: the 'sale.reorder.sidebar' element cannot be added as child to 'sidebar.additional', because the latter doesn't exist [] []
[2025-02-05T18:48:16.296099+00:00] main.INFO: Broken reference: the 'wishlist_sidebar' element cannot be added as child to 'sidebar.additional', because the latter doesn't exist [] []
[2025-02-05T18:48:16.297392+00:00] main.INFO: Broken reference: the 'skip_gallery_before' tries to reorder itself towards 'product.info.media.image', but their parents are different: 'skip_gallery_before.wrapper' and 'product.info.media' respectively. [] []
[2025-02-05T18:48:16.297506+00:00] main.INFO: Broken reference: the 'skip_gallery_after' tries to reorder itself towards 'product.info.media.image', but their parents are different: 'skip_gallery_after.wrapper' and 'product.info.media' respectively. [] []
[2025-02-05T18:48:17.287704+00:00] main.ERROR: Unable to resolve the source file for 'frontend/Magento/luma/en_US/moment.min.js.map' [] []
[2025-02-05T18:48:17.288606+00:00] main.CRITICAL: Unable to resolve the source file for 'frontend/Magento/luma/en_US/moment.min.js.map' [] []
[2025-02-05T18:48:18.285947+00:00] main.ERROR: Unable to resolve the source file for 'frontend/Magento/luma/en_US/vimeo/player.js.map' [] []
[2025-02-05T18:48:18.286775+00:00] main.CRITICAL: Unable to resolve the source file for 'frontend/Magento/luma/en_US/vimeo/player.js.map' [] []
[2025-02-05T18:48:32.629269+00:00] main.INFO: Broken reference: the 'header.panel.wrapper' element cannot be added as child to 'header.container', because the latter doesn't exist [] []
[2025-02-05T18:48:32.630165+00:00] main.INFO: Broken reference: the 'header-wrapper' element cannot be added as child to 'header.container', because the latter doesn't exist [] []
[2025-02-05T18:48:32.630298+00:00] main.INFO: Broken reference: the 'navigation.sections' element cannot be added as child to 'page.top', because the latter doesn't exist [] []
[2025-02-05T18:48:32.630451+00:00] main.INFO: Broken reference: the 'top.container' element cannot be added as child to 'page.top', because the latter doesn't exist [] []
[2025-02-05T18:48:32.630558+00:00] main.INFO: Broken reference: the 'breadcrumbs' element cannot be added as child to 'page.top', because the latter doesn't exist [] []
[2025-02-05T18:48:32.630750+00:00] main.INFO: Broken reference: the 'footer' element cannot be added as child to 'footer-container', because the latter doesn't exist [] []
[2025-02-05T18:48:32.631007+00:00] main.INFO: Broken reference: the 'catalog.compare.sidebar' element cannot be added as child to 'sidebar.additional', because the latter doesn't exist [] []
[2025-02-05T18:48:32.631189+00:00] main.INFO: Broken reference: the 'sale.reorder.sidebar' element cannot be added as child to 'sidebar.additional', because the latter doesn't exist [] []
[2025-02-05T18:48:32.631547+00:00] main.INFO: Broken reference: the 'wishlist_sidebar' element cannot be added as child to 'sidebar.additional', because the latter doesn't exist [] []
[2025-02-05T18:48:32.631762+00:00] main.INFO: Broken reference: the 'header.panel.wrapper' tries to reorder itself towards '', but their parents are different: 'header.container' and '' respectively. [] []
[2025-02-05T18:48:32.631908+00:00] main.INFO: Broken reference: the 'navigation.sections' tries to reorder itself towards '', but their parents are different: 'page.top' and '' respectively. [] []
[2025-02-05T18:48:33.496732+00:00] main.ERROR: Unable to resolve the source file for 'frontend/Magento/luma/en_US/moment.min.js.map' [] []
[2025-02-05T18:48:33.497676+00:00] main.CRITICAL: Unable to resolve the source file for 'frontend/Magento/luma/en_US/moment.min.js.map' [] []
[2025-02-05T18:49:17.444272+00:00] main.INFO: Broken reference: the 'header.panel.wrapper' element cannot be added as child to 'header.container', because the latter doesn't exist [] []
[2025-02-05T18:49:17.445347+00:00] main.INFO: Broken reference: the 'header-wrapper' element cannot be added as child to 'header.container', because the latter doesn't exist [] []
[2025-02-05T18:49:17.445468+00:00] main.INFO: Broken reference: the 'navigation.sections' element cannot be added as child to 'page.top', because the latter doesn't exist [] []
[2025-02-05T18:49:17.445641+00:00] main.INFO: Broken reference: the 'top.container' element cannot be added as child to 'page.top', because the latter doesn't exist [] []
[2025-02-05T18:49:17.445738+00:00] main.INFO: Broken reference: the 'breadcrumbs' element cannot be added as child to 'page.top', because the latter doesn't exist [] []
[2025-02-05T18:49:17.445920+00:00] main.INFO: Broken reference: the 'footer' element cannot be added as child to 'footer-container', because the latter doesn't exist [] []
[2025-02-05T18:49:17.446151+00:00] main.INFO: Broken reference: the 'catalog.compare.sidebar' element cannot be added as child to 'sidebar.additional', because the latter doesn't exist [] []
[2025-02-05T18:49:17.446292+00:00] main.INFO: Broken reference: the 'sale.reorder.sidebar' element cannot be added as child to 'sidebar.additional', because the latter doesn't exist [] []
[2025-02-05T18:49:17.446600+00:00] main.INFO: Broken reference: the 'wishlist_sidebar' element cannot be added as child to 'sidebar.additional', because the latter doesn't exist [] []
[2025-02-05T18:49:17.446790+00:00] main.INFO: Broken reference: the 'header.panel.wrapper' tries to reorder itself towards '', but their parents are different: 'header.container' and '' respectively. [] []
[2025-02-05T18:49:17.446917+00:00] main.INFO: Broken reference: the 'navigation.sections' tries to reorder itself towards '', but their parents are different: 'page.top' and '' respectively. [] []
[2025-02-05T18:49:18.096657+00:00] main.ERROR: Unable to resolve the source file for 'frontend/Magento/luma/en_US/moment.min.js.map' [] []
[2025-02-05T18:49:18.097423+00:00] main.CRITICAL: Unable to resolve the source file for 'frontend/Magento/luma/en_US/moment.min.js.map' [] []
[2025-02-05T18:53:50.835386+00:00] main.WARNING: Memory size allocated for the temporary table is more than 20% of innodb_buffer_pool_size. Please update innodb_buffer_pool_size or decrease batch size value (which decreases memory usages for the temporary table). Current batch size: 100000; Allocated memory size: 50000000 bytes; InnoDB buffer pool size: 134217728 bytes. [] []
[2025-02-05T18:53:50.860612+00:00] main.WARNING: Memory size allocated for the temporary table is more than 20% of innodb_buffer_pool_size. Please update innodb_buffer_pool_size or decrease batch size value (which decreases memory usages for the temporary table). Current batch size: 100000; Allocated memory size: 50000000 bytes; InnoDB buffer pool size: 134217728 bytes. [] []
[2025-02-05T18:53:50.976825+00:00] main.WARNING: Memory size allocated for the temporary table is more than 20% of innodb_buffer_pool_size. Please update innodb_buffer_pool_size or decrease batch size value (which decreases memory usages for the temporary table). Current batch size: 100000; Allocated memory size: 50000000 bytes; InnoDB buffer pool size: 134217728 bytes. [] []
[2025-02-05T18:53:51.174453+00:00] main.WARNING: Memory size allocated for the temporary table is more than 20% of innodb_buffer_pool_size. Please update innodb_buffer_pool_size or decrease batch size value (which decreases memory usages for the temporary table). Current batch size: 100000; Allocated memory size: 50000000 bytes; InnoDB buffer pool size: 134217728 bytes. [] []
[2025-02-05T18:53:51.203569+00:00] main.WARNING: Memory size allocated for the temporary table is more than 20% of innodb_buffer_pool_size. Please update innodb_buffer_pool_size or decrease batch size value (which decreases memory usages for the temporary table). Current batch size: 100000; Allocated memory size: 50000000 bytes; InnoDB buffer pool size: 134217728 bytes. [] []
[2025-02-05T18:53:51.319426+00:00] main.WARNING: Memory size allocated for the temporary table is more than 20% of innodb_buffer_pool_size. Please update innodb_buffer_pool_size or decrease batch size value (which decreases memory usages for the temporary table). Current batch size: 100000; Allocated memory size: 50000000 bytes; InnoDB buffer pool size: 134217728 bytes. [] []
[2025-02-05T18:53:53.156947+00:00] main.WARNING: Memory size allocated for the temporary table is more than 20% of innodb_buffer_pool_size. Please update innodb_buffer_pool_size or decrease batch size value (which decreases memory usages for the temporary table). Current batch size: 3334; Allocated memory size: 40008000 bytes; InnoDB buffer pool size: 134217728 bytes. [] []
[2025-02-05T18:54:27.129053+00:00] main.INFO: Broken reference: the 'header.panel.wrapper' element cannot be added as child to 'header.container', because the latter doesn't exist [] []
[2025-02-05T18:54:27.131259+00:00] main.INFO: Broken reference: the 'header-wrapper' element cannot be added as child to 'header.container', because the latter doesn't exist [] []
[2025-02-05T18:54:27.131587+00:00] main.INFO: Broken reference: the 'navigation.sections' element cannot be added as child to 'page.top', because the latter doesn't exist [] []
[2025-02-05T18:54:27.131943+00:00] main.INFO: Broken reference: the 'top.container' element cannot be added as child to 'page.top', because the latter doesn't exist [] []
[2025-02-05T18:54:27.132175+00:00] main.INFO: Broken reference: the 'breadcrumbs' element cannot be added as child to 'page.top', because the latter doesn't exist [] []
[2025-02-05T18:54:27.132611+00:00] main.INFO: Broken reference: the 'footer' element cannot be added as child to 'footer-container', because the latter doesn't exist [] []
[2025-02-05T18:54:27.133180+00:00] main.INFO: Broken reference: the 'catalog.compare.sidebar' element cannot be added as child to 'sidebar.additional', because the latter doesn't exist [] []
[2025-02-05T18:54:27.133549+00:00] main.INFO: Broken reference: the 'sale.reorder.sidebar' element cannot be added as child to 'sidebar.additional', because the latter doesn't exist [] []
[2025-02-05T18:54:27.134353+00:00] main.INFO: Broken reference: the 'wishlist_sidebar' element cannot be added as child to 'sidebar.additional', because the latter doesn't exist [] []
[2025-02-05T18:54:27.134854+00:00] main.INFO: Broken reference: the 'header.panel.wrapper' tries to reorder itself towards '', but their parents are different: 'header.container' and '' respectively. [] []
[2025-02-05T18:54:27.135178+00:00] main.INFO: Broken reference: the 'navigation.sections' tries to reorder itself towards '', but their parents are different: 'page.top' and '' respectively. [] []
[2025-02-05T18:54:29.024696+00:00] main.ERROR: Unable to resolve the source file for 'frontend/Magento/luma/en_US/moment.min.js.map' [] []
[2025-02-05T18:54:29.026568+00:00] main.CRITICAL: Unable to resolve the source file for 'frontend/Magento/luma/en_US/moment.min.js.map' [] []
[2025-02-05T19:04:06.373590+00:00] main.INFO: Broken reference: the 'header.panel.wrapper' element cannot be added as child to 'header.container', because the latter doesn't exist [] []
[2025-02-05T19:04:06.374740+00:00] main.INFO: Broken reference: the 'header-wrapper' element cannot be added as child to 'header.container', because the latter doesn't exist [] []
[2025-02-05T19:04:06.374877+00:00] main.INFO: Broken reference: the 'navigation.sections' element cannot be added as child to 'page.top', because the latter doesn't exist [] []
[2025-02-05T19:04:06.375034+00:00] main.INFO: Broken reference: the 'top.container' element cannot be added as child to 'page.top', because the latter doesn't exist [] []
[2025-02-05T19:04:06.375139+00:00] main.INFO: Broken reference: the 'breadcrumbs' element cannot be added as child to 'page.top', because the latter doesn't exist [] []
[2025-02-05T19:04:06.375333+00:00] main.INFO: Broken reference: the 'footer' element cannot be added as child to 'footer-container', because the latter doesn't exist [] []
[2025-02-05T19:04:06.375589+00:00] main.INFO: Broken reference: the 'catalog.compare.sidebar' element cannot be added as child to 'sidebar.additional', because the latter doesn't exist [] []
[2025-02-05T19:04:06.375742+00:00] main.INFO: Broken reference: the 'sale.reorder.sidebar' element cannot be added as child to 'sidebar.additional', because the latter doesn't exist [] []
[2025-02-05T19:04:06.376106+00:00] main.INFO: Broken reference: the 'wishlist_sidebar' element cannot be added as child to 'sidebar.additional', because the latter doesn't exist [] []
[2025-02-05T19:04:06.376313+00:00] main.INFO: Broken reference: the 'header.panel.wrapper' tries to reorder itself towards '', but their parents are different: 'header.container' and '' respectively. [] []
[2025-02-05T19:04:06.376446+00:00] main.INFO: Broken reference: the 'navigation.sections' tries to reorder itself towards '', but their parents are different: 'page.top' and '' respectively. [] []
[2025-02-05T19:04:07.057705+00:00] main.ERROR: Unable to resolve the source file for 'frontend/Magento/luma/en_US/moment.min.js.map' [] []
[2025-02-05T19:04:07.058484+00:00] main.CRITICAL: Unable to resolve the source file for 'frontend/Magento/luma/en_US/moment.min.js.map' [] []
[2025-02-05T19:07:29.034170+00:00] main.WARNING: Memory size allocated for the temporary table is more than 20% of innodb_buffer_pool_size. Please update innodb_buffer_pool_size or decrease batch size value (which decreases memory usages for the temporary table). Current batch size: 100000; Allocated memory size: 50000000 bytes; InnoDB buffer pool size: 134217728 bytes. [] []
[2025-02-05T19:07:29.072759+00:00] main.WARNING: Memory size allocated for the temporary table is more than 20% of innodb_buffer_pool_size. Please update innodb_buffer_pool_size or decrease batch size value (which decreases memory usages for the temporary table). Current batch size: 100000; Allocated memory size: 50000000 bytes; InnoDB buffer pool size: 134217728 bytes. [] []
[2025-02-05T19:07:29.262500+00:00] main.WARNING: Memory size allocated for the temporary table is more than 20% of innodb_buffer_pool_size. Please update innodb_buffer_pool_size or decrease batch size value (which decreases memory usages for the temporary table). Current batch size: 100000; Allocated memory size: 50000000 bytes; InnoDB buffer pool size: 134217728 bytes. [] []
[2025-02-05T19:07:29.572620+00:00] main.WARNING: Memory size allocated for the temporary table is more than 20% of innodb_buffer_pool_size. Please update innodb_buffer_pool_size or decrease batch size value (which decreases memory usages for the temporary table). Current batch size: 100000; Allocated memory size: 50000000 bytes; InnoDB buffer pool size: 134217728 bytes. [] []
[2025-02-05T19:07:29.624822+00:00] main.WARNING: Memory size allocated for the temporary table is more than 20% of innodb_buffer_pool_size. Please update innodb_buffer_pool_size or decrease batch size value (which decreases memory usages for the temporary table). Current batch size: 100000; Allocated memory size: 50000000 bytes; InnoDB buffer pool size: 134217728 bytes. [] []
[2025-02-05T19:07:29.893461+00:00] main.WARNING: Memory size allocated for the temporary table is more than 20% of innodb_buffer_pool_size. Please update innodb_buffer_pool_size or decrease batch size value (which decreases memory usages for the temporary table). Current batch size: 100000; Allocated memory size: 50000000 bytes; InnoDB buffer pool size: 134217728 bytes. [] []
[2025-02-05T19:07:32.065538+00:00] main.WARNING: Memory size allocated for the temporary table is more than 20% of innodb_buffer_pool_size. Please update innodb_buffer_pool_size or decrease batch size value (which decreases memory usages for the temporary table). Current batch size: 3334; Allocated memory size: 40008000 bytes; InnoDB buffer pool size: 134217728 bytes. [] []
[2025-02-05T19:08:29.147601+00:00] main.INFO: Broken reference: the 'header.panel.wrapper' element cannot be added as child to 'header.container', because the latter doesn't exist [] []
[2025-02-05T19:08:29.148446+00:00] main.INFO: Broken reference: the 'header-wrapper' element cannot be added as child to 'header.container', because the latter doesn't exist [] []
[2025-02-05T19:08:29.148554+00:00] main.INFO: Broken reference: the 'navigation.sections' element cannot be added as child to 'page.top', because the latter doesn't exist [] []
[2025-02-05T19:08:29.148683+00:00] main.INFO: Broken reference: the 'top.container' element cannot be added as child to 'page.top', because the latter doesn't exist [] []
[2025-02-05T19:08:29.148771+00:00] main.INFO: Broken reference: the 'breadcrumbs' element cannot be added as child to 'page.top', because the latter doesn't exist [] []
[2025-02-05T19:08:29.148948+00:00] main.INFO: Broken reference: the 'footer' element cannot be added as child to 'footer-container', because the latter doesn't exist [] []
[2025-02-05T19:08:29.149196+00:00] main.INFO: Broken reference: the 'catalog.compare.sidebar' element cannot be added as child to 'sidebar.additional', because the latter doesn't exist [] []
[2025-02-05T19:08:29.149335+00:00] main.INFO: Broken reference: the 'sale.reorder.sidebar' element cannot be added as child to 'sidebar.additional', because the latter doesn't exist [] []
[2025-02-05T19:08:29.149625+00:00] main.INFO: Broken reference: the 'wishlist_sidebar' element cannot be added as child to 'sidebar.additional', because the latter doesn't exist [] []
[2025-02-05T19:08:29.149808+00:00] main.INFO: Broken reference: the 'header.panel.wrapper' tries to reorder itself towards '', but their parents are different: 'header.container' and '' respectively. [] []
[2025-02-05T19:08:29.149941+00:00] main.INFO: Broken reference: the 'navigation.sections' tries to reorder itself towards '', but their parents are different: 'page.top' and '' respectively. [] []
[2025-02-05T19:08:30.051343+00:00] main.ERROR: Unable to resolve the source file for 'frontend/Magento/luma/en_US/moment.min.js.map' [] []
[2025-02-05T19:08:30.053439+00:00] main.CRITICAL: Unable to resolve the source file for 'frontend/Magento/luma/en_US/moment.min.js.map' [] []
[2025-02-05T19:13:06.170126+00:00] main.WARNING: Memory size allocated for the temporary table is more than 20% of innodb_buffer_pool_size. Please update innodb_buffer_pool_size or decrease batch size value (which decreases memory usages for the temporary table). Current batch size: 100000; Allocated memory size: 50000000 bytes; InnoDB buffer pool size: 134217728 bytes. [] []
[2025-02-05T19:13:06.194431+00:00] main.WARNING: Memory size allocated for the temporary table is more than 20% of innodb_buffer_pool_size. Please update innodb_buffer_pool_size or decrease batch size value (which decreases memory usages for the temporary table). Current batch size: 100000; Allocated memory size: 50000000 bytes; InnoDB buffer pool size: 134217728 bytes. [] []
[2025-02-05T19:13:06.310332+00:00] main.WARNING: Memory size allocated for the temporary table is more than 20% of innodb_buffer_pool_size. Please update innodb_buffer_pool_size or decrease batch size value (which decreases memory usages for the temporary table). Current batch size: 100000; Allocated memory size: 50000000 bytes; InnoDB buffer pool size: 134217728 bytes. [] []
[2025-02-05T19:13:06.508297+00:00] main.WARNING: Memory size allocated for the temporary table is more than 20% of innodb_buffer_pool_size. Please update innodb_buffer_pool_size or decrease batch size value (which decreases memory usages for the temporary table). Current batch size: 100000; Allocated memory size: 50000000 bytes; InnoDB buffer pool size: 134217728 bytes. [] []
[2025-02-05T19:13:06.535101+00:00] main.WARNING: Memory size allocated for the temporary table is more than 20% of innodb_buffer_pool_size. Please update innodb_buffer_pool_size or decrease batch size value (which decreases memory usages for the temporary table). Current batch size: 100000; Allocated memory size: 50000000 bytes; InnoDB buffer pool size: 134217728 bytes. [] []
[2025-02-05T19:13:06.665303+00:00] main.WARNING: Memory size allocated for the temporary table is more than 20% of innodb_buffer_pool_size. Please update innodb_buffer_pool_size or decrease batch size value (which decreases memory usages for the temporary table). Current batch size: 100000; Allocated memory size: 50000000 bytes; InnoDB buffer pool size: 134217728 bytes. [] []
[2025-02-05T19:13:08.580996+00:00] main.WARNING: Memory size allocated for the temporary table is more than 20% of innodb_buffer_pool_size. Please update innodb_buffer_pool_size or decrease batch size value (which decreases memory usages for the temporary table). Current batch size: 3334; Allocated memory size: 40008000 bytes; InnoDB buffer pool size: 134217728 bytes. [] []
[2025-02-05T19:14:13.004804+00:00] main.INFO: Broken reference: the 'header.panel.wrapper' element cannot be added as child to 'header.container', because the latter doesn't exist [] []
[2025-02-05T19:14:13.005696+00:00] main.INFO: Broken reference: the 'header-wrapper' element cannot be added as child to 'header.container', because the latter doesn't exist [] []
[2025-02-05T19:14:13.005822+00:00] main.INFO: Broken reference: the 'navigation.sections' element cannot be added as child to 'page.top', because the latter doesn't exist [] []
[2025-02-05T19:14:13.005980+00:00] main.INFO: Broken reference: the 'top.container' element cannot be added as child to 'page.top', because the latter doesn't exist [] []
[2025-02-05T19:14:13.006081+00:00] main.INFO: Broken reference: the 'breadcrumbs' element cannot be added as child to 'page.top', because the latter doesn't exist [] []
[2025-02-05T19:14:13.006267+00:00] main.INFO: Broken reference: the 'footer' element cannot be added as child to 'footer-container', because the latter doesn't exist [] []
[2025-02-05T19:14:13.006512+00:00] main.INFO: Broken reference: the 'catalog.compare.sidebar' element cannot be added as child to 'sidebar.additional', because the latter doesn't exist [] []
[2025-02-05T19:14:13.006659+00:00] main.INFO: Broken reference: the 'sale.reorder.sidebar' element cannot be added as child to 'sidebar.additional', because the latter doesn't exist [] []
[2025-02-05T19:14:13.007166+00:00] main.INFO: Broken reference: the 'wishlist_sidebar' element cannot be added as child to 'sidebar.additional', because the latter doesn't exist [] []
[2025-02-05T19:14:13.007360+00:00] main.INFO: Broken reference: the 'header.panel.wrapper' tries to reorder itself towards '', but their parents are different: 'header.container' and '' respectively. [] []
[2025-02-05T19:14:13.007489+00:00] main.INFO: Broken reference: the 'navigation.sections' tries to reorder itself towards '', but their parents are different: 'page.top' and '' respectively. [] []
[2025-02-05T19:14:14.001500+00:00] main.ERROR: Unable to resolve the source file for 'frontend/Magento/luma/en_US/moment.min.js.map' [] []
[2025-02-05T19:14:14.002438+00:00] main.CRITICAL: Unable to resolve the source file for 'frontend/Magento/luma/en_US/moment.min.js.map' [] []
[2025-02-05T19:31:37.411318+00:00] main.WARNING: Memory size allocated for the temporary table is more than 20% of innodb_buffer_pool_size. Please update innodb_buffer_pool_size or decrease batch size value (which decreases memory usages for the temporary table). Current batch size: 100000; Allocated memory size: 50000000 bytes; InnoDB buffer pool size: 134217728 bytes. [] []
[2025-02-05T19:31:37.434242+00:00] main.WARNING: Memory size allocated for the temporary table is more than 20% of innodb_buffer_pool_size. Please update innodb_buffer_pool_size or decrease batch size value (which decreases memory usages for the temporary table). Current batch size: 100000; Allocated memory size: 50000000 bytes; InnoDB buffer pool size: 134217728 bytes. [] []
[2025-02-05T19:31:37.552503+00:00] main.WARNING: Memory size allocated for the temporary table is more than 20% of innodb_buffer_pool_size. Please update innodb_buffer_pool_size or decrease batch size value (which decreases memory usages for the temporary table). Current batch size: 100000; Allocated memory size: 50000000 bytes; InnoDB buffer pool size: 134217728 bytes. [] []
[2025-02-05T19:31:37.762749+00:00] main.WARNING: Memory size allocated for the temporary table is more than 20% of innodb_buffer_pool_size. Please update innodb_buffer_pool_size or decrease batch size value (which decreases memory usages for the temporary table). Current batch size: 100000; Allocated memory size: 50000000 bytes; InnoDB buffer pool size: 134217728 bytes. [] []
[2025-02-05T19:31:37.792533+00:00] main.WARNING: Memory size allocated for the temporary table is more than 20% of innodb_buffer_pool_size. Please update innodb_buffer_pool_size or decrease batch size value (which decreases memory usages for the temporary table). Current batch size: 100000; Allocated memory size: 50000000 bytes; InnoDB buffer pool size: 134217728 bytes. [] []
[2025-02-05T19:31:37.909354+00:00] main.WARNING: Memory size allocated for the temporary table is more than 20% of innodb_buffer_pool_size. Please update innodb_buffer_pool_size or decrease batch size value (which decreases memory usages for the temporary table). Current batch size: 100000; Allocated memory size: 50000000 bytes; InnoDB buffer pool size: 134217728 bytes. [] []
[2025-02-05T19:31:39.863285+00:00] main.WARNING: Memory size allocated for the temporary table is more than 20% of innodb_buffer_pool_size. Please update innodb_buffer_pool_size or decrease batch size value (which decreases memory usages for the temporary table). Current batch size: 3334; Allocated memory size: 40008000 bytes; InnoDB buffer pool size: 134217728 bytes. [] []
[2025-02-05T19:33:33.948217+00:00] main.INFO: Broken reference: the 'header.panel.wrapper' element cannot be added as child to 'header.container', because the latter doesn't exist [] []
[2025-02-05T19:33:33.949173+00:00] main.INFO: Broken reference: the 'header-wrapper' element cannot be added as child to 'header.container', because the latter doesn't exist [] []
[2025-02-05T19:33:33.949303+00:00] main.INFO: Broken reference: the 'navigation.sections' element cannot be added as child to 'page.top', because the latter doesn't exist [] []
[2025-02-05T19:33:33.949466+00:00] main.INFO: Broken reference: the 'top.container' element cannot be added as child to 'page.top', because the latter doesn't exist [] []
[2025-02-05T19:33:33.949608+00:00] main.INFO: Broken reference: the 'breadcrumbs' element cannot be added as child to 'page.top', because the latter doesn't exist [] []
[2025-02-05T19:33:33.949798+00:00] main.INFO: Broken reference: the 'footer' element cannot be added as child to 'footer-container', because the latter doesn't exist [] []
[2025-02-05T19:33:33.950083+00:00] main.INFO: Broken reference: the 'catalog.compare.sidebar' element cannot be added as child to 'sidebar.additional', because the latter doesn't exist [] []
[2025-02-05T19:33:33.950245+00:00] main.INFO: Broken reference: the 'sale.reorder.sidebar' element cannot be added as child to 'sidebar.additional', because the latter doesn't exist [] []
[2025-02-05T19:33:33.950597+00:00] main.INFO: Broken reference: the 'wishlist_sidebar' element cannot be added as child to 'sidebar.additional', because the latter doesn't exist [] []
[2025-02-05T19:33:33.950807+00:00] main.INFO: Broken reference: the 'header.panel.wrapper' tries to reorder itself towards '', but their parents are different: 'header.container' and '' respectively. [] []
[2025-02-05T19:33:33.950944+00:00] main.INFO: Broken reference: the 'navigation.sections' tries to reorder itself towards '', but their parents are different: 'page.top' and '' respectively. [] []
[2025-02-05T19:33:35.384955+00:00] main.ERROR: Unable to resolve the source file for 'frontend/Magento/luma/en_US/moment.min.js.map' [] []
[2025-02-05T19:33:35.387089+00:00] main.CRITICAL: Unable to resolve the source file for 'frontend/Magento/luma/en_US/moment.min.js.map' [] []
[2025-02-05T19:34:02.994044+00:00] main.INFO: Broken reference: the 'header.panel.wrapper' element cannot be added as child to 'header.container', because the latter doesn't exist [] []
[2025-02-05T19:34:02.995124+00:00] main.INFO: Broken reference: the 'header-wrapper' element cannot be added as child to 'header.container', because the latter doesn't exist [] []
[2025-02-05T19:34:02.995295+00:00] main.INFO: Broken reference: the 'navigation.sections' element cannot be added as child to 'page.top', because the latter doesn't exist [] []
[2025-02-05T19:34:02.995490+00:00] main.INFO: Broken reference: the 'top.container' element cannot be added as child to 'page.top', because the latter doesn't exist [] []
[2025-02-05T19:34:02.995617+00:00] main.INFO: Broken reference: the 'breadcrumbs' element cannot be added as child to 'page.top', because the latter doesn't exist [] []
[2025-02-05T19:34:02.995846+00:00] main.INFO: Broken reference: the 'footer' element cannot be added as child to 'footer-container', because the latter doesn't exist [] []
[2025-02-05T19:34:02.996205+00:00] main.INFO: Broken reference: the 'catalog.compare.sidebar' element cannot be added as child to 'sidebar.additional', because the latter doesn't exist [] []
[2025-02-05T19:34:02.996437+00:00] main.INFO: Broken reference: the 'sale.reorder.sidebar' element cannot be added as child to 'sidebar.additional', because the latter doesn't exist [] []
[2025-02-05T19:34:02.997179+00:00] main.INFO: Broken reference: the 'wishlist_sidebar' element cannot be added as child to 'sidebar.additional', because the latter doesn't exist [] []
[2025-02-05T19:34:02.997599+00:00] main.INFO: Broken reference: the 'header.panel.wrapper' tries to reorder itself towards '', but their parents are different: 'header.container' and '' respectively. [] []
[2025-02-05T19:34:02.997846+00:00] main.INFO: Broken reference: the 'navigation.sections' tries to reorder itself towards '', but their parents are different: 'page.top' and '' respectively. [] []
[2025-02-05T19:35:29.515549+00:00] main.INFO: Broken reference: the 'catalog.compare.sidebar' element cannot be added as child to 'sidebar.additional', because the latter doesn't exist [] []
[2025-02-05T19:35:29.517591+00:00] main.INFO: Broken reference: the 'sale.reorder.sidebar' element cannot be added as child to 'sidebar.additional', because the latter doesn't exist [] []
[2025-02-05T19:35:29.518118+00:00] main.INFO: Broken reference: the 'wishlist_sidebar' element cannot be added as child to 'sidebar.additional', because the latter doesn't exist [] []
[2025-02-05T19:35:33.831337+00:00] main.INFO: Broken reference: the 'catalog.compare.sidebar' element cannot be added as child to 'sidebar.additional', because the latter doesn't exist [] []
[2025-02-05T19:35:33.832263+00:00] main.INFO: Broken reference: the 'sale.reorder.sidebar' element cannot be added as child to 'sidebar.additional', because the latter doesn't exist [] []
[2025-02-05T19:35:33.832734+00:00] main.INFO: Broken reference: the 'wishlist_sidebar' element cannot be added as child to 'sidebar.additional', because the latter doesn't exist [] []
[2025-02-05T19:42:02.465917+00:00] main.INFO: Broken reference: the 'catalog.compare.sidebar' element cannot be added as child to 'sidebar.additional', because the latter doesn't exist [] []
[2025-02-05T19:42:02.466744+00:00] main.INFO: Broken reference: the 'sale.reorder.sidebar' element cannot be added as child to 'sidebar.additional', because the latter doesn't exist [] []
[2025-02-05T19:42:02.467127+00:00] main.INFO: Broken reference: the 'wishlist_sidebar' element cannot be added as child to 'sidebar.additional', because the latter doesn't exist [] []
[2025-02-05T19:42:02.467286+00:00] main.INFO: Broken reference: the 'paypal.partner.right.logo' element cannot be added as child to 'sidebar.additional', because the latter doesn't exist [] []
[2025-02-05T19:42:02.467387+00:00] main.INFO: Broken reference: the 'bml.right.logo' element cannot be added as child to 'sidebar.additional', because the latter doesn't exist [] []
[2025-02-05T19:42:02.467485+00:00] main.INFO: Broken reference: the 'sidebar.container.paylater' element cannot be added as child to 'sidebar.additional', because the latter doesn't exist [] []
[2025-02-05T19:42:04.945865+00:00] main.INFO: Broken reference: the 'tracking' element cannot be added as child to 'header', because the latter doesn't exist [] []
[2025-02-05T19:42:04.946619+00:00] main.INFO: Broken reference: the 'notification_area' element cannot be added as child to 'notifications', because the latter doesn't exist [] []
[2025-02-05T19:42:04.946730+00:00] main.INFO: Broken reference: the 'unread_system_messages' element cannot be added as child to 'notifications', because the latter doesn't exist [] []
[2025-02-05T19:42:04.946837+00:00] main.INFO: Broken reference: the 'notification_window' element cannot be added as child to 'notifications', because the latter doesn't exist [] []
[2025-02-05T19:42:04.946935+00:00] main.INFO: Broken reference: the 'notification.messages' element cannot be added as child to 'header', because the latter doesn't exist [] []
[2025-02-05T19:42:04.947041+00:00] main.INFO: Broken reference: the 'global_notices' element cannot be added as child to 'global.notices', because the latter doesn't exist [] []
[2025-02-05T19:42:04.947138+00:00] main.INFO: Broken reference: the 'logo' element cannot be added as child to 'header', because the latter doesn't exist [] []
[2025-02-05T19:42:04.947236+00:00] main.INFO: Broken reference: the 'global.search' element cannot be added as child to 'header', because the latter doesn't exist [] []
[2025-02-05T19:42:04.947332+00:00] main.INFO: Broken reference: the 'user' element cannot be added as child to 'header', because the latter doesn't exist [] []
[2025-02-05T19:42:04.947429+00:00] main.INFO: Broken reference: the 'menu' element cannot be added as child to 'page.menu', because the latter doesn't exist [] []
[2025-02-05T19:42:04.947525+00:00] main.INFO: Broken reference: the 'breadcrumbs' element cannot be added as child to 'page.breadcrumbs', because the latter doesn't exist [] []
[2025-02-05T19:42:04.947621+00:00] main.INFO: Broken reference: the 'formkey' element cannot be added as child to 'page.formkey', because the latter doesn't exist [] []
[2025-02-05T19:42:04.947716+00:00] main.INFO: Broken reference: the 'page.title' element cannot be added as child to 'main.top', because the latter doesn't exist [] []
[2025-02-05T19:42:04.947814+00:00] main.INFO: Broken reference: the 'messages' element cannot be added as child to 'page.messages', because the latter doesn't exist [] []
[2025-02-05T19:42:04.947910+00:00] main.INFO: Broken reference: the 'page.actions.toolbar' element cannot be added as child to 'page.main.actions', because the latter doesn't exist [] []
[2025-02-05T19:42:04.948007+00:00] main.INFO: Broken reference: the 'legal' element cannot be added as child to 'footer', because the latter doesn't exist [] []
[2025-02-05T19:42:04.948229+00:00] main.INFO: Broken reference: the 'header.inner.left' element cannot be added as child to 'header', because the latter doesn't exist [] []
[2025-02-05T19:42:04.948338+00:00] main.INFO: Broken reference: the 'header.inner.right' element cannot be added as child to 'header', because the latter doesn't exist [] []
[2025-02-05T19:42:04.948506+00:00] main.INFO: Broken reference: the 'user' tries to reorder itself towards '', but their parents are different: 'header' and '' respectively. [] []
[2025-02-05T19:42:04.948604+00:00] main.INFO: Broken reference: the 'notification.messages' tries to reorder itself towards 'user', but their parents are different: 'header' and '' respectively. [] []
[2025-02-05T19:42:04.948704+00:00] main.INFO: Broken reference: the 'logo' tries to reorder itself towards '', but their parents are different: 'header' and '' respectively. [] []
[2025-02-05T19:42:04.948805+00:00] main.INFO: Broken reference: the 'global.search' tries to reorder itself towards 'logo', but their parents are different: 'header' and '' respectively. [] []
[2025-02-05T19:42:04.948904+00:00] main.INFO: Broken reference: the 'page.actions.toolbar' tries to reorder itself towards '', but their parents are different: 'page.main.actions' and '' respectively. [] []
[2025-02-05T19:42:04.949029+00:00] main.INFO: Broken reference: the 'header.inner.left' tries to reorder itself towards '', but their parents are different: 'header' and '' respectively. [] []
[2025-02-05T19:42:04.949126+00:00] main.INFO: Broken reference: the 'header.inner.right' tries to reorder itself towards 'header.inner.left', but their parents are different: 'header' and '' respectively. [] []
[2025-02-05T19:42:04.949265+00:00] main.INFO: Broken reference: the 'notification.messages' tries to reorder itself towards 'user', but their parents are different: 'header.inner.right' and '' respectively. [] []
[2025-02-05T19:42:08.099054+00:00] main.INFO: Item Magento_Backend::system_currency was removed [] []
[2025-02-05T19:42:08.105080+00:00] main.INFO: Add of item with id Magento_Config::system_config was processed [] []
[2025-02-05T19:42:08.105236+00:00] main.INFO: Add of item with id Magento_AdminNotification::system_adminnotification was processed [] []
[2025-02-05T19:42:08.105355+00:00] main.INFO: Add of item with id Magento_Theme::design_config was processed [] []
[2025-02-05T19:42:08.105479+00:00] main.INFO: Add of item with id Magento_Theme::system_design_theme was processed [] []
[2025-02-05T19:42:08.105577+00:00] main.INFO: Add of item with id Magento_Backend::system_design_schedule was processed [] []
[2025-02-05T19:42:08.105680+00:00] main.INFO: Add of item with id Magento_Backend::system_store was processed [] []
[2025-02-05T19:42:08.105786+00:00] main.INFO: Add of item with id Magento_Backend::dashboard was processed [] []
[2025-02-05T19:42:08.105889+00:00] main.INFO: Add of item with id Magento_Backend::system was processed [] []
[2025-02-05T19:42:08.106002+00:00] main.INFO: Add of item with id Magento_Backend::system_tools was processed [] []
[2025-02-05T19:42:08.106119+00:00] main.INFO: Add of item with id Magento_Backend::system_design was processed [] []
[2025-02-05T19:42:08.106227+00:00] main.INFO: Add of item with id Magento_Backend::system_convert was processed [] []
[2025-02-05T19:42:08.106333+00:00] main.INFO: Add of item with id Magento_Backend::system_cache was processed [] []
[2025-02-05T19:42:08.106428+00:00] main.INFO: Add of item with id Magento_Backend::marketing was processed [] []
[2025-02-05T19:42:08.106533+00:00] main.INFO: Add of item with id Magento_Backend::marketing_communications was processed [] []
[2025-02-05T19:42:08.106628+00:00] main.INFO: Add of item with id Magento_Backend::marketing_seo was processed [] []
[2025-02-05T19:42:08.106730+00:00] main.INFO: Add of item with id Magento_Backend::marketing_user_content was processed [] []
[2025-02-05T19:42:08.106829+00:00] main.INFO: Add of item with id Magento_Backend::content was processed [] []
[2025-02-05T19:42:08.106924+00:00] main.INFO: Add of item with id Magento_Backend::content_elements was processed [] []
[2025-02-05T19:42:08.107018+00:00] main.INFO: Add of item with id Magento_Backend::stores was processed [] []
[2025-02-05T19:42:08.107125+00:00] main.INFO: Add of item with id Magento_Backend::stores_settings was processed [] []
[2025-02-05T19:42:08.107222+00:00] main.INFO: Add of item with id Magento_Backend::stores_attributes was processed [] []
[2025-02-05T19:42:08.107317+00:00] main.INFO: Add of item with id Magento_Backend::other_settings was processed [] []
[2025-02-05T19:42:08.107413+00:00] main.INFO: Add of item with id Magento_Backend::system_other_settings was processed [] []
[2025-02-05T19:42:08.107507+00:00] main.INFO: Add of item with id Magento_User::system_acl was processed [] []
[2025-02-05T19:42:08.107633+00:00] main.INFO: Add of item with id Magento_User::system_acl_users was processed [] []
[2025-02-05T19:42:08.107728+00:00] main.INFO: Add of item with id Magento_User::system_acl_roles was processed [] []
[2025-02-05T19:42:08.107833+00:00] main.INFO: Add of item with id Magento_User::system_acl_locks was processed [] []
[2025-02-05T19:42:08.107933+00:00] main.INFO: Add of item with id Magento_Customer::customer was processed [] []
[2025-02-05T19:42:08.108039+00:00] main.INFO: Add of item with id Magento_Customer::customer_manage was processed [] []
[2025-02-05T19:42:08.108134+00:00] main.INFO: Add of item with id Magento_Customer::customer_online was processed [] []
[2025-02-05T19:42:08.108229+00:00] main.INFO: Add of item with id Magento_Customer::customer_group was processed [] []
[2025-02-05T19:42:08.108323+00:00] main.INFO: Add of item with id Magento_Backup::system_tools_backup was processed [] []
[2025-02-05T19:42:08.108417+00:00] main.INFO: Add of item with id Magento_Indexer::system_index was processed [] []
[2025-02-05T19:42:08.108511+00:00] main.INFO: Add of item with id Magento_Variable::system_variable was processed [] []
[2025-02-05T19:42:08.108615+00:00] main.INFO: Add of item with id Magento_Cms::cms_page was processed [] []
[2025-02-05T19:42:08.108711+00:00] main.INFO: Add of item with id Magento_Cms::cms_block was processed [] []
[2025-02-05T19:42:08.108810+00:00] main.INFO: Add of item with id Magento_Catalog::catalog was processed [] []
[2025-02-05T19:42:08.108917+00:00] main.INFO: Add of item with id Magento_Catalog::catalog_products was processed [] []
[2025-02-05T19:42:08.109018+00:00] main.INFO: Add of item with id Magento_Catalog::catalog_categories was processed [] []
[2025-02-05T19:42:08.109121+00:00] main.INFO: Add of item with id Magento_Catalog::catalog_attributes_attributes was processed [] []
[2025-02-05T19:42:08.109216+00:00] main.INFO: Add of item with id Magento_Catalog::catalog_attributes_sets was processed [] []
[2025-02-05T19:42:08.109320+00:00] main.INFO: Add of item with id Magento_Catalog::inventory was processed [] []
[2025-02-05T19:42:08.109424+00:00] main.INFO: Add of item with id Magento_Search::search_terms was processed [] []
[2025-02-05T19:42:08.109525+00:00] main.INFO: Add of item with id Magento_Search::search_synonyms was processed [] []
[2025-02-05T19:42:08.109625+00:00] main.INFO: Add of item with id Magento_CatalogRule::promo was processed [] []
[2025-02-05T19:42:08.109737+00:00] main.INFO: Add of item with id Magento_CatalogRule::promo_catalog was processed [] []
[2025-02-05T19:42:08.109843+00:00] main.INFO: Add of item with id Magento_Sales::sales was processed [] []
[2025-02-05T19:42:08.109955+00:00] main.INFO: Add of item with id Magento_Sales::sales_operation was processed [] []
[2025-02-05T19:42:08.110066+00:00] main.INFO: Add of item with id Magento_Sales::sales_order was processed [] []
[2025-02-05T19:42:08.110168+00:00] main.INFO: Add of item with id Magento_Sales::sales_invoice was processed [] []
[2025-02-05T19:42:08.110271+00:00] main.INFO: Add of item with id Magento_Sales::sales_shipment was processed [] []
[2025-02-05T19:42:08.110379+00:00] main.INFO: Add of item with id Magento_Sales::sales_creditmemo was processed [] []
[2025-02-05T19:42:08.110488+00:00] main.INFO: Add of item with id Magento_Sales::sales_transactions was processed [] []
[2025-02-05T19:42:08.110595+00:00] main.INFO: Add of item with id Magento_Sales::system_order_statuses was processed [] []
[2025-02-05T19:42:08.110703+00:00] main.INFO: Add of item with id Magento_MediaGalleryUi::media was processed [] []
[2025-02-05T19:42:08.110822+00:00] main.INFO: Add of item with id Magento_MediaGalleryUi::media_gallery was processed [] []
[2025-02-05T19:42:08.110935+00:00] main.INFO: Add of item with id Magento_Downloadable::report_products_downloads was processed [] []
[2025-02-05T19:42:08.111037+00:00] main.INFO: Add of item with id Magento_Integration::system_extensions was processed [] []
[2025-02-05T19:42:08.111147+00:00] main.INFO: Add of item with id Magento_Integration::system_integrations was processed [] []
[2025-02-05T19:42:08.111249+00:00] main.INFO: Add of item with id Magento_UrlRewrite::urlrewrite was processed [] []
[2025-02-05T19:42:08.111349+00:00] main.INFO: Add of item with id Magento_Tax::sales_tax was processed [] []
[2025-02-05T19:42:08.111460+00:00] main.INFO: Add of item with id Magento_Tax::sales_tax_rules was processed [] []
[2025-02-05T19:42:08.111565+00:00] main.INFO: Add of item with id Magento_Tax::sales_tax_rates was processed [] []
[2025-02-05T19:42:08.111673+00:00] main.INFO: Add of item with id Magento_Widget::cms_widget_instance was processed [] []
[2025-02-05T19:42:08.111798+00:00] main.INFO: Add of item with id Magento_Analytics::business_intelligence was processed [] []
[2025-02-05T19:42:08.111915+00:00] main.INFO: Add of item with id Magento_Analytics::advanced_reporting was processed [] []
[2025-02-05T19:42:08.112016+00:00] main.INFO: Add of item with id Magento_Analytics::bi_essentials was processed [] []
[2025-02-05T19:42:08.112127+00:00] main.INFO: Add of item with id Magento_ImportExport::system_convert_import was processed [] []
[2025-02-05T19:42:08.112229+00:00] main.INFO: Add of item with id Magento_ImportExport::system_convert_export was processed [] []
[2025-02-05T19:42:08.112329+00:00] main.INFO: Add of item with id Magento_ImportExport::system_convert_history was processed [] []
[2025-02-05T19:42:08.112440+00:00] main.INFO: Add of item with id Magento_Email::template was processed [] []
[2025-02-05T19:42:08.112542+00:00] main.INFO: Add of item with id Magento_EncryptionKey::system_crypt_key was processed [] []
[2025-02-05T19:42:08.112642+00:00] main.INFO: Add of item with id Magento_InventoryAdminUi::inventory was processed [] []
[2025-02-05T19:42:08.112752+00:00] main.INFO: Add of item with id Magento_InventoryAdminUi::source was processed [] []
[2025-02-05T19:42:08.112858+00:00] main.INFO: Add of item with id Magento_InventoryAdminUi::stock was processed [] []
[2025-02-05T19:42:08.112959+00:00] main.INFO: Add of item with id Magento_Reports::report was processed [] []
[2025-02-05T19:42:08.113060+00:00] main.INFO: Add of item with id Magento_Reports::report_marketing was processed [] []
[2025-02-05T19:42:08.113161+00:00] main.INFO: Add of item with id Magento_Reports::report_salesroot was processed [] []
[2025-02-05T19:42:08.113272+00:00] main.INFO: Add of item with id Magento_Reports::report_salesroot_sales was processed [] []
[2025-02-05T19:42:08.113372+00:00] main.INFO: Add of item with id Magento_Reports::report_salesroot_tax was processed [] []
[2025-02-05T19:42:08.113473+00:00] main.INFO: Add of item with id Magento_Reports::report_salesroot_invoiced was processed [] []
[2025-02-05T19:42:08.113573+00:00] main.INFO: Add of item with id Magento_Reports::report_salesroot_shipping was processed [] []
[2025-02-05T19:42:08.113673+00:00] main.INFO: Add of item with id Magento_Reports::report_salesroot_refunded was processed [] []
[2025-02-05T19:42:08.113773+00:00] main.INFO: Add of item with id Magento_Reports::report_salesroot_coupons was processed [] []
[2025-02-05T19:42:08.113892+00:00] main.INFO: Add of item with id Magento_Reports::report_shopcart_product was processed [] []
[2025-02-05T19:42:08.113993+00:00] main.INFO: Add of item with id Magento_Reports::report_shopcart_abandoned was processed [] []
[2025-02-05T19:42:08.114094+00:00] main.INFO: Add of item with id Magento_Reports::report_products was processed [] []
[2025-02-05T19:42:08.114195+00:00] main.INFO: Add of item with id Magento_Reports::report_products_bestsellers was processed [] []
[2025-02-05T19:42:08.114295+00:00] main.INFO: Add of item with id Magento_Reports::report_products_sold was processed [] []
[2025-02-05T19:42:08.114389+00:00] main.INFO: Add of item with id Magento_Reports::report_products_viewed was processed [] []
[2025-02-05T19:42:08.114482+00:00] main.INFO: Add of item with id Magento_Reports::report_products_lowstock was processed [] []
[2025-02-05T19:42:08.114576+00:00] main.INFO: Add of item with id Magento_Reports::report_customers was processed [] []
[2025-02-05T19:42:08.114680+00:00] main.INFO: Add of item with id Magento_Reports::report_customers_accounts was processed [] []
[2025-02-05T19:42:08.114775+00:00] main.INFO: Add of item with id Magento_Reports::report_customers_totals was processed [] []
[2025-02-05T19:42:08.114873+00:00] main.INFO: Add of item with id Magento_Reports::report_customers_orders was processed [] []
[2025-02-05T19:42:08.114967+00:00] main.INFO: Add of item with id Magento_Reports::report_statistics was processed [] []
[2025-02-05T19:42:08.115071+00:00] main.INFO: Add of item with id Magento_Reports::report_statistics_refresh was processed [] []
[2025-02-05T19:42:08.115167+00:00] main.INFO: Add of item with id Magento_Search::report_search_term was processed [] []
[2025-02-05T19:42:08.115261+00:00] main.INFO: Add of item with id Magento_LoginAsCustomerLog::login_log was processed [] []
[2025-02-05T19:42:08.115355+00:00] main.INFO: Add of item with id Magento_Marketplace::partners was processed [] []
[2025-02-05T19:42:08.115449+00:00] main.INFO: Add of item with id Magento_Newsletter::newsletter_template was processed [] []
[2025-02-05T19:42:08.115543+00:00] main.INFO: Add of item with id Magento_Newsletter::newsletter_queue was processed [] []
[2025-02-05T19:42:08.115643+00:00] main.INFO: Add of item with id Magento_Newsletter::newsletter_subscriber was processed [] []
[2025-02-05T19:42:08.115743+00:00] main.INFO: Add of item with id Magento_Newsletter::newsletter_problem was processed [] []
[2025-02-05T19:42:08.115911+00:00] main.INFO: Add of item with id Magento_SalesRule::promo_quote was processed [] []
[2025-02-05T19:42:08.116013+00:00] main.INFO: Add of item with id Magento_Sitemap::catalog_sitemap was processed [] []
[2025-02-05T19:42:08.116113+00:00] main.INFO: Add of item with id Magento_PageBuilder::templates was processed [] []
[2025-02-05T19:42:08.116214+00:00] main.INFO: Add of item with id Magento_Paypal::report_salesroot_paypal_settlement_reports was processed [] []
[2025-02-05T19:42:08.116314+00:00] main.INFO: Add of item with id Magento_Paypal::paypal_billing_agreement was processed [] []
[2025-02-05T19:42:08.116415+00:00] main.INFO: Add of item with id Magento_Review::catalog_reviews_ratings_ratings was processed [] []
[2025-02-05T19:42:08.116527+00:00] main.INFO: Add of item with id Magento_Review::catalog_reviews_ratings_pending was processed [] []
[2025-02-05T19:42:08.116628+00:00] main.INFO: Add of item with id Magento_Review::catalog_reviews_ratings_reviews_all was processed [] []
[2025-02-05T19:42:08.116736+00:00] main.INFO: Add of item with id Magento_Review::report_review was processed [] []
[2025-02-05T19:42:08.116879+00:00] main.INFO: Add of item with id Magento_Review::report_review_customer was processed [] []
[2025-02-05T19:42:08.116988+00:00] main.INFO: Add of item with id Magento_Review::report_review_product was processed [] []
[2025-02-05T19:42:08.117091+00:00] main.INFO: Add of item with id Magento_CheckoutAgreements::sales_checkoutagreement was processed [] []
[2025-02-05T19:42:08.117189+00:00] main.INFO: Add of item with id Magento_TaxImportExport::system_convert_tax was processed [] []
[2025-02-05T19:42:08.117283+00:00] main.INFO: Add of item with id Magento_AsynchronousOperations::system_magento_logging was processed [] []
[2025-02-05T19:42:08.117388+00:00] main.INFO: Add of item with id Magento_AsynchronousOperations::system_magento_logging_bulk_operations was processed [] []
[2025-02-05T19:42:08.117484+00:00] main.INFO: Add of item with id Magento_CurrencySymbol::system_currency was processed [] []
[2025-02-05T19:42:08.117589+00:00] main.INFO: Add of item with id Magento_CurrencySymbol::system_currency_rates was processed [] []
[2025-02-05T19:42:08.117684+00:00] main.INFO: Add of item with id Magento_CurrencySymbol::system_currency_symbols was processed [] []
[2025-02-05T19:42:08.117782+00:00] main.INFO: Add of item with id PayPal_Braintree::settlement_report was processed [] []
[2025-02-05T19:42:08.117884+00:00] main.INFO: Add of item with id PayPal_Braintree::virtual_terminal was processed [] []
[2025-02-05T19:42:09.335992+00:00] main.INFO: Broken reference: the 'notification.messages' tries to reorder itself towards 'user', but their parents are different: 'header.inner.right' and 'header' respectively. [] []
[2025-02-05T19:42:56.956060+00:00] main.INFO: Broken reference: the 'notification.messages' tries to reorder itself towards 'user', but their parents are different: 'header.inner.right' and 'header' respectively. [] []
[2025-02-05T19:43:04.202727+00:00] main.INFO: Broken reference: the 'notification.messages' tries to reorder itself towards 'user', but their parents are different: 'header.inner.right' and 'header' respectively. [] []
[2025-02-05T19:48:01.110600+00:00] main.INFO: Broken reference: the 'notification.messages' tries to reorder itself towards 'user', but their parents are different: 'header.inner.right' and 'header' respectively. [] []
[2025-02-05T19:48:19.708981+00:00] main.INFO: Broken reference: the 'notification.messages' tries to reorder itself towards 'user', but their parents are different: 'header.inner.right' and 'header' respectively. [] []
[2025-02-05T19:48:30.634114+00:00] main.INFO: Broken reference: the 'notification.messages' tries to reorder itself towards 'user', but their parents are different: 'header.inner.right' and 'header' respectively. [] []
[2025-02-05T19:48:40.936619+00:00] main.INFO: Broken reference: the 'notification.messages' tries to reorder itself towards 'user', but their parents are different: 'header.inner.right' and 'header' respectively. [] []
[2025-02-05T19:56:33.262983+00:00] main.WARNING: Memory size allocated for the temporary table is more than 20% of innodb_buffer_pool_size. Please update innodb_buffer_pool_size or decrease batch size value (which decreases memory usages for the temporary table). Current batch size: 100000; Allocated memory size: 50000000 bytes; InnoDB buffer pool size: 134217728 bytes. [] []
[2025-02-05T19:56:33.285475+00:00] main.WARNING: Memory size allocated for the temporary table is more than 20% of innodb_buffer_pool_size. Please update innodb_buffer_pool_size or decrease batch size value (which decreases memory usages for the temporary table). Current batch size: 100000; Allocated memory size: 50000000 bytes; InnoDB buffer pool size: 134217728 bytes. [] []
[2025-02-05T19:56:33.403265+00:00] main.WARNING: Memory size allocated for the temporary table is more than 20% of innodb_buffer_pool_size. Please update innodb_buffer_pool_size or decrease batch size value (which decreases memory usages for the temporary table). Current batch size: 100000; Allocated memory size: 50000000 bytes; InnoDB buffer pool size: 134217728 bytes. [] []
[2025-02-05T19:56:33.611671+00:00] main.WARNING: Memory size allocated for the temporary table is more than 20% of innodb_buffer_pool_size. Please update innodb_buffer_pool_size or decrease batch size value (which decreases memory usages for the temporary table). Current batch size: 100000; Allocated memory size: 50000000 bytes; InnoDB buffer pool size: 134217728 bytes. [] []
[2025-02-05T19:56:33.643610+00:00] main.WARNING: Memory size allocated for the temporary table is more than 20% of innodb_buffer_pool_size. Please update innodb_buffer_pool_size or decrease batch size value (which decreases memory usages for the temporary table). Current batch size: 100000; Allocated memory size: 50000000 bytes; InnoDB buffer pool size: 134217728 bytes. [] []
[2025-02-05T19:56:33.763078+00:00] main.WARNING: Memory size allocated for the temporary table is more than 20% of innodb_buffer_pool_size. Please update innodb_buffer_pool_size or decrease batch size value (which decreases memory usages for the temporary table). Current batch size: 100000; Allocated memory size: 50000000 bytes; InnoDB buffer pool size: 134217728 bytes. [] []
[2025-02-05T19:56:35.779703+00:00] main.WARNING: Memory size allocated for the temporary table is more than 20% of innodb_buffer_pool_size. Please update innodb_buffer_pool_size or decrease batch size value (which decreases memory usages for the temporary table). Current batch size: 3334; Allocated memory size: 40008000 bytes; InnoDB buffer pool size: 134217728 bytes. [] []
[2025-02-05T19:57:28.288791+00:00] main.INFO: Broken reference: the 'header.panel.wrapper' element cannot be added as child to 'header.container', because the latter doesn't exist [] []
[2025-02-05T19:57:28.289790+00:00] main.INFO: Broken reference: the 'header-wrapper' element cannot be added as child to 'header.container', because the latter doesn't exist [] []
[2025-02-05T19:57:28.289933+00:00] main.INFO: Broken reference: the 'navigation.sections' element cannot be added as child to 'page.top', because the latter doesn't exist [] []
[2025-02-05T19:57:28.290100+00:00] main.INFO: Broken reference: the 'top.container' element cannot be added as child to 'page.top', because the latter doesn't exist [] []
[2025-02-05T19:57:28.290210+00:00] main.INFO: Broken reference: the 'breadcrumbs' element cannot be added as child to 'page.top', because the latter doesn't exist [] []
[2025-02-05T19:57:28.290410+00:00] main.INFO: Broken reference: the 'footer' element cannot be added as child to 'footer-container', because the latter doesn't exist [] []
[2025-02-05T19:57:28.290675+00:00] main.INFO: Broken reference: the 'catalog.compare.sidebar' element cannot be added as child to 'sidebar.additional', because the latter doesn't exist [] []
[2025-02-05T19:57:28.290837+00:00] main.INFO: Broken reference: the 'sale.reorder.sidebar' element cannot be added as child to 'sidebar.additional', because the latter doesn't exist [] []
[2025-02-05T19:57:28.291190+00:00] main.INFO: Broken reference: the 'wishlist_sidebar' element cannot be added as child to 'sidebar.additional', because the latter doesn't exist [] []
[2025-02-05T19:57:28.291409+00:00] main.INFO: Broken reference: the 'header.panel.wrapper' tries to reorder itself towards '', but their parents are different: 'header.container' and '' respectively. [] []
[2025-02-05T19:57:28.291548+00:00] main.INFO: Broken reference: the 'navigation.sections' tries to reorder itself towards '', but their parents are different: 'page.top' and '' respectively. [] []
[2025-02-05T19:57:54.374031+00:00] main.ERROR: Unable to resolve the source file for 'frontend/Magento/luma/en_US/moment.min.js.map' [] []
[2025-02-05T19:57:54.375364+00:00] main.CRITICAL: Unable to resolve the source file for 'frontend/Magento/luma/en_US/moment.min.js.map' [] []
[2025-02-05T20:00:10.052687+00:00] main.INFO: Broken reference: the 'catalog.compare.sidebar' element cannot be added as child to 'sidebar.additional', because the latter doesn't exist [] []
[2025-02-05T20:00:10.053517+00:00] main.INFO: Broken reference: the 'sale.reorder.sidebar' element cannot be added as child to 'sidebar.additional', because the latter doesn't exist [] []
[2025-02-05T20:00:10.053861+00:00] main.INFO: Broken reference: the 'wishlist_sidebar' element cannot be added as child to 'sidebar.additional', because the latter doesn't exist [] []
[2025-02-05T20:00:10.054486+00:00] main.INFO: Broken reference: the 'checkout.cart.item.renderers.gift-card.actions.gift_options' element cannot be added as child to 'checkout.cart.item.renderers.gift-card.actions', because the latter doesn't exist [] []
[2025-02-05T20:00:10.055201+00:00] main.INFO: Broken reference: the 'checkout.cart.item.renderers.gift-card.actions.gift_options' tries to reorder itself towards '', but their parents are different: 'checkout.cart.item.renderers.gift-card.actions' and '' respectively. [] []
[2025-02-05T20:00:11.171539+00:00] main.ERROR: Unable to resolve the source file for 'frontend/Magento/luma/en_US/moment.min.js.map' [] []
[2025-02-05T20:00:11.172352+00:00] main.CRITICAL: Unable to resolve the source file for 'frontend/Magento/luma/en_US/moment.min.js.map' [] []
[2025-02-05T20:04:36.223946+00:00] main.WARNING: Memory size allocated for the temporary table is more than 20% of innodb_buffer_pool_size. Please update innodb_buffer_pool_size or decrease batch size value (which decreases memory usages for the temporary table). Current batch size: 100000; Allocated memory size: 50000000 bytes; InnoDB buffer pool size: 134217728 bytes. [] []
[2025-02-05T20:04:36.255280+00:00] main.WARNING: Memory size allocated for the temporary table is more than 20% of innodb_buffer_pool_size. Please update innodb_buffer_pool_size or decrease batch size value (which decreases memory usages for the temporary table). Current batch size: 100000; Allocated memory size: 50000000 bytes; InnoDB buffer pool size: 134217728 bytes. [] []
[2025-02-05T20:04:36.390209+00:00] main.WARNING: Memory size allocated for the temporary table is more than 20% of innodb_buffer_pool_size. Please update innodb_buffer_pool_size or decrease batch size value (which decreases memory usages for the temporary table). Current batch size: 100000; Allocated memory size: 50000000 bytes; InnoDB buffer pool size: 134217728 bytes. [] []
[2025-02-05T20:04:36.598628+00:00] main.WARNING: Memory size allocated for the temporary table is more than 20% of innodb_buffer_pool_size. Please update innodb_buffer_pool_size or decrease batch size value (which decreases memory usages for the temporary table). Current batch size: 100000; Allocated memory size: 50000000 bytes; InnoDB buffer pool size: 134217728 bytes. [] []
[2025-02-05T20:04:36.631269+00:00] main.WARNING: Memory size allocated for the temporary table is more than 20% of innodb_buffer_pool_size. Please update innodb_buffer_pool_size or decrease batch size value (which decreases memory usages for the temporary table). Current batch size: 100000; Allocated memory size: 50000000 bytes; InnoDB buffer pool size: 134217728 bytes. [] []
[2025-02-05T20:04:36.760535+00:00] main.WARNING: Memory size allocated for the temporary table is more than 20% of innodb_buffer_pool_size. Please update innodb_buffer_pool_size or decrease batch size value (which decreases memory usages for the temporary table). Current batch size: 100000; Allocated memory size: 50000000 bytes; InnoDB buffer pool size: 134217728 bytes. [] []
[2025-02-05T20:04:38.652640+00:00] main.WARNING: Memory size allocated for the temporary table is more than 20% of innodb_buffer_pool_size. Please update innodb_buffer_pool_size or decrease batch size value (which decreases memory usages for the temporary table). Current batch size: 3334; Allocated memory size: 40008000 bytes; InnoDB buffer pool size: 134217728 bytes. [] []
[2025-02-05T20:04:54.051730+00:00] main.ERROR: Unable to resolve the source file for 'adminhtml/Magento/backend/en_US/moment.min.js.map' [] []
[2025-02-05T20:04:54.052421+00:00] main.CRITICAL: Unable to resolve the source file for 'adminhtml/Magento/backend/en_US/moment.min.js.map' [] []
[2025-02-05T20:05:38.457992+00:00] main.INFO: Broken reference: the 'tracking' element cannot be added as child to 'header', because the latter doesn't exist [] []
[2025-02-05T20:05:38.458804+00:00] main.INFO: Broken reference: the 'notification_area' element cannot be added as child to 'notifications', because the latter doesn't exist [] []
[2025-02-05T20:05:38.458919+00:00] main.INFO: Broken reference: the 'unread_system_messages' element cannot be added as child to 'notifications', because the latter doesn't exist [] []
[2025-02-05T20:05:38.459021+00:00] main.INFO: Broken reference: the 'notification_window' element cannot be added as child to 'notifications', because the latter doesn't exist [] []
[2025-02-05T20:05:38.459120+00:00] main.INFO: Broken reference: the 'notification.messages' element cannot be added as child to 'header', because the latter doesn't exist [] []
[2025-02-05T20:05:38.459232+00:00] main.INFO: Broken reference: the 'global_notices' element cannot be added as child to 'global.notices', because the latter doesn't exist [] []
[2025-02-05T20:05:38.459331+00:00] main.INFO: Broken reference: the 'logo' element cannot be added as child to 'header', because the latter doesn't exist [] []
[2025-02-05T20:05:38.459430+00:00] main.INFO: Broken reference: the 'global.search' element cannot be added as child to 'header', because the latter doesn't exist [] []
[2025-02-05T20:05:38.459527+00:00] main.INFO: Broken reference: the 'user' element cannot be added as child to 'header', because the latter doesn't exist [] []
[2025-02-05T20:05:38.459625+00:00] main.INFO: Broken reference: the 'menu' element cannot be added as child to 'page.menu', because the latter doesn't exist [] []
[2025-02-05T20:05:38.459723+00:00] main.INFO: Broken reference: the 'breadcrumbs' element cannot be added as child to 'page.breadcrumbs', because the latter doesn't exist [] []
[2025-02-05T20:05:38.459823+00:00] main.INFO: Broken reference: the 'formkey' element cannot be added as child to 'page.formkey', because the latter doesn't exist [] []
[2025-02-05T20:05:38.459919+00:00] main.INFO: Broken reference: the 'page.title' element cannot be added as child to 'main.top', because the latter doesn't exist [] []
[2025-02-05T20:05:38.460016+00:00] main.INFO: Broken reference: the 'messages' element cannot be added as child to 'page.messages', because the latter doesn't exist [] []
[2025-02-05T20:05:38.460112+00:00] main.INFO: Broken reference: the 'page.actions.toolbar' element cannot be added as child to 'page.main.actions', because the latter doesn't exist [] []
[2025-02-05T20:05:38.460209+00:00] main.INFO: Broken reference: the 'legal' element cannot be added as child to 'footer', because the latter doesn't exist [] []
[2025-02-05T20:05:38.460447+00:00] main.INFO: Broken reference: the 'header.inner.left' element cannot be added as child to 'header', because the latter doesn't exist [] []
[2025-02-05T20:05:38.460553+00:00] main.INFO: Broken reference: the 'header.inner.right' element cannot be added as child to 'header', because the latter doesn't exist [] []
[2025-02-05T20:05:38.460728+00:00] main.INFO: Broken reference: the 'user' tries to reorder itself towards '', but their parents are different: 'header' and '' respectively. [] []
[2025-02-05T20:05:38.460839+00:00] main.INFO: Broken reference: the 'notification.messages' tries to reorder itself towards 'user', but their parents are different: 'header' and '' respectively. [] []
[2025-02-05T20:05:38.460939+00:00] main.INFO: Broken reference: the 'logo' tries to reorder itself towards '', but their parents are different: 'header' and '' respectively. [] []
[2025-02-05T20:05:38.461042+00:00] main.INFO: Broken reference: the 'global.search' tries to reorder itself towards 'logo', but their parents are different: 'header' and '' respectively. [] []
[2025-02-05T20:05:38.461139+00:00] main.INFO: Broken reference: the 'page.actions.toolbar' tries to reorder itself towards '', but their parents are different: 'page.main.actions' and '' respectively. [] []
[2025-02-05T20:05:38.461269+00:00] main.INFO: Broken reference: the 'header.inner.left' tries to reorder itself towards '', but their parents are different: 'header' and '' respectively. [] []
[2025-02-05T20:05:38.461370+00:00] main.INFO: Broken reference: the 'header.inner.right' tries to reorder itself towards 'header.inner.left', but their parents are different: 'header' and '' respectively. [] []
[2025-02-05T20:05:38.461479+00:00] main.INFO: Broken reference: the 'notification.messages' tries to reorder itself towards 'user', but their parents are different: 'header.inner.right' and '' respectively. [] []
[2025-02-05T20:05:39.341335+00:00] main.ERROR: Unable to resolve the source file for 'adminhtml/Magento/backend/en_US/moment.min.js.map' [] []
[2025-02-05T20:05:39.342186+00:00] main.CRITICAL: Unable to resolve the source file for 'adminhtml/Magento/backend/en_US/moment.min.js.map' [] []
[2025-02-05T20:05:40.036696+00:00] main.INFO: Item Magento_Backend::system_currency was removed [] []
[2025-02-05T20:05:40.041689+00:00] main.INFO: Add of item with id Magento_Config::system_config was processed [] []
[2025-02-05T20:05:40.041871+00:00] main.INFO: Add of item with id Magento_AdminNotification::system_adminnotification was processed [] []
[2025-02-05T20:05:40.041977+00:00] main.INFO: Add of item with id Magento_Theme::design_config was processed [] []
[2025-02-05T20:05:40.042069+00:00] main.INFO: Add of item with id Magento_Theme::system_design_theme was processed [] []
[2025-02-05T20:05:40.042159+00:00] main.INFO: Add of item with id Magento_Backend::system_design_schedule was processed [] []
[2025-02-05T20:05:40.042249+00:00] main.INFO: Add of item with id Magento_Backend::system_store was processed [] []
[2025-02-05T20:05:40.042338+00:00] main.INFO: Add of item with id Magento_Backend::dashboard was processed [] []
[2025-02-05T20:05:40.042427+00:00] main.INFO: Add of item with id Magento_Backend::system was processed [] []
[2025-02-05T20:05:40.042526+00:00] main.INFO: Add of item with id Magento_Backend::system_tools was processed [] []
[2025-02-05T20:05:40.042624+00:00] main.INFO: Add of item with id Magento_Backend::system_design was processed [] []
[2025-02-05T20:05:40.042713+00:00] main.INFO: Add of item with id Magento_Backend::system_convert was processed [] []
[2025-02-05T20:05:40.042827+00:00] main.INFO: Add of item with id Magento_Backend::system_cache was processed [] []
[2025-02-05T20:05:40.042917+00:00] main.INFO: Add of item with id Magento_Backend::marketing was processed [] []
[2025-02-05T20:05:40.043014+00:00] main.INFO: Add of item with id Magento_Backend::marketing_communications was processed [] []
[2025-02-05T20:05:40.043103+00:00] main.INFO: Add of item with id Magento_Backend::marketing_seo was processed [] []
[2025-02-05T20:05:40.043191+00:00] main.INFO: Add of item with id Magento_Backend::marketing_user_content was processed [] []
[2025-02-05T20:05:40.043279+00:00] main.INFO: Add of item with id Magento_Backend::content was processed [] []
[2025-02-05T20:05:40.043366+00:00] main.INFO: Add of item with id Magento_Backend::content_elements was processed [] []
[2025-02-05T20:05:40.043462+00:00] main.INFO: Add of item with id Magento_Backend::stores was processed [] []
[2025-02-05T20:05:40.043559+00:00] main.INFO: Add of item with id Magento_Backend::stores_settings was processed [] []
[2025-02-05T20:05:40.043648+00:00] main.INFO: Add of item with id Magento_Backend::stores_attributes was processed [] []
[2025-02-05T20:05:40.043736+00:00] main.INFO: Add of item with id Magento_Backend::other_settings was processed [] []
[2025-02-05T20:05:40.043828+00:00] main.INFO: Add of item with id Magento_Backend::system_other_settings was processed [] []
[2025-02-05T20:05:40.043916+00:00] main.INFO: Add of item with id Magento_User::system_acl was processed [] []
[2025-02-05T20:05:40.044014+00:00] main.INFO: Add of item with id Magento_User::system_acl_users was processed [] []
[2025-02-05T20:05:40.044103+00:00] main.INFO: Add of item with id Magento_User::system_acl_roles was processed [] []
[2025-02-05T20:05:40.044191+00:00] main.INFO: Add of item with id Magento_User::system_acl_locks was processed [] []
[2025-02-05T20:05:40.044278+00:00] main.INFO: Add of item with id Magento_Customer::customer was processed [] []
[2025-02-05T20:05:40.044375+00:00] main.INFO: Add of item with id Magento_Customer::customer_manage was processed [] []
[2025-02-05T20:05:40.044464+00:00] main.INFO: Add of item with id Magento_Customer::customer_online was processed [] []
[2025-02-05T20:05:40.044552+00:00] main.INFO: Add of item with id Magento_Customer::customer_group was processed [] []
[2025-02-05T20:05:40.044640+00:00] main.INFO: Add of item with id Magento_Backup::system_tools_backup was processed [] []
[2025-02-05T20:05:40.044728+00:00] main.INFO: Add of item with id Magento_Indexer::system_index was processed [] []
[2025-02-05T20:05:40.044840+00:00] main.INFO: Add of item with id Magento_Variable::system_variable was processed [] []
[2025-02-05T20:05:40.044941+00:00] main.INFO: Add of item with id Magento_Cms::cms_page was processed [] []
[2025-02-05T20:05:40.045037+00:00] main.INFO: Add of item with id Magento_Cms::cms_block was processed [] []
[2025-02-05T20:05:40.045125+00:00] main.INFO: Add of item with id Magento_Catalog::catalog was processed [] []
[2025-02-05T20:05:40.045224+00:00] main.INFO: Add of item with id Magento_Catalog::catalog_products was processed [] []
[2025-02-05T20:05:40.045313+00:00] main.INFO: Add of item with id Magento_Catalog::catalog_categories was processed [] []
[2025-02-05T20:05:40.045411+00:00] main.INFO: Add of item with id Magento_Catalog::catalog_attributes_attributes was processed [] []
[2025-02-05T20:05:40.045501+00:00] main.INFO: Add of item with id Magento_Catalog::catalog_attributes_sets was processed [] []
[2025-02-05T20:05:40.045599+00:00] main.INFO: Add of item with id Magento_Catalog::inventory was processed [] []
[2025-02-05T20:05:40.045697+00:00] main.INFO: Add of item with id Magento_Search::search_terms was processed [] []
[2025-02-05T20:05:40.045791+00:00] main.INFO: Add of item with id Magento_Search::search_synonyms was processed [] []
[2025-02-05T20:05:40.045886+00:00] main.INFO: Add of item with id Magento_CatalogRule::promo was processed [] []
[2025-02-05T20:05:40.045992+00:00] main.INFO: Add of item with id Magento_CatalogRule::promo_catalog was processed [] []
[2025-02-05T20:05:40.046083+00:00] main.INFO: Add of item with id Magento_Sales::sales was processed [] []
[2025-02-05T20:05:40.046182+00:00] main.INFO: Add of item with id Magento_Sales::sales_operation was processed [] []
[2025-02-05T20:05:40.046280+00:00] main.INFO: Add of item with id Magento_Sales::sales_order was processed [] []
[2025-02-05T20:05:40.046369+00:00] main.INFO: Add of item with id Magento_Sales::sales_invoice was processed [] []
[2025-02-05T20:05:40.046457+00:00] main.INFO: Add of item with id Magento_Sales::sales_shipment was processed [] []
[2025-02-05T20:05:40.046545+00:00] main.INFO: Add of item with id Magento_Sales::sales_creditmemo was processed [] []
[2025-02-05T20:05:40.046633+00:00] main.INFO: Add of item with id Magento_Sales::sales_transactions was processed [] []
[2025-02-05T20:05:40.046722+00:00] main.INFO: Add of item with id Magento_Sales::system_order_statuses was processed [] []
[2025-02-05T20:05:40.046818+00:00] main.INFO: Add of item with id Magento_MediaGalleryUi::media was processed [] []
[2025-02-05T20:05:40.046924+00:00] main.INFO: Add of item with id Magento_MediaGalleryUi::media_gallery was processed [] []
[2025-02-05T20:05:40.047028+00:00] main.INFO: Add of item with id Magento_Downloadable::report_products_downloads was processed [] []
[2025-02-05T20:05:40.047121+00:00] main.INFO: Add of item with id Magento_Integration::system_extensions was processed [] []
[2025-02-05T20:05:40.047218+00:00] main.INFO: Add of item with id Magento_Integration::system_integrations was processed [] []
[2025-02-05T20:05:40.047308+00:00] main.INFO: Add of item with id Magento_UrlRewrite::urlrewrite was processed [] []
[2025-02-05T20:05:40.047396+00:00] main.INFO: Add of item with id Magento_Tax::sales_tax was processed [] []
[2025-02-05T20:05:40.047495+00:00] main.INFO: Add of item with id Magento_Tax::sales_tax_rules was processed [] []
[2025-02-05T20:05:40.047587+00:00] main.INFO: Add of item with id Magento_Tax::sales_tax_rates was processed [] []
[2025-02-05T20:05:40.047678+00:00] main.INFO: Add of item with id Magento_Widget::cms_widget_instance was processed [] []
[2025-02-05T20:05:40.047786+00:00] main.INFO: Add of item with id Magento_Analytics::business_intelligence was processed [] []
[2025-02-05T20:05:40.047890+00:00] main.INFO: Add of item with id Magento_Analytics::advanced_reporting was processed [] []
[2025-02-05T20:05:40.047980+00:00] main.INFO: Add of item with id Magento_Analytics::bi_essentials was processed [] []
[2025-02-05T20:05:40.048078+00:00] main.INFO: Add of item with id Magento_ImportExport::system_convert_import was processed [] []
[2025-02-05T20:05:40.048167+00:00] main.INFO: Add of item with id Magento_ImportExport::system_convert_export was processed [] []
[2025-02-05T20:05:40.048258+00:00] main.INFO: Add of item with id Magento_ImportExport::system_convert_history was processed [] []
[2025-02-05T20:05:40.048356+00:00] main.INFO: Add of item with id Magento_Email::template was processed [] []
[2025-02-05T20:05:40.048446+00:00] main.INFO: Add of item with id Magento_EncryptionKey::system_crypt_key was processed [] []
[2025-02-05T20:05:40.048534+00:00] main.INFO: Add of item with id Magento_InventoryAdminUi::inventory was processed [] []
[2025-02-05T20:05:40.048631+00:00] main.INFO: Add of item with id Magento_InventoryAdminUi::source was processed [] []
[2025-02-05T20:05:40.048720+00:00] main.INFO: Add of item with id Magento_InventoryAdminUi::stock was processed [] []
[2025-02-05T20:05:40.048813+00:00] main.INFO: Add of item with id Magento_Reports::report was processed [] []
[2025-02-05T20:05:40.048901+00:00] main.INFO: Add of item with id Magento_Reports::report_marketing was processed [] []
[2025-02-05T20:05:40.048989+00:00] main.INFO: Add of item with id Magento_Reports::report_salesroot was processed [] []
[2025-02-05T20:05:40.049085+00:00] main.INFO: Add of item with id Magento_Reports::report_salesroot_sales was processed [] []
[2025-02-05T20:05:40.049174+00:00] main.INFO: Add of item with id Magento_Reports::report_salesroot_tax was processed [] []
[2025-02-05T20:05:40.049261+00:00] main.INFO: Add of item with id Magento_Reports::report_salesroot_invoiced was processed [] []
[2025-02-05T20:05:40.049349+00:00] main.INFO: Add of item with id Magento_Reports::report_salesroot_shipping was processed [] []
[2025-02-05T20:05:40.049436+00:00] main.INFO: Add of item with id Magento_Reports::report_salesroot_refunded was processed [] []
[2025-02-05T20:05:40.049523+00:00] main.INFO: Add of item with id Magento_Reports::report_salesroot_coupons was processed [] []
[2025-02-05T20:05:40.049619+00:00] main.INFO: Add of item with id Magento_Reports::report_shopcart_product was processed [] []
[2025-02-05T20:05:40.049707+00:00] main.INFO: Add of item with id Magento_Reports::report_shopcart_abandoned was processed [] []
[2025-02-05T20:05:40.049799+00:00] main.INFO: Add of item with id Magento_Reports::report_products was processed [] []
[2025-02-05T20:05:40.049888+00:00] main.INFO: Add of item with id Magento_Reports::report_products_bestsellers was processed [] []
[2025-02-05T20:05:40.049975+00:00] main.INFO: Add of item with id Magento_Reports::report_products_sold was processed [] []
[2025-02-05T20:05:40.050063+00:00] main.INFO: Add of item with id Magento_Reports::report_products_viewed was processed [] []
[2025-02-05T20:05:40.050150+00:00] main.INFO: Add of item with id Magento_Reports::report_products_lowstock was processed [] []
[2025-02-05T20:05:40.050236+00:00] main.INFO: Add of item with id Magento_Reports::report_customers was processed [] []
[2025-02-05T20:05:40.050333+00:00] main.INFO: Add of item with id Magento_Reports::report_customers_accounts was processed [] []
[2025-02-05T20:05:40.050421+00:00] main.INFO: Add of item with id Magento_Reports::report_customers_totals was processed [] []
[2025-02-05T20:05:40.050508+00:00] main.INFO: Add of item with id Magento_Reports::report_customers_orders was processed [] []
[2025-02-05T20:05:40.050595+00:00] main.INFO: Add of item with id Magento_Reports::report_statistics was processed [] []
[2025-02-05T20:05:40.050692+00:00] main.INFO: Add of item with id Magento_Reports::report_statistics_refresh was processed [] []
[2025-02-05T20:05:40.050783+00:00] main.INFO: Add of item with id Magento_Search::report_search_term was processed [] []
[2025-02-05T20:05:40.050872+00:00] main.INFO: Add of item with id Magento_LoginAsCustomerLog::login_log was processed [] []
[2025-02-05T20:05:40.050973+00:00] main.INFO: Add of item with id Magento_Marketplace::partners was processed [] []
[2025-02-05T20:05:40.051061+00:00] main.INFO: Add of item with id Magento_Newsletter::newsletter_template was processed [] []
[2025-02-05T20:05:40.051148+00:00] main.INFO: Add of item with id Magento_Newsletter::newsletter_queue was processed [] []
[2025-02-05T20:05:40.051237+00:00] main.INFO: Add of item with id Magento_Newsletter::newsletter_subscriber was processed [] []
[2025-02-05T20:05:40.051324+00:00] main.INFO: Add of item with id Magento_Newsletter::newsletter_problem was processed [] []
[2025-02-05T20:05:40.051411+00:00] main.INFO: Add of item with id Magento_SalesRule::promo_quote was processed [] []
[2025-02-05T20:05:40.051498+00:00] main.INFO: Add of item with id Magento_Sitemap::catalog_sitemap was processed [] []
[2025-02-05T20:05:40.051586+00:00] main.INFO: Add of item with id Magento_PageBuilder::templates was processed [] []
[2025-02-05T20:05:40.051674+00:00] main.INFO: Add of item with id Magento_Paypal::report_salesroot_paypal_settlement_reports was processed [] []
[2025-02-05T20:05:40.051762+00:00] main.INFO: Add of item with id Magento_Paypal::paypal_billing_agreement was processed [] []
[2025-02-05T20:05:40.051852+00:00] main.INFO: Add of item with id Magento_Review::catalog_reviews_ratings_ratings was processed [] []
[2025-02-05T20:05:40.051949+00:00] main.INFO: Add of item with id Magento_Review::catalog_reviews_ratings_pending was processed [] []
[2025-02-05T20:05:40.052038+00:00] main.INFO: Add of item with id Magento_Review::catalog_reviews_ratings_reviews_all was processed [] []
[2025-02-05T20:05:40.052130+00:00] main.INFO: Add of item with id Magento_Review::report_review was processed [] []
[2025-02-05T20:05:40.052234+00:00] main.INFO: Add of item with id Magento_Review::report_review_customer was processed [] []
[2025-02-05T20:05:40.052327+00:00] main.INFO: Add of item with id Magento_Review::report_review_product was processed [] []
[2025-02-05T20:05:40.052414+00:00] main.INFO: Add of item with id Magento_CheckoutAgreements::sales_checkoutagreement was processed [] []
[2025-02-05T20:05:40.052502+00:00] main.INFO: Add of item with id Magento_TaxImportExport::system_convert_tax was processed [] []
[2025-02-05T20:05:40.052590+00:00] main.INFO: Add of item with id Magento_AsynchronousOperations::system_magento_logging was processed [] []
[2025-02-05T20:05:40.052691+00:00] main.INFO: Add of item with id Magento_AsynchronousOperations::system_magento_logging_bulk_operations was processed [] []
[2025-02-05T20:05:40.052792+00:00] main.INFO: Add of item with id Magento_CurrencySymbol::system_currency was processed [] []
[2025-02-05T20:05:40.052892+00:00] main.INFO: Add of item with id Magento_CurrencySymbol::system_currency_rates was processed [] []
[2025-02-05T20:05:40.052981+00:00] main.INFO: Add of item with id Magento_CurrencySymbol::system_currency_symbols was processed [] []
[2025-02-05T20:05:40.053070+00:00] main.INFO: Add of item with id PayPal_Braintree::settlement_report was processed [] []
[2025-02-05T20:05:40.053158+00:00] main.INFO: Add of item with id PayPal_Braintree::virtual_terminal was processed [] []
[2025-02-05T20:05:41.090297+00:00] main.INFO: Broken reference: the 'notification.messages' tries to reorder itself towards 'user', but their parents are different: 'header.inner.right' and 'header' respectively. [] []
[2025-02-05T20:05:48.519264+00:00] main.ERROR: Unable to resolve the source file for 'adminhtml/Magento/backend/en_US/moment.min.js.map' [] []
[2025-02-05T20:05:48.520024+00:00] main.CRITICAL: Unable to resolve the source file for 'adminhtml/Magento/backend/en_US/moment.min.js.map' [] []
[2025-02-05T20:05:53.777084+00:00] main.INFO: Broken reference: the 'notification.messages' tries to reorder itself towards 'user', but their parents are different: 'header.inner.right' and 'header' respectively. [] []
[2025-02-05T20:05:54.329469+00:00] main.ERROR: Unable to resolve the source file for 'adminhtml/Magento/backend/en_US/moment.min.js.map' [] []
[2025-02-05T20:05:54.330272+00:00] main.CRITICAL: Unable to resolve the source file for 'adminhtml/Magento/backend/en_US/moment.min.js.map' [] []
[2025-02-05T20:05:56.031749+00:00] main.INFO: Broken reference: the 'notification.messages' tries to reorder itself towards 'user', but their parents are different: 'header.inner.right' and 'header' respectively. [] []
[2025-02-05T20:05:56.477464+00:00] main.ERROR: Unable to resolve the source file for 'adminhtml/Magento/backend/en_US/moment.min.js.map' [] []
[2025-02-05T20:05:56.478527+00:00] main.CRITICAL: Unable to resolve the source file for 'adminhtml/Magento/backend/en_US/moment.min.js.map' [] []
[2025-02-05T20:06:00.132052+00:00] main.INFO: Broken reference: the 'notification.messages' tries to reorder itself towards 'user', but their parents are different: 'header.inner.right' and 'header' respectively. [] []
[2025-02-05T20:06:21.656866+00:00] main.INFO: Broken reference: the 'notification.messages' tries to reorder itself towards 'user', but their parents are different: 'header.inner.right' and 'header' respectively. [] []
[2025-02-05T20:06:23.281899+00:00] main.INFO: Broken reference: the 'notification.messages' tries to reorder itself towards 'user', but their parents are different: 'header.inner.right' and 'header' respectively. [] []
[2025-02-05T20:11:37.765449+00:00] main.INFO: Broken reference: the 'notification.messages' tries to reorder itself towards 'user', but their parents are different: 'header.inner.right' and 'header' respectively. [] []
[2025-02-05T20:11:37.965957+00:00] main.INFO: Item Magento_Backend::system_currency was removed [] []
[2025-02-05T20:11:37.970335+00:00] main.INFO: Add of item with id Magento_Config::system_config was processed [] []
[2025-02-05T20:11:37.970462+00:00] main.INFO: Add of item with id Magento_AdminNotification::system_adminnotification was processed [] []
[2025-02-05T20:11:37.970562+00:00] main.INFO: Add of item with id Magento_Theme::design_config was processed [] []
[2025-02-05T20:11:37.970649+00:00] main.INFO: Add of item with id Magento_Theme::system_design_theme was processed [] []
[2025-02-05T20:11:37.970732+00:00] main.INFO: Add of item with id Magento_Backend::system_design_schedule was processed [] []
[2025-02-05T20:11:37.970820+00:00] main.INFO: Add of item with id Magento_Backend::system_store was processed [] []
[2025-02-05T20:11:37.970903+00:00] main.INFO: Add of item with id Magento_Backend::dashboard was processed [] []
[2025-02-05T20:11:37.970995+00:00] main.INFO: Add of item with id Magento_Backend::system was processed [] []
[2025-02-05T20:11:37.971088+00:00] main.INFO: Add of item with id Magento_Backend::system_tools was processed [] []
[2025-02-05T20:11:37.971181+00:00] main.INFO: Add of item with id Magento_Backend::system_design was processed [] []
[2025-02-05T20:11:37.971264+00:00] main.INFO: Add of item with id Magento_Backend::system_convert was processed [] []
[2025-02-05T20:11:37.971356+00:00] main.INFO: Add of item with id Magento_Backend::system_cache was processed [] []
[2025-02-05T20:11:37.971439+00:00] main.INFO: Add of item with id Magento_Backend::marketing was processed [] []
[2025-02-05T20:11:37.971530+00:00] main.INFO: Add of item with id Magento_Backend::marketing_communications was processed [] []
[2025-02-05T20:11:37.971613+00:00] main.INFO: Add of item with id Magento_Backend::marketing_seo was processed [] []
[2025-02-05T20:11:37.971694+00:00] main.INFO: Add of item with id Magento_Backend::marketing_user_content was processed [] []
[2025-02-05T20:11:37.971776+00:00] main.INFO: Add of item with id Magento_Backend::content was processed [] []
[2025-02-05T20:11:37.971864+00:00] main.INFO: Add of item with id Magento_Backend::content_elements was processed [] []
[2025-02-05T20:11:37.971945+00:00] main.INFO: Add of item with id Magento_Backend::stores was processed [] []
[2025-02-05T20:11:37.972036+00:00] main.INFO: Add of item with id Magento_Backend::stores_settings was processed [] []
[2025-02-05T20:11:37.972119+00:00] main.INFO: Add of item with id Magento_Backend::stores_attributes was processed [] []
[2025-02-05T20:11:37.972200+00:00] main.INFO: Add of item with id Magento_Backend::other_settings was processed [] []
[2025-02-05T20:11:37.972282+00:00] main.INFO: Add of item with id Magento_Backend::system_other_settings was processed [] []
[2025-02-05T20:11:37.972363+00:00] main.INFO: Add of item with id Magento_User::system_acl was processed [] []
[2025-02-05T20:11:37.972456+00:00] main.INFO: Add of item with id Magento_User::system_acl_users was processed [] []
[2025-02-05T20:11:37.972539+00:00] main.INFO: Add of item with id Magento_User::system_acl_roles was processed [] []
[2025-02-05T20:11:37.972620+00:00] main.INFO: Add of item with id Magento_User::system_acl_locks was processed [] []
[2025-02-05T20:11:37.972700+00:00] main.INFO: Add of item with id Magento_Customer::customer was processed [] []
[2025-02-05T20:11:37.972792+00:00] main.INFO: Add of item with id Magento_Customer::customer_manage was processed [] []
[2025-02-05T20:11:37.972893+00:00] main.INFO: Add of item with id Magento_Customer::customer_online was processed [] []
[2025-02-05T20:11:37.972974+00:00] main.INFO: Add of item with id Magento_Customer::customer_group was processed [] []
[2025-02-05T20:11:37.973055+00:00] main.INFO: Add of item with id Magento_Backup::system_tools_backup was processed [] []
[2025-02-05T20:11:37.973136+00:00] main.INFO: Add of item with id Magento_Indexer::system_index was processed [] []
[2025-02-05T20:11:37.973218+00:00] main.INFO: Add of item with id Magento_Variable::system_variable was processed [] []
[2025-02-05T20:11:37.973308+00:00] main.INFO: Add of item with id Magento_Cms::cms_page was processed [] []
[2025-02-05T20:11:37.973391+00:00] main.INFO: Add of item with id Magento_Cms::cms_block was processed [] []
[2025-02-05T20:11:37.973473+00:00] main.INFO: Add of item with id Magento_Catalog::catalog was processed [] []
[2025-02-05T20:11:37.973563+00:00] main.INFO: Add of item with id Magento_Catalog::catalog_products was processed [] []
[2025-02-05T20:11:37.973645+00:00] main.INFO: Add of item with id Magento_Catalog::catalog_categories was processed [] []
[2025-02-05T20:11:37.973736+00:00] main.INFO: Add of item with id Magento_Catalog::catalog_attributes_attributes was processed [] []
[2025-02-05T20:11:37.973821+00:00] main.INFO: Add of item with id Magento_Catalog::catalog_attributes_sets was processed [] []
[2025-02-05T20:11:37.973911+00:00] main.INFO: Add of item with id Magento_Catalog::inventory was processed [] []
[2025-02-05T20:11:37.974003+00:00] main.INFO: Add of item with id Magento_Search::search_terms was processed [] []
[2025-02-05T20:11:37.974085+00:00] main.INFO: Add of item with id Magento_Search::search_synonyms was processed [] []
[2025-02-05T20:11:37.974166+00:00] main.INFO: Add of item with id Magento_CatalogRule::promo was processed [] []
[2025-02-05T20:11:37.974255+00:00] main.INFO: Add of item with id Magento_CatalogRule::promo_catalog was processed [] []
[2025-02-05T20:11:37.974337+00:00] main.INFO: Add of item with id Magento_Sales::sales was processed [] []
[2025-02-05T20:11:37.974427+00:00] main.INFO: Add of item with id Magento_Sales::sales_operation was processed [] []
[2025-02-05T20:11:37.974518+00:00] main.INFO: Add of item with id Magento_Sales::sales_order was processed [] []
[2025-02-05T20:11:37.974600+00:00] main.INFO: Add of item with id Magento_Sales::sales_invoice was processed [] []
[2025-02-05T20:11:37.974681+00:00] main.INFO: Add of item with id Magento_Sales::sales_shipment was processed [] []
[2025-02-05T20:11:37.974762+00:00] main.INFO: Add of item with id Magento_Sales::sales_creditmemo was processed [] []
[2025-02-05T20:11:37.974846+00:00] main.INFO: Add of item with id Magento_Sales::sales_transactions was processed [] []
[2025-02-05T20:11:37.974927+00:00] main.INFO: Add of item with id Magento_Sales::system_order_statuses was processed [] []
[2025-02-05T20:11:37.975008+00:00] main.INFO: Add of item with id Magento_MediaGalleryUi::media was processed [] []
[2025-02-05T20:11:37.975098+00:00] main.INFO: Add of item with id Magento_MediaGalleryUi::media_gallery was processed [] []
[2025-02-05T20:11:37.975189+00:00] main.INFO: Add of item with id Magento_Downloadable::report_products_downloads was processed [] []
[2025-02-05T20:11:37.975271+00:00] main.INFO: Add of item with id Magento_Integration::system_extensions was processed [] []
[2025-02-05T20:11:37.975364+00:00] main.INFO: Add of item with id Magento_Integration::system_integrations was processed [] []
[2025-02-05T20:11:37.975446+00:00] main.INFO: Add of item with id Magento_UrlRewrite::urlrewrite was processed [] []
[2025-02-05T20:11:37.975528+00:00] main.INFO: Add of item with id Magento_Tax::sales_tax was processed [] []
[2025-02-05T20:11:37.975619+00:00] main.INFO: Add of item with id Magento_Tax::sales_tax_rules was processed [] []
[2025-02-05T20:11:37.975701+00:00] main.INFO: Add of item with id Magento_Tax::sales_tax_rates was processed [] []
[2025-02-05T20:11:37.975785+00:00] main.INFO: Add of item with id Magento_Widget::cms_widget_instance was processed [] []
[2025-02-05T20:11:37.975881+00:00] main.INFO: Add of item with id Magento_Analytics::business_intelligence was processed [] []
[2025-02-05T20:11:37.975977+00:00] main.INFO: Add of item with id Magento_Analytics::advanced_reporting was processed [] []
[2025-02-05T20:11:37.976059+00:00] main.INFO: Add of item with id Magento_Analytics::bi_essentials was processed [] []
[2025-02-05T20:11:37.976149+00:00] main.INFO: Add of item with id Magento_ImportExport::system_convert_import was processed [] []
[2025-02-05T20:11:37.976233+00:00] main.INFO: Add of item with id Magento_ImportExport::system_convert_export was processed [] []
[2025-02-05T20:11:37.976314+00:00] main.INFO: Add of item with id Magento_ImportExport::system_convert_history was processed [] []
[2025-02-05T20:11:37.976404+00:00] main.INFO: Add of item with id Magento_Email::template was processed [] []
[2025-02-05T20:11:37.976486+00:00] main.INFO: Add of item with id Magento_EncryptionKey::system_crypt_key was processed [] []
[2025-02-05T20:11:37.976567+00:00] main.INFO: Add of item with id Magento_InventoryAdminUi::inventory was processed [] []
[2025-02-05T20:11:37.976657+00:00] main.INFO: Add of item with id Magento_InventoryAdminUi::source was processed [] []
[2025-02-05T20:11:37.976739+00:00] main.INFO: Add of item with id Magento_InventoryAdminUi::stock was processed [] []
[2025-02-05T20:11:37.976823+00:00] main.INFO: Add of item with id Magento_Reports::report was processed [] []
[2025-02-05T20:11:37.976906+00:00] main.INFO: Add of item with id Magento_Reports::report_marketing was processed [] []
[2025-02-05T20:11:37.976987+00:00] main.INFO: Add of item with id Magento_Reports::report_salesroot was processed [] []
[2025-02-05T20:11:37.977077+00:00] main.INFO: Add of item with id Magento_Reports::report_salesroot_sales was processed [] []
[2025-02-05T20:11:37.977159+00:00] main.INFO: Add of item with id Magento_Reports::report_salesroot_tax was processed [] []
[2025-02-05T20:11:37.977241+00:00] main.INFO: Add of item with id Magento_Reports::report_salesroot_invoiced was processed [] []
[2025-02-05T20:11:37.977322+00:00] main.INFO: Add of item with id Magento_Reports::report_salesroot_shipping was processed [] []
[2025-02-05T20:11:37.977402+00:00] main.INFO: Add of item with id Magento_Reports::report_salesroot_refunded was processed [] []
[2025-02-05T20:11:37.977486+00:00] main.INFO: Add of item with id Magento_Reports::report_salesroot_coupons was processed [] []
[2025-02-05T20:11:37.977581+00:00] main.INFO: Add of item with id Magento_Reports::report_shopcart_product was processed [] []
[2025-02-05T20:11:37.977665+00:00] main.INFO: Add of item with id Magento_Reports::report_shopcart_abandoned was processed [] []
[2025-02-05T20:11:37.977746+00:00] main.INFO: Add of item with id Magento_Reports::report_products was processed [] []
[2025-02-05T20:11:37.977831+00:00] main.INFO: Add of item with id Magento_Reports::report_products_bestsellers was processed [] []
[2025-02-05T20:11:37.977912+00:00] main.INFO: Add of item with id Magento_Reports::report_products_sold was processed [] []
[2025-02-05T20:11:37.977993+00:00] main.INFO: Add of item with id Magento_Reports::report_products_viewed was processed [] []
[2025-02-05T20:11:37.978073+00:00] main.INFO: Add of item with id Magento_Reports::report_products_lowstock was processed [] []
[2025-02-05T20:11:37.978153+00:00] main.INFO: Add of item with id Magento_Reports::report_customers was processed [] []
[2025-02-05T20:11:37.978246+00:00] main.INFO: Add of item with id Magento_Reports::report_customers_accounts was processed [] []
[2025-02-05T20:11:37.978334+00:00] main.INFO: Add of item with id Magento_Reports::report_customers_totals was processed [] []
[2025-02-05T20:11:37.978419+00:00] main.INFO: Add of item with id Magento_Reports::report_customers_orders was processed [] []
[2025-02-05T20:11:37.978505+00:00] main.INFO: Add of item with id Magento_Reports::report_statistics was processed [] []
[2025-02-05T20:11:37.978601+00:00] main.INFO: Add of item with id Magento_Reports::report_statistics_refresh was processed [] []
[2025-02-05T20:11:37.978689+00:00] main.INFO: Add of item with id Magento_Search::report_search_term was processed [] []
[2025-02-05T20:11:37.978776+00:00] main.INFO: Add of item with id Magento_LoginAsCustomerLog::login_log was processed [] []
[2025-02-05T20:11:37.978867+00:00] main.INFO: Add of item with id Magento_Marketplace::partners was processed [] []
[2025-02-05T20:11:37.978948+00:00] main.INFO: Add of item with id Magento_Newsletter::newsletter_template was processed [] []
[2025-02-05T20:11:37.979030+00:00] main.INFO: Add of item with id Magento_Newsletter::newsletter_queue was processed [] []
[2025-02-05T20:11:37.979124+00:00] main.INFO: Add of item with id Magento_Newsletter::newsletter_subscriber was processed [] []
[2025-02-05T20:11:37.979208+00:00] main.INFO: Add of item with id Magento_Newsletter::newsletter_problem was processed [] []
[2025-02-05T20:11:37.979288+00:00] main.INFO: Add of item with id Magento_SalesRule::promo_quote was processed [] []
[2025-02-05T20:11:37.979369+00:00] main.INFO: Add of item with id Magento_Sitemap::catalog_sitemap was processed [] []
[2025-02-05T20:11:37.979449+00:00] main.INFO: Add of item with id Magento_PageBuilder::templates was processed [] []
[2025-02-05T20:11:37.979529+00:00] main.INFO: Add of item with id Magento_Paypal::report_salesroot_paypal_settlement_reports was processed [] []
[2025-02-05T20:11:37.979610+00:00] main.INFO: Add of item with id Magento_Paypal::paypal_billing_agreement was processed [] []
[2025-02-05T20:11:37.979695+00:00] main.INFO: Add of item with id Magento_Review::catalog_reviews_ratings_ratings was processed [] []
[2025-02-05T20:11:37.979795+00:00] main.INFO: Add of item with id Magento_Review::catalog_reviews_ratings_pending was processed [] []
[2025-02-05T20:11:37.979891+00:00] main.INFO: Add of item with id Magento_Review::catalog_reviews_ratings_reviews_all was processed [] []
[2025-02-05T20:11:37.979985+00:00] main.INFO: Add of item with id Magento_Review::report_review was processed [] []
[2025-02-05T20:11:37.980095+00:00] main.INFO: Add of item with id Magento_Review::report_review_customer was processed [] []
[2025-02-05T20:11:37.980184+00:00] main.INFO: Add of item with id Magento_Review::report_review_product was processed [] []
[2025-02-05T20:11:37.980272+00:00] main.INFO: Add of item with id Magento_CheckoutAgreements::sales_checkoutagreement was processed [] []
[2025-02-05T20:11:37.980359+00:00] main.INFO: Add of item with id Magento_TaxImportExport::system_convert_tax was processed [] []
[2025-02-05T20:11:37.980445+00:00] main.INFO: Add of item with id Magento_AsynchronousOperations::system_magento_logging was processed [] []
[2025-02-05T20:11:37.980541+00:00] main.INFO: Add of item with id Magento_AsynchronousOperations::system_magento_logging_bulk_operations was processed [] []
[2025-02-05T20:11:37.980632+00:00] main.INFO: Add of item with id Magento_CurrencySymbol::system_currency was processed [] []
[2025-02-05T20:11:37.980750+00:00] main.INFO: Add of item with id Magento_CurrencySymbol::system_currency_rates was processed [] []
[2025-02-05T20:11:37.980853+00:00] main.INFO: Add of item with id Magento_CurrencySymbol::system_currency_symbols was processed [] []
[2025-02-05T20:11:37.980940+00:00] main.INFO: Add of item with id PayPal_Braintree::settlement_report was processed [] []
[2025-02-05T20:11:37.981027+00:00] main.INFO: Add of item with id PayPal_Braintree::virtual_terminal was processed [] []
[2025-02-05T20:12:33.581037+00:00] main.INFO: Broken reference: the 'catalog.compare.sidebar' element cannot be added as child to 'sidebar.additional', because the latter doesn't exist [] []
[2025-02-05T20:12:33.581905+00:00] main.INFO: Broken reference: the 'sale.reorder.sidebar' element cannot be added as child to 'sidebar.additional', because the latter doesn't exist [] []
[2025-02-05T20:12:33.582278+00:00] main.INFO: Broken reference: the 'wishlist_sidebar' element cannot be added as child to 'sidebar.additional', because the latter doesn't exist [] []
[2025-02-05T20:12:33.582891+00:00] main.INFO: Broken reference: the 'checkout.cart.item.renderers.gift-card.actions.gift_options' element cannot be added as child to 'checkout.cart.item.renderers.gift-card.actions', because the latter doesn't exist [] []
[2025-02-05T20:12:33.583604+00:00] main.INFO: Broken reference: the 'checkout.cart.item.renderers.gift-card.actions.gift_options' tries to reorder itself towards '', but their parents are different: 'checkout.cart.item.renderers.gift-card.actions' and '' respectively. [] []
[2025-02-05T20:12:34.365785+00:00] main.ERROR: Unable to resolve the source file for 'frontend/Magento/luma/en_US/moment.min.js.map' [] []
[2025-02-05T20:12:34.366915+00:00] main.CRITICAL: Unable to resolve the source file for 'frontend/Magento/luma/en_US/moment.min.js.map' [] []
[2025-02-05T20:19:00.046187+00:00] main.INFO: Broken reference: the 'notification.messages' tries to reorder itself towards 'user', but their parents are different: 'header.inner.right' and 'header' respectively. [] []
[2025-02-05T20:19:00.251295+00:00] main.INFO: Item Magento_Backend::system_currency was removed [] []
[2025-02-05T20:19:00.256761+00:00] main.INFO: Add of item with id Magento_Config::system_config was processed [] []
[2025-02-05T20:19:00.257092+00:00] main.INFO: Add of item with id Magento_AdminNotification::system_adminnotification was processed [] []
[2025-02-05T20:19:00.257207+00:00] main.INFO: Add of item with id Magento_Theme::design_config was processed [] []
[2025-02-05T20:19:00.257306+00:00] main.INFO: Add of item with id Magento_Theme::system_design_theme was processed [] []
[2025-02-05T20:19:00.257411+00:00] main.INFO: Add of item with id Magento_Backend::system_design_schedule was processed [] []
[2025-02-05T20:19:00.257508+00:00] main.INFO: Add of item with id Magento_Backend::system_store was processed [] []
[2025-02-05T20:19:00.257603+00:00] main.INFO: Add of item with id Magento_Backend::dashboard was processed [] []
[2025-02-05T20:19:00.257698+00:00] main.INFO: Add of item with id Magento_Backend::system was processed [] []
[2025-02-05T20:19:00.257809+00:00] main.INFO: Add of item with id Magento_Backend::system_tools was processed [] []
[2025-02-05T20:19:00.257917+00:00] main.INFO: Add of item with id Magento_Backend::system_design was processed [] []
[2025-02-05T20:19:00.258012+00:00] main.INFO: Add of item with id Magento_Backend::system_convert was processed [] []
[2025-02-05T20:19:00.258117+00:00] main.INFO: Add of item with id Magento_Backend::system_cache was processed [] []
[2025-02-05T20:19:00.258211+00:00] main.INFO: Add of item with id Magento_Backend::marketing was processed [] []
[2025-02-05T20:19:00.258316+00:00] main.INFO: Add of item with id Magento_Backend::marketing_communications was processed [] []
[2025-02-05T20:19:00.258411+00:00] main.INFO: Add of item with id Magento_Backend::marketing_seo was processed [] []
[2025-02-05T20:19:00.258504+00:00] main.INFO: Add of item with id Magento_Backend::marketing_user_content was processed [] []
[2025-02-05T20:19:00.258598+00:00] main.INFO: Add of item with id Magento_Backend::content was processed [] []
[2025-02-05T20:19:00.258692+00:00] main.INFO: Add of item with id Magento_Backend::content_elements was processed [] []
[2025-02-05T20:19:00.258792+00:00] main.INFO: Add of item with id Magento_Backend::stores was processed [] []
[2025-02-05T20:19:00.258898+00:00] main.INFO: Add of item with id Magento_Backend::stores_settings was processed [] []
[2025-02-05T20:19:00.258996+00:00] main.INFO: Add of item with id Magento_Backend::stores_attributes was processed [] []
[2025-02-05T20:19:00.259257+00:00] main.INFO: Add of item with id Magento_Backend::other_settings was processed [] []
[2025-02-05T20:19:00.259350+00:00] main.INFO: Add of item with id Magento_Backend::system_other_settings was processed [] []
[2025-02-05T20:19:00.259443+00:00] main.INFO: Add of item with id Magento_User::system_acl was processed [] []
[2025-02-05T20:19:00.259548+00:00] main.INFO: Add of item with id Magento_User::system_acl_users was processed [] []
[2025-02-05T20:19:00.259643+00:00] main.INFO: Add of item with id Magento_User::system_acl_roles was processed [] []
[2025-02-05T20:19:00.259736+00:00] main.INFO: Add of item with id Magento_User::system_acl_locks was processed [] []
[2025-02-05T20:19:00.259844+00:00] main.INFO: Add of item with id Magento_Customer::customer was processed [] []
[2025-02-05T20:19:00.259949+00:00] main.INFO: Add of item with id Magento_Customer::customer_manage was processed [] []
[2025-02-05T20:19:00.260044+00:00] main.INFO: Add of item with id Magento_Customer::customer_online was processed [] []
[2025-02-05T20:19:00.260143+00:00] main.INFO: Add of item with id Magento_Customer::customer_group was processed [] []
[2025-02-05T20:19:00.260238+00:00] main.INFO: Add of item with id Magento_Backup::system_tools_backup was processed [] []
[2025-02-05T20:19:00.260332+00:00] main.INFO: Add of item with id Magento_Indexer::system_index was processed [] []
[2025-02-05T20:19:00.260426+00:00] main.INFO: Add of item with id Magento_Variable::system_variable was processed [] []
[2025-02-05T20:19:00.260530+00:00] main.INFO: Add of item with id Magento_Cms::cms_page was processed [] []
[2025-02-05T20:19:00.260627+00:00] main.INFO: Add of item with id Magento_Cms::cms_block was processed [] []
[2025-02-05T20:19:00.260720+00:00] main.INFO: Add of item with id Magento_Catalog::catalog was processed [] []
[2025-02-05T20:19:00.260833+00:00] main.INFO: Add of item with id Magento_Catalog::catalog_products was processed [] []
[2025-02-05T20:19:00.260929+00:00] main.INFO: Add of item with id Magento_Catalog::catalog_categories was processed [] []
[2025-02-05T20:19:00.261037+00:00] main.INFO: Add of item with id Magento_Catalog::catalog_attributes_attributes was processed [] []
[2025-02-05T20:19:00.261132+00:00] main.INFO: Add of item with id Magento_Catalog::catalog_attributes_sets was processed [] []
[2025-02-05T20:19:00.261236+00:00] main.INFO: Add of item with id Magento_Catalog::inventory was processed [] []
[2025-02-05T20:19:00.261340+00:00] main.INFO: Add of item with id Magento_Search::search_terms was processed [] []
[2025-02-05T20:19:00.261435+00:00] main.INFO: Add of item with id Magento_Search::search_synonyms was processed [] []
[2025-02-05T20:19:00.261529+00:00] main.INFO: Add of item with id Magento_CatalogRule::promo was processed [] []
[2025-02-05T20:19:00.261632+00:00] main.INFO: Add of item with id Magento_CatalogRule::promo_catalog was processed [] []
[2025-02-05T20:19:00.261728+00:00] main.INFO: Add of item with id Magento_Sales::sales was processed [] []
[2025-02-05T20:19:00.261840+00:00] main.INFO: Add of item with id Magento_Sales::sales_operation was processed [] []
[2025-02-05T20:19:00.261946+00:00] main.INFO: Add of item with id Magento_Sales::sales_order was processed [] []
[2025-02-05T20:19:00.262043+00:00] main.INFO: Add of item with id Magento_Sales::sales_invoice was processed [] []
[2025-02-05T20:19:00.262136+00:00] main.INFO: Add of item with id Magento_Sales::sales_shipment was processed [] []
[2025-02-05T20:19:00.262230+00:00] main.INFO: Add of item with id Magento_Sales::sales_creditmemo was processed [] []
[2025-02-05T20:19:00.262323+00:00] main.INFO: Add of item with id Magento_Sales::sales_transactions was processed [] []
[2025-02-05T20:19:00.262417+00:00] main.INFO: Add of item with id Magento_Sales::system_order_statuses was processed [] []
[2025-02-05T20:19:00.262511+00:00] main.INFO: Add of item with id Magento_MediaGalleryUi::media was processed [] []
[2025-02-05T20:19:00.262617+00:00] main.INFO: Add of item with id Magento_MediaGalleryUi::media_gallery was processed [] []
[2025-02-05T20:19:00.262727+00:00] main.INFO: Add of item with id Magento_Downloadable::report_products_downloads was processed [] []
[2025-02-05T20:19:00.262840+00:00] main.INFO: Add of item with id Magento_Integration::system_extensions was processed [] []
[2025-02-05T20:19:00.262950+00:00] main.INFO: Add of item with id Magento_Integration::system_integrations was processed [] []
[2025-02-05T20:19:00.263048+00:00] main.INFO: Add of item with id Magento_UrlRewrite::urlrewrite was processed [] []
[2025-02-05T20:19:00.263143+00:00] main.INFO: Add of item with id Magento_Tax::sales_tax was processed [] []
[2025-02-05T20:19:00.263247+00:00] main.INFO: Add of item with id Magento_Tax::sales_tax_rules was processed [] []
[2025-02-05T20:19:00.263345+00:00] main.INFO: Add of item with id Magento_Tax::sales_tax_rates was processed [] []
[2025-02-05T20:19:00.263439+00:00] main.INFO: Add of item with id Magento_Widget::cms_widget_instance was processed [] []
[2025-02-05T20:19:00.263544+00:00] main.INFO: Add of item with id Magento_Analytics::business_intelligence was processed [] []
[2025-02-05T20:19:00.263648+00:00] main.INFO: Add of item with id Magento_Analytics::advanced_reporting was processed [] []
[2025-02-05T20:19:00.263742+00:00] main.INFO: Add of item with id Magento_Analytics::bi_essentials was processed [] []
[2025-02-05T20:19:00.263852+00:00] main.INFO: Add of item with id Magento_ImportExport::system_convert_import was processed [] []
[2025-02-05T20:19:00.263946+00:00] main.INFO: Add of item with id Magento_ImportExport::system_convert_export was processed [] []
[2025-02-05T20:19:00.264043+00:00] main.INFO: Add of item with id Magento_ImportExport::system_convert_history was processed [] []
[2025-02-05T20:19:00.264147+00:00] main.INFO: Add of item with id Magento_Email::template was processed [] []
[2025-02-05T20:19:00.264242+00:00] main.INFO: Add of item with id Magento_EncryptionKey::system_crypt_key was processed [] []
[2025-02-05T20:19:00.264336+00:00] main.INFO: Add of item with id Magento_InventoryAdminUi::inventory was processed [] []
[2025-02-05T20:19:00.264443+00:00] main.INFO: Add of item with id Magento_InventoryAdminUi::source was processed [] []
[2025-02-05T20:19:00.264537+00:00] main.INFO: Add of item with id Magento_InventoryAdminUi::stock was processed [] []
[2025-02-05T20:19:00.264631+00:00] main.INFO: Add of item with id Magento_Reports::report was processed [] []
[2025-02-05T20:19:00.264724+00:00] main.INFO: Add of item with id Magento_Reports::report_marketing was processed [] []
[2025-02-05T20:19:00.264824+00:00] main.INFO: Add of item with id Magento_Reports::report_salesroot was processed [] []
[2025-02-05T20:19:00.264928+00:00] main.INFO: Add of item with id Magento_Reports::report_salesroot_sales was processed [] []
[2025-02-05T20:19:00.265023+00:00] main.INFO: Add of item with id Magento_Reports::report_salesroot_tax was processed [] []
[2025-02-05T20:19:00.265116+00:00] main.INFO: Add of item with id Magento_Reports::report_salesroot_invoiced was processed [] []
[2025-02-05T20:19:00.265210+00:00] main.INFO: Add of item with id Magento_Reports::report_salesroot_shipping was processed [] []
[2025-02-05T20:19:00.265304+00:00] main.INFO: Add of item with id Magento_Reports::report_salesroot_refunded was processed [] []
[2025-02-05T20:19:00.265397+00:00] main.INFO: Add of item with id Magento_Reports::report_salesroot_coupons was processed [] []
[2025-02-05T20:19:00.265502+00:00] main.INFO: Add of item with id Magento_Reports::report_shopcart_product was processed [] []
[2025-02-05T20:19:00.265599+00:00] main.INFO: Add of item with id Magento_Reports::report_shopcart_abandoned was processed [] []
[2025-02-05T20:19:00.265898+00:00] main.INFO: Add of item with id Magento_Reports::report_products was processed [] []
[2025-02-05T20:19:00.265993+00:00] main.INFO: Add of item with id Magento_Reports::report_products_bestsellers was processed [] []
[2025-02-05T20:19:00.266089+00:00] main.INFO: Add of item with id Magento_Reports::report_products_sold was processed [] []
[2025-02-05T20:19:00.266183+00:00] main.INFO: Add of item with id Magento_Reports::report_products_viewed was processed [] []
[2025-02-05T20:19:00.266276+00:00] main.INFO: Add of item with id Magento_Reports::report_products_lowstock was processed [] []
[2025-02-05T20:19:00.266369+00:00] main.INFO: Add of item with id Magento_Reports::report_customers was processed [] []
[2025-02-05T20:19:00.266475+00:00] main.INFO: Add of item with id Magento_Reports::report_customers_accounts was processed [] []
[2025-02-05T20:19:00.266569+00:00] main.INFO: Add of item with id Magento_Reports::report_customers_totals was processed [] []
[2025-02-05T20:19:00.266662+00:00] main.INFO: Add of item with id Magento_Reports::report_customers_orders was processed [] []
[2025-02-05T20:19:00.266755+00:00] main.INFO: Add of item with id Magento_Reports::report_statistics was processed [] []
[2025-02-05T20:19:00.266863+00:00] main.INFO: Add of item with id Magento_Reports::report_statistics_refresh was processed [] []
[2025-02-05T20:19:00.266958+00:00] main.INFO: Add of item with id Magento_Search::report_search_term was processed [] []
[2025-02-05T20:19:00.267052+00:00] main.INFO: Add of item with id Magento_LoginAsCustomerLog::login_log was processed [] []
[2025-02-05T20:19:00.267145+00:00] main.INFO: Add of item with id Magento_Marketplace::partners was processed [] []
[2025-02-05T20:19:00.267238+00:00] main.INFO: Add of item with id Magento_Newsletter::newsletter_template was processed [] []
[2025-02-05T20:19:00.267331+00:00] main.INFO: Add of item with id Magento_Newsletter::newsletter_queue was processed [] []
[2025-02-05T20:19:00.267423+00:00] main.INFO: Add of item with id Magento_Newsletter::newsletter_subscriber was processed [] []
[2025-02-05T20:19:00.267516+00:00] main.INFO: Add of item with id Magento_Newsletter::newsletter_problem was processed [] []
[2025-02-05T20:19:00.267609+00:00] main.INFO: Add of item with id Magento_SalesRule::promo_quote was processed [] []
[2025-02-05T20:19:00.267703+00:00] main.INFO: Add of item with id Magento_Sitemap::catalog_sitemap was processed [] []
[2025-02-05T20:19:00.267806+00:00] main.INFO: Add of item with id Magento_PageBuilder::templates was processed [] []
[2025-02-05T20:19:00.267901+00:00] main.INFO: Add of item with id Magento_Paypal::report_salesroot_paypal_settlement_reports was processed [] []
[2025-02-05T20:19:00.267995+00:00] main.INFO: Add of item with id Magento_Paypal::paypal_billing_agreement was processed [] []
[2025-02-05T20:19:00.268088+00:00] main.INFO: Add of item with id Magento_Review::catalog_reviews_ratings_ratings was processed [] []
[2025-02-05T20:19:00.268192+00:00] main.INFO: Add of item with id Magento_Review::catalog_reviews_ratings_pending was processed [] []
[2025-02-05T20:19:00.268287+00:00] main.INFO: Add of item with id Magento_Review::catalog_reviews_ratings_reviews_all was processed [] []
[2025-02-05T20:19:00.268380+00:00] main.INFO: Add of item with id Magento_Review::report_review was processed [] []
[2025-02-05T20:19:00.268484+00:00] main.INFO: Add of item with id Magento_Review::report_review_customer was processed [] []
[2025-02-05T20:19:00.268578+00:00] main.INFO: Add of item with id Magento_Review::report_review_product was processed [] []
[2025-02-05T20:19:00.268671+00:00] main.INFO: Add of item with id Magento_CheckoutAgreements::sales_checkoutagreement was processed [] []
[2025-02-05T20:19:00.268766+00:00] main.INFO: Add of item with id Magento_TaxImportExport::system_convert_tax was processed [] []
[2025-02-05T20:19:00.268885+00:00] main.INFO: Add of item with id Magento_AsynchronousOperations::system_magento_logging was processed [] []
[2025-02-05T20:19:00.268990+00:00] main.INFO: Add of item with id Magento_AsynchronousOperations::system_magento_logging_bulk_operations was processed [] []
[2025-02-05T20:19:00.269089+00:00] main.INFO: Add of item with id Magento_CurrencySymbol::system_currency was processed [] []
[2025-02-05T20:19:00.269194+00:00] main.INFO: Add of item with id Magento_CurrencySymbol::system_currency_rates was processed [] []
[2025-02-05T20:19:00.269288+00:00] main.INFO: Add of item with id Magento_CurrencySymbol::system_currency_symbols was processed [] []
[2025-02-05T20:19:00.269382+00:00] main.INFO: Add of item with id PayPal_Braintree::settlement_report was processed [] []
[2025-02-05T20:19:00.269475+00:00] main.INFO: Add of item with id PayPal_Braintree::virtual_terminal was processed [] []
[2025-02-05T20:19:47.022798+00:00] main.INFO: Broken reference: the 'notification.messages' tries to reorder itself towards 'user', but their parents are different: 'header.inner.right' and 'header' respectively. [] []
[2025-02-05T20:19:47.229576+00:00] main.INFO: Item Magento_Backend::system_currency was removed [] []
[2025-02-05T20:19:47.234621+00:00] main.INFO: Add of item with id Magento_Config::system_config was processed [] []
[2025-02-05T20:19:47.234796+00:00] main.INFO: Add of item with id Magento_AdminNotification::system_adminnotification was processed [] []
[2025-02-05T20:19:47.234912+00:00] main.INFO: Add of item with id Magento_Theme::design_config was processed [] []
[2025-02-05T20:19:47.235008+00:00] main.INFO: Add of item with id Magento_Theme::system_design_theme was processed [] []
[2025-02-05T20:19:47.235096+00:00] main.INFO: Add of item with id Magento_Backend::system_design_schedule was processed [] []
[2025-02-05T20:19:47.235187+00:00] main.INFO: Add of item with id Magento_Backend::system_store was processed [] []
[2025-02-05T20:19:47.235275+00:00] main.INFO: Add of item with id Magento_Backend::dashboard was processed [] []
[2025-02-05T20:19:47.235364+00:00] main.INFO: Add of item with id Magento_Backend::system was processed [] []
[2025-02-05T20:19:47.235465+00:00] main.INFO: Add of item with id Magento_Backend::system_tools was processed [] []
[2025-02-05T20:19:47.235572+00:00] main.INFO: Add of item with id Magento_Backend::system_design was processed [] []
[2025-02-05T20:19:47.235669+00:00] main.INFO: Add of item with id Magento_Backend::system_convert was processed [] []
[2025-02-05T20:19:47.235774+00:00] main.INFO: Add of item with id Magento_Backend::system_cache was processed [] []
[2025-02-05T20:19:47.235884+00:00] main.INFO: Add of item with id Magento_Backend::marketing was processed [] []
[2025-02-05T20:19:47.235990+00:00] main.INFO: Add of item with id Magento_Backend::marketing_communications was processed [] []
[2025-02-05T20:19:47.236079+00:00] main.INFO: Add of item with id Magento_Backend::marketing_seo was processed [] []
[2025-02-05T20:19:47.236167+00:00] main.INFO: Add of item with id Magento_Backend::marketing_user_content was processed [] []
[2025-02-05T20:19:47.236254+00:00] main.INFO: Add of item with id Magento_Backend::content was processed [] []
[2025-02-05T20:19:47.236390+00:00] main.INFO: Add of item with id Magento_Backend::content_elements was processed [] []
[2025-02-05T20:19:47.236484+00:00] main.INFO: Add of item with id Magento_Backend::stores was processed [] []
[2025-02-05T20:19:47.236597+00:00] main.INFO: Add of item with id Magento_Backend::stores_settings was processed [] []
[2025-02-05T20:19:47.236689+00:00] main.INFO: Add of item with id Magento_Backend::stores_attributes was processed [] []
[2025-02-05T20:19:47.236782+00:00] main.INFO: Add of item with id Magento_Backend::other_settings was processed [] []
[2025-02-05T20:19:47.236877+00:00] main.INFO: Add of item with id Magento_Backend::system_other_settings was processed [] []
[2025-02-05T20:19:47.236968+00:00] main.INFO: Add of item with id Magento_User::system_acl was processed [] []
[2025-02-05T20:19:47.237065+00:00] main.INFO: Add of item with id Magento_User::system_acl_users was processed [] []
[2025-02-05T20:19:47.237153+00:00] main.INFO: Add of item with id Magento_User::system_acl_roles was processed [] []
[2025-02-05T20:19:47.237240+00:00] main.INFO: Add of item with id Magento_User::system_acl_locks was processed [] []
[2025-02-05T20:19:47.237327+00:00] main.INFO: Add of item with id Magento_Customer::customer was processed [] []
[2025-02-05T20:19:47.237427+00:00] main.INFO: Add of item with id Magento_Customer::customer_manage was processed [] []
[2025-02-05T20:19:47.237516+00:00] main.INFO: Add of item with id Magento_Customer::customer_online was processed [] []
[2025-02-05T20:19:47.237603+00:00] main.INFO: Add of item with id Magento_Customer::customer_group was processed [] []
[2025-02-05T20:19:47.237689+00:00] main.INFO: Add of item with id Magento_Backup::system_tools_backup was processed [] []
[2025-02-05T20:19:47.237780+00:00] main.INFO: Add of item with id Magento_Indexer::system_index was processed [] []
[2025-02-05T20:19:47.237874+00:00] main.INFO: Add of item with id Magento_Variable::system_variable was processed [] []
[2025-02-05T20:19:47.237978+00:00] main.INFO: Add of item with id Magento_Cms::cms_page was processed [] []
[2025-02-05T20:19:47.238067+00:00] main.INFO: Add of item with id Magento_Cms::cms_block was processed [] []
[2025-02-05T20:19:47.238154+00:00] main.INFO: Add of item with id Magento_Catalog::catalog was processed [] []
[2025-02-05T20:19:47.238251+00:00] main.INFO: Add of item with id Magento_Catalog::catalog_products was processed [] []
[2025-02-05T20:19:47.238340+00:00] main.INFO: Add of item with id Magento_Catalog::catalog_categories was processed [] []
[2025-02-05T20:19:47.238437+00:00] main.INFO: Add of item with id Magento_Catalog::catalog_attributes_attributes was processed [] []
[2025-02-05T20:19:47.238525+00:00] main.INFO: Add of item with id Magento_Catalog::catalog_attributes_sets was processed [] []
[2025-02-05T20:19:47.238622+00:00] main.INFO: Add of item with id Magento_Catalog::inventory was processed [] []
[2025-02-05T20:19:47.238725+00:00] main.INFO: Add of item with id Magento_Search::search_terms was processed [] []
[2025-02-05T20:19:47.238824+00:00] main.INFO: Add of item with id Magento_Search::search_synonyms was processed [] []
[2025-02-05T20:19:47.238918+00:00] main.INFO: Add of item with id Magento_CatalogRule::promo was processed [] []
[2025-02-05T20:19:47.239019+00:00] main.INFO: Add of item with id Magento_CatalogRule::promo_catalog was processed [] []
[2025-02-05T20:19:47.239117+00:00] main.INFO: Add of item with id Magento_Sales::sales was processed [] []
[2025-02-05T20:19:47.239220+00:00] main.INFO: Add of item with id Magento_Sales::sales_operation was processed [] []
[2025-02-05T20:19:47.239324+00:00] main.INFO: Add of item with id Magento_Sales::sales_order was processed [] []
[2025-02-05T20:19:47.239419+00:00] main.INFO: Add of item with id Magento_Sales::sales_invoice was processed [] []
[2025-02-05T20:19:47.239512+00:00] main.INFO: Add of item with id Magento_Sales::sales_shipment was processed [] []
[2025-02-05T20:19:47.239606+00:00] main.INFO: Add of item with id Magento_Sales::sales_creditmemo was processed [] []
[2025-02-05T20:19:47.239700+00:00] main.INFO: Add of item with id Magento_Sales::sales_transactions was processed [] []
[2025-02-05T20:19:47.239796+00:00] main.INFO: Add of item with id Magento_Sales::system_order_statuses was processed [] []
[2025-02-05T20:19:47.239891+00:00] main.INFO: Add of item with id Magento_MediaGalleryUi::media was processed [] []
[2025-02-05T20:19:47.239995+00:00] main.INFO: Add of item with id Magento_MediaGalleryUi::media_gallery was processed [] []
[2025-02-05T20:19:47.240100+00:00] main.INFO: Add of item with id Magento_Downloadable::report_products_downloads was processed [] []
[2025-02-05T20:19:47.240195+00:00] main.INFO: Add of item with id Magento_Integration::system_extensions was processed [] []
[2025-02-05T20:19:47.240299+00:00] main.INFO: Add of item with id Magento_Integration::system_integrations was processed [] []
[2025-02-05T20:19:47.240392+00:00] main.INFO: Add of item with id Magento_UrlRewrite::urlrewrite was processed [] []
[2025-02-05T20:19:47.240486+00:00] main.INFO: Add of item with id Magento_Tax::sales_tax was processed [] []
[2025-02-05T20:19:47.240590+00:00] main.INFO: Add of item with id Magento_Tax::sales_tax_rules was processed [] []
[2025-02-05T20:19:47.240683+00:00] main.INFO: Add of item with id Magento_Tax::sales_tax_rates was processed [] []
[2025-02-05T20:19:47.240781+00:00] main.INFO: Add of item with id Magento_Widget::cms_widget_instance was processed [] []
[2025-02-05T20:19:47.240886+00:00] main.INFO: Add of item with id Magento_Analytics::business_intelligence was processed [] []
[2025-02-05T20:19:47.240990+00:00] main.INFO: Add of item with id Magento_Analytics::advanced_reporting was processed [] []
[2025-02-05T20:19:47.241120+00:00] main.INFO: Add of item with id Magento_Analytics::bi_essentials was processed [] []
[2025-02-05T20:19:47.241227+00:00] main.INFO: Add of item with id Magento_ImportExport::system_convert_import was processed [] []
[2025-02-05T20:19:47.241322+00:00] main.INFO: Add of item with id Magento_ImportExport::system_convert_export was processed [] []
[2025-02-05T20:19:47.241415+00:00] main.INFO: Add of item with id Magento_ImportExport::system_convert_history was processed [] []
[2025-02-05T20:19:47.241520+00:00] main.INFO: Add of item with id Magento_Email::template was processed [] []
[2025-02-05T20:19:47.241616+00:00] main.INFO: Add of item with id Magento_EncryptionKey::system_crypt_key was processed [] []
[2025-02-05T20:19:47.241709+00:00] main.INFO: Add of item with id Magento_InventoryAdminUi::inventory was processed [] []
[2025-02-05T20:19:47.241829+00:00] main.INFO: Add of item with id Magento_InventoryAdminUi::source was processed [] []
[2025-02-05T20:19:47.241924+00:00] main.INFO: Add of item with id Magento_InventoryAdminUi::stock was processed [] []
[2025-02-05T20:19:47.242018+00:00] main.INFO: Add of item with id Magento_Reports::report was processed [] []
[2025-02-05T20:19:47.242112+00:00] main.INFO: Add of item with id Magento_Reports::report_marketing was processed [] []
[2025-02-05T20:19:47.242206+00:00] main.INFO: Add of item with id Magento_Reports::report_salesroot was processed [] []
[2025-02-05T20:19:47.242311+00:00] main.INFO: Add of item with id Magento_Reports::report_salesroot_sales was processed [] []
[2025-02-05T20:19:47.242406+00:00] main.INFO: Add of item with id Magento_Reports::report_salesroot_tax was processed [] []
[2025-02-05T20:19:47.242507+00:00] main.INFO: Add of item with id Magento_Reports::report_salesroot_invoiced was processed [] []
[2025-02-05T20:19:47.242602+00:00] main.INFO: Add of item with id Magento_Reports::report_salesroot_shipping was processed [] []
[2025-02-05T20:19:47.242697+00:00] main.INFO: Add of item with id Magento_Reports::report_salesroot_refunded was processed [] []
[2025-02-05T20:19:47.242799+00:00] main.INFO: Add of item with id Magento_Reports::report_salesroot_coupons was processed [] []
[2025-02-05T20:19:47.242912+00:00] main.INFO: Add of item with id Magento_Reports::report_shopcart_product was processed [] []
[2025-02-05T20:19:47.243012+00:00] main.INFO: Add of item with id Magento_Reports::report_shopcart_abandoned was processed [] []
[2025-02-05T20:19:47.243108+00:00] main.INFO: Add of item with id Magento_Reports::report_products was processed [] []
[2025-02-05T20:19:47.243204+00:00] main.INFO: Add of item with id Magento_Reports::report_products_bestsellers was processed [] []
[2025-02-05T20:19:47.243302+00:00] main.INFO: Add of item with id Magento_Reports::report_products_sold was processed [] []
[2025-02-05T20:19:47.243397+00:00] main.INFO: Add of item with id Magento_Reports::report_products_viewed was processed [] []
[2025-02-05T20:19:47.243494+00:00] main.INFO: Add of item with id Magento_Reports::report_products_lowstock was processed [] []
[2025-02-05T20:19:47.243588+00:00] main.INFO: Add of item with id Magento_Reports::report_customers was processed [] []
[2025-02-05T20:19:47.243693+00:00] main.INFO: Add of item with id Magento_Reports::report_customers_accounts was processed [] []
[2025-02-05T20:19:47.243791+00:00] main.INFO: Add of item with id Magento_Reports::report_customers_totals was processed [] []
[2025-02-05T20:19:47.243886+00:00] main.INFO: Add of item with id Magento_Reports::report_customers_orders was processed [] []
[2025-02-05T20:19:47.243979+00:00] main.INFO: Add of item with id Magento_Reports::report_statistics was processed [] []
[2025-02-05T20:19:47.244088+00:00] main.INFO: Add of item with id Magento_Reports::report_statistics_refresh was processed [] []
[2025-02-05T20:19:47.244185+00:00] main.INFO: Add of item with id Magento_Search::report_search_term was processed [] []
[2025-02-05T20:19:47.244281+00:00] main.INFO: Add of item with id Magento_LoginAsCustomerLog::login_log was processed [] []
[2025-02-05T20:19:47.244375+00:00] main.INFO: Add of item with id Magento_Marketplace::partners was processed [] []
[2025-02-05T20:19:47.244469+00:00] main.INFO: Add of item with id Magento_Newsletter::newsletter_template was processed [] []
[2025-02-05T20:19:47.244562+00:00] main.INFO: Add of item with id Magento_Newsletter::newsletter_queue was processed [] []
[2025-02-05T20:19:47.244656+00:00] main.INFO: Add of item with id Magento_Newsletter::newsletter_subscriber was processed [] []
[2025-02-05T20:19:47.244749+00:00] main.INFO: Add of item with id Magento_Newsletter::newsletter_problem was processed [] []
[2025-02-05T20:19:47.244875+00:00] main.INFO: Add of item with id Magento_SalesRule::promo_quote was processed [] []
[2025-02-05T20:19:47.244968+00:00] main.INFO: Add of item with id Magento_Sitemap::catalog_sitemap was processed [] []
[2025-02-05T20:19:47.245058+00:00] main.INFO: Add of item with id Magento_PageBuilder::templates was processed [] []
[2025-02-05T20:19:47.245145+00:00] main.INFO: Add of item with id Magento_Paypal::report_salesroot_paypal_settlement_reports was processed [] []
[2025-02-05T20:19:47.245233+00:00] main.INFO: Add of item with id Magento_Paypal::paypal_billing_agreement was processed [] []
[2025-02-05T20:19:47.245319+00:00] main.INFO: Add of item with id Magento_Review::catalog_reviews_ratings_ratings was processed [] []
[2025-02-05T20:19:47.245416+00:00] main.INFO: Add of item with id Magento_Review::catalog_reviews_ratings_pending was processed [] []
[2025-02-05T20:19:47.245503+00:00] main.INFO: Add of item with id Magento_Review::catalog_reviews_ratings_reviews_all was processed [] []
[2025-02-05T20:19:47.245590+00:00] main.INFO: Add of item with id Magento_Review::report_review was processed [] []
[2025-02-05T20:19:47.245689+00:00] main.INFO: Add of item with id Magento_Review::report_review_customer was processed [] []
[2025-02-05T20:19:47.245785+00:00] main.INFO: Add of item with id Magento_Review::report_review_product was processed [] []
[2025-02-05T20:19:47.245879+00:00] main.INFO: Add of item with id Magento_CheckoutAgreements::sales_checkoutagreement was processed [] []
[2025-02-05T20:19:47.245972+00:00] main.INFO: Add of item with id Magento_TaxImportExport::system_convert_tax was processed [] []
[2025-02-05T20:19:47.246059+00:00] main.INFO: Add of item with id Magento_AsynchronousOperations::system_magento_logging was processed [] []
[2025-02-05T20:19:47.246155+00:00] main.INFO: Add of item with id Magento_AsynchronousOperations::system_magento_logging_bulk_operations was processed [] []
[2025-02-05T20:19:47.246244+00:00] main.INFO: Add of item with id Magento_CurrencySymbol::system_currency was processed [] []
[2025-02-05T20:19:47.246340+00:00] main.INFO: Add of item with id Magento_CurrencySymbol::system_currency_rates was processed [] []
[2025-02-05T20:19:47.246428+00:00] main.INFO: Add of item with id Magento_CurrencySymbol::system_currency_symbols was processed [] []
[2025-02-05T20:19:47.246514+00:00] main.INFO: Add of item with id PayPal_Braintree::settlement_report was processed [] []
[2025-02-05T20:19:47.246602+00:00] main.INFO: Add of item with id PayPal_Braintree::virtual_terminal was processed [] []
[2025-02-05T20:21:58.866027+00:00] main.WARNING: Memory size allocated for the temporary table is more than 20% of innodb_buffer_pool_size. Please update innodb_buffer_pool_size or decrease batch size value (which decreases memory usages for the temporary table). Current batch size: 100000; Allocated memory size: 50000000 bytes; InnoDB buffer pool size: 134217728 bytes. [] []
[2025-02-05T20:21:58.893299+00:00] main.WARNING: Memory size allocated for the temporary table is more than 20% of innodb_buffer_pool_size. Please update innodb_buffer_pool_size or decrease batch size value (which decreases memory usages for the temporary table). Current batch size: 100000; Allocated memory size: 50000000 bytes; InnoDB buffer pool size: 134217728 bytes. [] []
[2025-02-05T20:21:59.025991+00:00] main.WARNING: Memory size allocated for the temporary table is more than 20% of innodb_buffer_pool_size. Please update innodb_buffer_pool_size or decrease batch size value (which decreases memory usages for the temporary table). Current batch size: 100000; Allocated memory size: 50000000 bytes; InnoDB buffer pool size: 134217728 bytes. [] []
[2025-02-05T20:21:59.230943+00:00] main.WARNING: Memory size allocated for the temporary table is more than 20% of innodb_buffer_pool_size. Please update innodb_buffer_pool_size or decrease batch size value (which decreases memory usages for the temporary table). Current batch size: 100000; Allocated memory size: 50000000 bytes; InnoDB buffer pool size: 134217728 bytes. [] []
[2025-02-05T20:21:59.257474+00:00] main.WARNING: Memory size allocated for the temporary table is more than 20% of innodb_buffer_pool_size. Please update innodb_buffer_pool_size or decrease batch size value (which decreases memory usages for the temporary table). Current batch size: 100000; Allocated memory size: 50000000 bytes; InnoDB buffer pool size: 134217728 bytes. [] []
[2025-02-05T20:21:59.389416+00:00] main.WARNING: Memory size allocated for the temporary table is more than 20% of innodb_buffer_pool_size. Please update innodb_buffer_pool_size or decrease batch size value (which decreases memory usages for the temporary table). Current batch size: 100000; Allocated memory size: 50000000 bytes; InnoDB buffer pool size: 134217728 bytes. [] []
[2025-02-05T20:22:01.263728+00:00] main.WARNING: Memory size allocated for the temporary table is more than 20% of innodb_buffer_pool_size. Please update innodb_buffer_pool_size or decrease batch size value (which decreases memory usages for the temporary table). Current batch size: 3334; Allocated memory size: 40008000 bytes; InnoDB buffer pool size: 134217728 bytes. [] []
[2025-02-05T20:24:43.975655+00:00] main.INFO: Broken reference: the 'notification.messages' tries to reorder itself towards 'user', but their parents are different: 'header.inner.right' and 'header' respectively. [] []
[2025-02-05T20:24:44.230259+00:00] main.INFO: Item Magento_Backend::system_currency was removed [] []
[2025-02-05T20:24:44.235520+00:00] main.INFO: Add of item with id Magento_Config::system_config was processed [] []
[2025-02-05T20:24:44.235664+00:00] main.INFO: Add of item with id Magento_AdminNotification::system_adminnotification was processed [] []
[2025-02-05T20:24:44.235768+00:00] main.INFO: Add of item with id Magento_Theme::design_config was processed [] []
[2025-02-05T20:24:44.235883+00:00] main.INFO: Add of item with id Magento_Theme::system_design_theme was processed [] []
[2025-02-05T20:24:44.235971+00:00] main.INFO: Add of item with id Magento_Backend::system_design_schedule was processed [] []
[2025-02-05T20:24:44.236055+00:00] main.INFO: Add of item with id Magento_Backend::system_store was processed [] []
[2025-02-05T20:24:44.236141+00:00] main.INFO: Add of item with id Magento_Backend::dashboard was processed [] []
[2025-02-05T20:24:44.236226+00:00] main.INFO: Add of item with id Magento_Backend::system was processed [] []
[2025-02-05T20:24:44.236321+00:00] main.INFO: Add of item with id Magento_Backend::system_tools was processed [] []
[2025-02-05T20:24:44.236418+00:00] main.INFO: Add of item with id Magento_Backend::system_design was processed [] []
[2025-02-05T20:24:44.236508+00:00] main.INFO: Add of item with id Magento_Backend::system_convert was processed [] []
[2025-02-05T20:24:44.236608+00:00] main.INFO: Add of item with id Magento_Backend::system_cache was processed [] []
[2025-02-05T20:24:44.236695+00:00] main.INFO: Add of item with id Magento_Backend::marketing was processed [] []
[2025-02-05T20:24:44.236794+00:00] main.INFO: Add of item with id Magento_Backend::marketing_communications was processed [] []
[2025-02-05T20:24:44.236878+00:00] main.INFO: Add of item with id Magento_Backend::marketing_seo was processed [] []
[2025-02-05T20:24:44.236959+00:00] main.INFO: Add of item with id Magento_Backend::marketing_user_content was processed [] []
[2025-02-05T20:24:44.237040+00:00] main.INFO: Add of item with id Magento_Backend::content was processed [] []
[2025-02-05T20:24:44.237121+00:00] main.INFO: Add of item with id Magento_Backend::content_elements was processed [] []
[2025-02-05T20:24:44.237205+00:00] main.INFO: Add of item with id Magento_Backend::stores was processed [] []
[2025-02-05T20:24:44.237295+00:00] main.INFO: Add of item with id Magento_Backend::stores_settings was processed [] []
[2025-02-05T20:24:44.237383+00:00] main.INFO: Add of item with id Magento_Backend::stores_attributes was processed [] []
[2025-02-05T20:24:44.237469+00:00] main.INFO: Add of item with id Magento_Backend::other_settings was processed [] []
[2025-02-05T20:24:44.237554+00:00] main.INFO: Add of item with id Magento_Backend::system_other_settings was processed [] []
[2025-02-05T20:24:44.237640+00:00] main.INFO: Add of item with id Magento_User::system_acl was processed [] []
[2025-02-05T20:24:44.237730+00:00] main.INFO: Add of item with id Magento_User::system_acl_users was processed [] []
[2025-02-05T20:24:44.237816+00:00] main.INFO: Add of item with id Magento_User::system_acl_roles was processed [] []
[2025-02-05T20:24:44.237898+00:00] main.INFO: Add of item with id Magento_User::system_acl_locks was processed [] []
[2025-02-05T20:24:44.237978+00:00] main.INFO: Add of item with id Magento_Customer::customer was processed [] []
[2025-02-05T20:24:44.238069+00:00] main.INFO: Add of item with id Magento_Customer::customer_manage was processed [] []
[2025-02-05T20:24:44.238153+00:00] main.INFO: Add of item with id Magento_Customer::customer_online was processed [] []
[2025-02-05T20:24:44.238236+00:00] main.INFO: Add of item with id Magento_Customer::customer_group was processed [] []
[2025-02-05T20:24:44.238318+00:00] main.INFO: Add of item with id Magento_Backup::system_tools_backup was processed [] []
[2025-02-05T20:24:44.238400+00:00] main.INFO: Add of item with id Magento_Indexer::system_index was processed [] []
[2025-02-05T20:24:44.238481+00:00] main.INFO: Add of item with id Magento_Variable::system_variable was processed [] []
[2025-02-05T20:24:44.238577+00:00] main.INFO: Add of item with id Magento_Cms::cms_page was processed [] []
[2025-02-05T20:24:44.238661+00:00] main.INFO: Add of item with id Magento_Cms::cms_block was processed [] []
[2025-02-05T20:24:44.238742+00:00] main.INFO: Add of item with id Magento_Catalog::catalog was processed [] []
[2025-02-05T20:24:44.238836+00:00] main.INFO: Add of item with id Magento_Catalog::catalog_products was processed [] []
[2025-02-05T20:24:44.238920+00:00] main.INFO: Add of item with id Magento_Catalog::catalog_categories was processed [] []
[2025-02-05T20:24:44.239011+00:00] main.INFO: Add of item with id Magento_Catalog::catalog_attributes_attributes was processed [] []
[2025-02-05T20:24:44.239093+00:00] main.INFO: Add of item with id Magento_Catalog::catalog_attributes_sets was processed [] []
[2025-02-05T20:24:44.239183+00:00] main.INFO: Add of item with id Magento_Catalog::inventory was processed [] []
[2025-02-05T20:24:44.239275+00:00] main.INFO: Add of item with id Magento_Search::search_terms was processed [] []
[2025-02-05T20:24:44.239357+00:00] main.INFO: Add of item with id Magento_Search::search_synonyms was processed [] []
[2025-02-05T20:24:44.239438+00:00] main.INFO: Add of item with id Magento_CatalogRule::promo was processed [] []
[2025-02-05T20:24:44.239529+00:00] main.INFO: Add of item with id Magento_CatalogRule::promo_catalog was processed [] []
[2025-02-05T20:24:44.239612+00:00] main.INFO: Add of item with id Magento_Sales::sales was processed [] []
[2025-02-05T20:24:44.239702+00:00] main.INFO: Add of item with id Magento_Sales::sales_operation was processed [] []
[2025-02-05T20:24:44.239796+00:00] main.INFO: Add of item with id Magento_Sales::sales_order was processed [] []
[2025-02-05T20:24:44.239885+00:00] main.INFO: Add of item with id Magento_Sales::sales_invoice was processed [] []
[2025-02-05T20:24:44.239970+00:00] main.INFO: Add of item with id Magento_Sales::sales_shipment was processed [] []
[2025-02-05T20:24:44.240051+00:00] main.INFO: Add of item with id Magento_Sales::sales_creditmemo was processed [] []
[2025-02-05T20:24:44.240132+00:00] main.INFO: Add of item with id Magento_Sales::sales_transactions was processed [] []
[2025-02-05T20:24:44.240213+00:00] main.INFO: Add of item with id Magento_Sales::system_order_statuses was processed [] []
[2025-02-05T20:24:44.240295+00:00] main.INFO: Add of item with id Magento_MediaGalleryUi::media was processed [] []
[2025-02-05T20:24:44.240384+00:00] main.INFO: Add of item with id Magento_MediaGalleryUi::media_gallery was processed [] []
[2025-02-05T20:24:44.240476+00:00] main.INFO: Add of item with id Magento_Downloadable::report_products_downloads was processed [] []
[2025-02-05T20:24:44.240558+00:00] main.INFO: Add of item with id Magento_Integration::system_extensions was processed [] []
[2025-02-05T20:24:44.240648+00:00] main.INFO: Add of item with id Magento_Integration::system_integrations was processed [] []
[2025-02-05T20:24:44.240730+00:00] main.INFO: Add of item with id Magento_UrlRewrite::urlrewrite was processed [] []
[2025-02-05T20:24:44.240816+00:00] main.INFO: Add of item with id Magento_Tax::sales_tax was processed [] []
[2025-02-05T20:24:44.240914+00:00] main.INFO: Add of item with id Magento_Tax::sales_tax_rules was processed [] []
[2025-02-05T20:24:44.240996+00:00] main.INFO: Add of item with id Magento_Tax::sales_tax_rates was processed [] []
[2025-02-05T20:24:44.241077+00:00] main.INFO: Add of item with id Magento_Widget::cms_widget_instance was processed [] []
[2025-02-05T20:24:44.241167+00:00] main.INFO: Add of item with id Magento_Analytics::business_intelligence was processed [] []
[2025-02-05T20:24:44.241258+00:00] main.INFO: Add of item with id Magento_Analytics::advanced_reporting was processed [] []
[2025-02-05T20:24:44.241339+00:00] main.INFO: Add of item with id Magento_Analytics::bi_essentials was processed [] []
[2025-02-05T20:24:44.241429+00:00] main.INFO: Add of item with id Magento_ImportExport::system_convert_import was processed [] []
[2025-02-05T20:24:44.241511+00:00] main.INFO: Add of item with id Magento_ImportExport::system_convert_export was processed [] []
[2025-02-05T20:24:44.241592+00:00] main.INFO: Add of item with id Magento_ImportExport::system_convert_history was processed [] []
[2025-02-05T20:24:44.241682+00:00] main.INFO: Add of item with id Magento_Email::template was processed [] []
[2025-02-05T20:24:44.241769+00:00] main.INFO: Add of item with id Magento_EncryptionKey::system_crypt_key was processed [] []
[2025-02-05T20:24:44.241859+00:00] main.INFO: Add of item with id Magento_InventoryAdminUi::inventory was processed [] []
[2025-02-05T20:24:44.241955+00:00] main.INFO: Add of item with id Magento_InventoryAdminUi::source was processed [] []
[2025-02-05T20:24:44.242037+00:00] main.INFO: Add of item with id Magento_InventoryAdminUi::stock was processed [] []
[2025-02-05T20:24:44.242119+00:00] main.INFO: Add of item with id Magento_Reports::report was processed [] []
[2025-02-05T20:24:44.242200+00:00] main.INFO: Add of item with id Magento_Reports::report_marketing was processed [] []
[2025-02-05T20:24:44.242282+00:00] main.INFO: Add of item with id Magento_Reports::report_salesroot was processed [] []
[2025-02-05T20:24:44.242372+00:00] main.INFO: Add of item with id Magento_Reports::report_salesroot_sales was processed [] []
[2025-02-05T20:24:44.242456+00:00] main.INFO: Add of item with id Magento_Reports::report_salesroot_tax was processed [] []
[2025-02-05T20:24:44.242541+00:00] main.INFO: Add of item with id Magento_Reports::report_salesroot_invoiced was processed [] []
[2025-02-05T20:24:44.242638+00:00] main.INFO: Add of item with id Magento_Reports::report_salesroot_shipping was processed [] []
[2025-02-05T20:24:44.242726+00:00] main.INFO: Add of item with id Magento_Reports::report_salesroot_refunded was processed [] []
[2025-02-05T20:24:44.242816+00:00] main.INFO: Add of item with id Magento_Reports::report_salesroot_coupons was processed [] []
[2025-02-05T20:24:44.242912+00:00] main.INFO: Add of item with id Magento_Reports::report_shopcart_product was processed [] []
[2025-02-05T20:24:44.242999+00:00] main.INFO: Add of item with id Magento_Reports::report_shopcart_abandoned was processed [] []
[2025-02-05T20:24:44.243085+00:00] main.INFO: Add of item with id Magento_Reports::report_products was processed [] []
[2025-02-05T20:24:44.243171+00:00] main.INFO: Add of item with id Magento_Reports::report_products_bestsellers was processed [] []
[2025-02-05T20:24:44.243258+00:00] main.INFO: Add of item with id Magento_Reports::report_products_sold was processed [] []
[2025-02-05T20:24:44.243352+00:00] main.INFO: Add of item with id Magento_Reports::report_products_viewed was processed [] []
[2025-02-05T20:24:44.243439+00:00] main.INFO: Add of item with id Magento_Reports::report_products_lowstock was processed [] []
[2025-02-05T20:24:44.243526+00:00] main.INFO: Add of item with id Magento_Reports::report_customers was processed [] []
[2025-02-05T20:24:44.243626+00:00] main.INFO: Add of item with id Magento_Reports::report_customers_accounts was processed [] []
[2025-02-05T20:24:44.243713+00:00] main.INFO: Add of item with id Magento_Reports::report_customers_totals was processed [] []
[2025-02-05T20:24:44.243804+00:00] main.INFO: Add of item with id Magento_Reports::report_customers_orders was processed [] []
[2025-02-05T20:24:44.243891+00:00] main.INFO: Add of item with id Magento_Reports::report_statistics was processed [] []
[2025-02-05T20:24:44.243988+00:00] main.INFO: Add of item with id Magento_Reports::report_statistics_refresh was processed [] []
[2025-02-05T20:24:44.244077+00:00] main.INFO: Add of item with id Magento_Search::report_search_term was processed [] []
[2025-02-05T20:24:44.244164+00:00] main.INFO: Add of item with id Magento_LoginAsCustomerLog::login_log was processed [] []
[2025-02-05T20:24:44.244252+00:00] main.INFO: Add of item with id Magento_Marketplace::partners was processed [] []
[2025-02-05T20:24:44.244340+00:00] main.INFO: Add of item with id Magento_Newsletter::newsletter_template was processed [] []
[2025-02-05T20:24:44.244427+00:00] main.INFO: Add of item with id Magento_Newsletter::newsletter_queue was processed [] []
[2025-02-05T20:24:44.244514+00:00] main.INFO: Add of item with id Magento_Newsletter::newsletter_subscriber was processed [] []
[2025-02-05T20:24:44.244601+00:00] main.INFO: Add of item with id Magento_Newsletter::newsletter_problem was processed [] []
[2025-02-05T20:24:44.244687+00:00] main.INFO: Add of item with id Magento_SalesRule::promo_quote was processed [] []
[2025-02-05T20:24:44.244769+00:00] main.INFO: Add of item with id Magento_Sitemap::catalog_sitemap was processed [] []
[2025-02-05T20:24:44.244861+00:00] main.INFO: Add of item with id Magento_PageBuilder::templates was processed [] []
[2025-02-05T20:24:44.244943+00:00] main.INFO: Add of item with id Magento_Paypal::report_salesroot_paypal_settlement_reports was processed [] []
[2025-02-05T20:24:44.245024+00:00] main.INFO: Add of item with id Magento_Paypal::paypal_billing_agreement was processed [] []
[2025-02-05T20:24:44.245105+00:00] main.INFO: Add of item with id Magento_Review::catalog_reviews_ratings_ratings was processed [] []
[2025-02-05T20:24:44.245195+00:00] main.INFO: Add of item with id Magento_Review::catalog_reviews_ratings_pending was processed [] []
[2025-02-05T20:24:44.245278+00:00] main.INFO: Add of item with id Magento_Review::catalog_reviews_ratings_reviews_all was processed [] []
[2025-02-05T20:24:44.245361+00:00] main.INFO: Add of item with id Magento_Review::report_review was processed [] []
[2025-02-05T20:24:44.245451+00:00] main.INFO: Add of item with id Magento_Review::report_review_customer was processed [] []
[2025-02-05T20:24:44.245534+00:00] main.INFO: Add of item with id Magento_Review::report_review_product was processed [] []
[2025-02-05T20:24:44.245615+00:00] main.INFO: Add of item with id Magento_CheckoutAgreements::sales_checkoutagreement was processed [] []
[2025-02-05T20:24:44.245695+00:00] main.INFO: Add of item with id Magento_TaxImportExport::system_convert_tax was processed [] []
[2025-02-05T20:24:44.245782+00:00] main.INFO: Add of item with id Magento_AsynchronousOperations::system_magento_logging was processed [] []
[2025-02-05T20:24:44.245897+00:00] main.INFO: Add of item with id Magento_AsynchronousOperations::system_magento_logging_bulk_operations was processed [] []
[2025-02-05T20:24:44.245982+00:00] main.INFO: Add of item with id Magento_CurrencySymbol::system_currency was processed [] []
[2025-02-05T20:24:44.246072+00:00] main.INFO: Add of item with id Magento_CurrencySymbol::system_currency_rates was processed [] []
[2025-02-05T20:24:44.246175+00:00] main.INFO: Add of item with id Magento_CurrencySymbol::system_currency_symbols was processed [] []
[2025-02-05T20:24:44.246257+00:00] main.INFO: Add of item with id PayPal_Braintree::settlement_report was processed [] []
[2025-02-05T20:24:44.246338+00:00] main.INFO: Add of item with id PayPal_Braintree::virtual_terminal was processed [] []
[2025-02-05T20:25:03.805907+00:00] main.INFO: Broken reference: the 'notification.messages' tries to reorder itself towards 'user', but their parents are different: 'header.inner.right' and 'header' respectively. [] []
[2025-02-05T20:25:04.001292+00:00] main.INFO: Item Magento_Backend::system_currency was removed [] []
[2025-02-05T20:25:04.005868+00:00] main.INFO: Add of item with id Magento_Config::system_config was processed [] []
[2025-02-05T20:25:04.006004+00:00] main.INFO: Add of item with id Magento_AdminNotification::system_adminnotification was processed [] []
[2025-02-05T20:25:04.006104+00:00] main.INFO: Add of item with id Magento_Theme::design_config was processed [] []
[2025-02-05T20:25:04.006192+00:00] main.INFO: Add of item with id Magento_Theme::system_design_theme was processed [] []
[2025-02-05T20:25:04.006278+00:00] main.INFO: Add of item with id Magento_Backend::system_design_schedule was processed [] []
[2025-02-05T20:25:04.006364+00:00] main.INFO: Add of item with id Magento_Backend::system_store was processed [] []
[2025-02-05T20:25:04.006452+00:00] main.INFO: Add of item with id Magento_Backend::dashboard was processed [] []
[2025-02-05T20:25:04.006540+00:00] main.INFO: Add of item with id Magento_Backend::system was processed [] []
[2025-02-05T20:25:04.006633+00:00] main.INFO: Add of item with id Magento_Backend::system_tools was processed [] []
[2025-02-05T20:25:04.006728+00:00] main.INFO: Add of item with id Magento_Backend::system_design was processed [] []
[2025-02-05T20:25:04.006817+00:00] main.INFO: Add of item with id Magento_Backend::system_convert was processed [] []
[2025-02-05T20:25:04.006938+00:00] main.INFO: Add of item with id Magento_Backend::system_cache was processed [] []
[2025-02-05T20:25:04.007031+00:00] main.INFO: Add of item with id Magento_Backend::marketing was processed [] []
[2025-02-05T20:25:04.007124+00:00] main.INFO: Add of item with id Magento_Backend::marketing_communications was processed [] []
[2025-02-05T20:25:04.007209+00:00] main.INFO: Add of item with id Magento_Backend::marketing_seo was processed [] []
[2025-02-05T20:25:04.007294+00:00] main.INFO: Add of item with id Magento_Backend::marketing_user_content was processed [] []
[2025-02-05T20:25:04.007378+00:00] main.INFO: Add of item with id Magento_Backend::content was processed [] []
[2025-02-05T20:25:04.007462+00:00] main.INFO: Add of item with id Magento_Backend::content_elements was processed [] []
[2025-02-05T20:25:04.007545+00:00] main.INFO: Add of item with id Magento_Backend::stores was processed [] []
[2025-02-05T20:25:04.007648+00:00] main.INFO: Add of item with id Magento_Backend::stores_settings was processed [] []
[2025-02-05T20:25:04.007733+00:00] main.INFO: Add of item with id Magento_Backend::stores_attributes was processed [] []
[2025-02-05T20:25:04.007823+00:00] main.INFO: Add of item with id Magento_Backend::other_settings was processed [] []
[2025-02-05T20:25:04.007912+00:00] main.INFO: Add of item with id Magento_Backend::system_other_settings was processed [] []
[2025-02-05T20:25:04.007995+00:00] main.INFO: Add of item with id Magento_User::system_acl was processed [] []
[2025-02-05T20:25:04.008088+00:00] main.INFO: Add of item with id Magento_User::system_acl_users was processed [] []
[2025-02-05T20:25:04.008174+00:00] main.INFO: Add of item with id Magento_User::system_acl_roles was processed [] []
[2025-02-05T20:25:04.008257+00:00] main.INFO: Add of item with id Magento_User::system_acl_locks was processed [] []
[2025-02-05T20:25:04.008341+00:00] main.INFO: Add of item with id Magento_Customer::customer was processed [] []
[2025-02-05T20:25:04.008433+00:00] main.INFO: Add of item with id Magento_Customer::customer_manage was processed [] []
[2025-02-05T20:25:04.008519+00:00] main.INFO: Add of item with id Magento_Customer::customer_online was processed [] []
[2025-02-05T20:25:04.008602+00:00] main.INFO: Add of item with id Magento_Customer::customer_group was processed [] []
[2025-02-05T20:25:04.008686+00:00] main.INFO: Add of item with id Magento_Backup::system_tools_backup was processed [] []
[2025-02-05T20:25:04.008770+00:00] main.INFO: Add of item with id Magento_Indexer::system_index was processed [] []
[2025-02-05T20:25:04.008862+00:00] main.INFO: Add of item with id Magento_Variable::system_variable was processed [] []
[2025-02-05T20:25:04.008958+00:00] main.INFO: Add of item with id Magento_Cms::cms_page was processed [] []
[2025-02-05T20:25:04.009043+00:00] main.INFO: Add of item with id Magento_Cms::cms_block was processed [] []
[2025-02-05T20:25:04.009126+00:00] main.INFO: Add of item with id Magento_Catalog::catalog was processed [] []
[2025-02-05T20:25:04.009219+00:00] main.INFO: Add of item with id Magento_Catalog::catalog_products was processed [] []
[2025-02-05T20:25:04.009304+00:00] main.INFO: Add of item with id Magento_Catalog::catalog_categories was processed [] []
[2025-02-05T20:25:04.009398+00:00] main.INFO: Add of item with id Magento_Catalog::catalog_attributes_attributes was processed [] []
[2025-02-05T20:25:04.009487+00:00] main.INFO: Add of item with id Magento_Catalog::catalog_attributes_sets was processed [] []
[2025-02-05T20:25:04.009579+00:00] main.INFO: Add of item with id Magento_Catalog::inventory was processed [] []
[2025-02-05T20:25:04.009673+00:00] main.INFO: Add of item with id Magento_Search::search_terms was processed [] []
[2025-02-05T20:25:04.009762+00:00] main.INFO: Add of item with id Magento_Search::search_synonyms was processed [] []
[2025-02-05T20:25:04.009852+00:00] main.INFO: Add of item with id Magento_CatalogRule::promo was processed [] []
[2025-02-05T20:25:04.009948+00:00] main.INFO: Add of item with id Magento_CatalogRule::promo_catalog was processed [] []
[2025-02-05T20:25:04.010037+00:00] main.INFO: Add of item with id Magento_Sales::sales was processed [] []
[2025-02-05T20:25:04.010135+00:00] main.INFO: Add of item with id Magento_Sales::sales_operation was processed [] []
[2025-02-05T20:25:04.010233+00:00] main.INFO: Add of item with id Magento_Sales::sales_order was processed [] []
[2025-02-05T20:25:04.010316+00:00] main.INFO: Add of item with id Magento_Sales::sales_invoice was processed [] []
[2025-02-05T20:25:04.010400+00:00] main.INFO: Add of item with id Magento_Sales::sales_shipment was processed [] []
[2025-02-05T20:25:04.010483+00:00] main.INFO: Add of item with id Magento_Sales::sales_creditmemo was processed [] []
[2025-02-05T20:25:04.010566+00:00] main.INFO: Add of item with id Magento_Sales::sales_transactions was processed [] []
[2025-02-05T20:25:04.010649+00:00] main.INFO: Add of item with id Magento_Sales::system_order_statuses was processed [] []
[2025-02-05T20:25:04.010734+00:00] main.INFO: Add of item with id Magento_MediaGalleryUi::media was processed [] []
[2025-02-05T20:25:04.010829+00:00] main.INFO: Add of item with id Magento_MediaGalleryUi::media_gallery was processed [] []
[2025-02-05T20:25:04.010929+00:00] main.INFO: Add of item with id Magento_Downloadable::report_products_downloads was processed [] []
[2025-02-05T20:25:04.011014+00:00] main.INFO: Add of item with id Magento_Integration::system_extensions was processed [] []
[2025-02-05T20:25:04.011110+00:00] main.INFO: Add of item with id Magento_Integration::system_integrations was processed [] []
[2025-02-05T20:25:04.011205+00:00] main.INFO: Add of item with id Magento_UrlRewrite::urlrewrite was processed [] []
[2025-02-05T20:25:04.011298+00:00] main.INFO: Add of item with id Magento_Tax::sales_tax was processed [] []
[2025-02-05T20:25:04.011392+00:00] main.INFO: Add of item with id Magento_Tax::sales_tax_rules was processed [] []
[2025-02-05T20:25:04.011477+00:00] main.INFO: Add of item with id Magento_Tax::sales_tax_rates was processed [] []
[2025-02-05T20:25:04.011560+00:00] main.INFO: Add of item with id Magento_Widget::cms_widget_instance was processed [] []
[2025-02-05T20:25:04.011653+00:00] main.INFO: Add of item with id Magento_Analytics::business_intelligence was processed [] []
[2025-02-05T20:25:04.011746+00:00] main.INFO: Add of item with id Magento_Analytics::advanced_reporting was processed [] []
[2025-02-05T20:25:04.011835+00:00] main.INFO: Add of item with id Magento_Analytics::bi_essentials was processed [] []
[2025-02-05T20:25:04.011931+00:00] main.INFO: Add of item with id Magento_ImportExport::system_convert_import was processed [] []
[2025-02-05T20:25:04.012016+00:00] main.INFO: Add of item with id Magento_ImportExport::system_convert_export was processed [] []
[2025-02-05T20:25:04.012099+00:00] main.INFO: Add of item with id Magento_ImportExport::system_convert_history was processed [] []
[2025-02-05T20:25:04.012202+00:00] main.INFO: Add of item with id Magento_Email::template was processed [] []
[2025-02-05T20:25:04.012295+00:00] main.INFO: Add of item with id Magento_EncryptionKey::system_crypt_key was processed [] []
[2025-02-05T20:25:04.012378+00:00] main.INFO: Add of item with id Magento_InventoryAdminUi::inventory was processed [] []
[2025-02-05T20:25:04.012470+00:00] main.INFO: Add of item with id Magento_InventoryAdminUi::source was processed [] []
[2025-02-05T20:25:04.012555+00:00] main.INFO: Add of item with id Magento_InventoryAdminUi::stock was processed [] []
[2025-02-05T20:25:04.012638+00:00] main.INFO: Add of item with id Magento_Reports::report was processed [] []
[2025-02-05T20:25:04.012721+00:00] main.INFO: Add of item with id Magento_Reports::report_marketing was processed [] []
[2025-02-05T20:25:04.012808+00:00] main.INFO: Add of item with id Magento_Reports::report_salesroot was processed [] []
[2025-02-05T20:25:04.012904+00:00] main.INFO: Add of item with id Magento_Reports::report_salesroot_sales was processed [] []
[2025-02-05T20:25:04.012991+00:00] main.INFO: Add of item with id Magento_Reports::report_salesroot_tax was processed [] []
[2025-02-05T20:25:04.013074+00:00] main.INFO: Add of item with id Magento_Reports::report_salesroot_invoiced was processed [] []
[2025-02-05T20:25:04.013157+00:00] main.INFO: Add of item with id Magento_Reports::report_salesroot_shipping was processed [] []
[2025-02-05T20:25:04.013241+00:00] main.INFO: Add of item with id Magento_Reports::report_salesroot_refunded was processed [] []
[2025-02-05T20:25:04.013325+00:00] main.INFO: Add of item with id Magento_Reports::report_salesroot_coupons was processed [] []
[2025-02-05T20:25:04.013418+00:00] main.INFO: Add of item with id Magento_Reports::report_shopcart_product was processed [] []
[2025-02-05T20:25:04.013503+00:00] main.INFO: Add of item with id Magento_Reports::report_shopcart_abandoned was processed [] []
[2025-02-05T20:25:04.013586+00:00] main.INFO: Add of item with id Magento_Reports::report_products was processed [] []
[2025-02-05T20:25:04.013671+00:00] main.INFO: Add of item with id Magento_Reports::report_products_bestsellers was processed [] []
[2025-02-05T20:25:04.013755+00:00] main.INFO: Add of item with id Magento_Reports::report_products_sold was processed [] []
[2025-02-05T20:25:04.013845+00:00] main.INFO: Add of item with id Magento_Reports::report_products_viewed was processed [] []
[2025-02-05T20:25:04.013932+00:00] main.INFO: Add of item with id Magento_Reports::report_products_lowstock was processed [] []
[2025-02-05T20:25:04.014017+00:00] main.INFO: Add of item with id Magento_Reports::report_customers was processed [] []
[2025-02-05T20:25:04.014110+00:00] main.INFO: Add of item with id Magento_Reports::report_customers_accounts was processed [] []
[2025-02-05T20:25:04.014196+00:00] main.INFO: Add of item with id Magento_Reports::report_customers_totals was processed [] []
[2025-02-05T20:25:04.014279+00:00] main.INFO: Add of item with id Magento_Reports::report_customers_orders was processed [] []
[2025-02-05T20:25:04.014367+00:00] main.INFO: Add of item with id Magento_Reports::report_statistics was processed [] []
[2025-02-05T20:25:04.014470+00:00] main.INFO: Add of item with id Magento_Reports::report_statistics_refresh was processed [] []
[2025-02-05T20:25:04.014564+00:00] main.INFO: Add of item with id Magento_Search::report_search_term was processed [] []
[2025-02-05T20:25:04.014652+00:00] main.INFO: Add of item with id Magento_LoginAsCustomerLog::login_log was processed [] []
[2025-02-05T20:25:04.014740+00:00] main.INFO: Add of item with id Magento_Marketplace::partners was processed [] []
[2025-02-05T20:25:04.014831+00:00] main.INFO: Add of item with id Magento_Newsletter::newsletter_template was processed [] []
[2025-02-05T20:25:04.014920+00:00] main.INFO: Add of item with id Magento_Newsletter::newsletter_queue was processed [] []
[2025-02-05T20:25:04.015006+00:00] main.INFO: Add of item with id Magento_Newsletter::newsletter_subscriber was processed [] []
[2025-02-05T20:25:04.015089+00:00] main.INFO: Add of item with id Magento_Newsletter::newsletter_problem was processed [] []
[2025-02-05T20:25:04.015172+00:00] main.INFO: Add of item with id Magento_SalesRule::promo_quote was processed [] []
[2025-02-05T20:25:04.015257+00:00] main.INFO: Add of item with id Magento_Sitemap::catalog_sitemap was processed [] []
[2025-02-05T20:25:04.015341+00:00] main.INFO: Add of item with id Magento_PageBuilder::templates was processed [] []
[2025-02-05T20:25:04.015426+00:00] main.INFO: Add of item with id Magento_Paypal::report_salesroot_paypal_settlement_reports was processed [] []
[2025-02-05T20:25:04.015511+00:00] main.INFO: Add of item with id Magento_Paypal::paypal_billing_agreement was processed [] []
[2025-02-05T20:25:04.015596+00:00] main.INFO: Add of item with id Magento_Review::catalog_reviews_ratings_ratings was processed [] []
[2025-02-05T20:25:04.015690+00:00] main.INFO: Add of item with id Magento_Review::catalog_reviews_ratings_pending was processed [] []
[2025-02-05T20:25:04.015777+00:00] main.INFO: Add of item with id Magento_Review::catalog_reviews_ratings_reviews_all was processed [] []
[2025-02-05T20:25:04.015870+00:00] main.INFO: Add of item with id Magento_Review::report_review was processed [] []
[2025-02-05T20:25:04.015967+00:00] main.INFO: Add of item with id Magento_Review::report_review_customer was processed [] []
[2025-02-05T20:25:04.016055+00:00] main.INFO: Add of item with id Magento_Review::report_review_product was processed [] []
[2025-02-05T20:25:04.016140+00:00] main.INFO: Add of item with id Magento_CheckoutAgreements::sales_checkoutagreement was processed [] []
[2025-02-05T20:25:04.016225+00:00] main.INFO: Add of item with id Magento_TaxImportExport::system_convert_tax was processed [] []
[2025-02-05T20:25:04.016315+00:00] main.INFO: Add of item with id Magento_AsynchronousOperations::system_magento_logging was processed [] []
[2025-02-05T20:25:04.016417+00:00] main.INFO: Add of item with id Magento_AsynchronousOperations::system_magento_logging_bulk_operations was processed [] []
[2025-02-05T20:25:04.016512+00:00] main.INFO: Add of item with id Magento_CurrencySymbol::system_currency was processed [] []
[2025-02-05T20:25:04.016611+00:00] main.INFO: Add of item with id Magento_CurrencySymbol::system_currency_rates was processed [] []
[2025-02-05T20:25:04.016701+00:00] main.INFO: Add of item with id Magento_CurrencySymbol::system_currency_symbols was processed [] []
[2025-02-05T20:25:04.016791+00:00] main.INFO: Add of item with id PayPal_Braintree::settlement_report was processed [] []
[2025-02-05T20:25:04.016881+00:00] main.INFO: Add of item with id PayPal_Braintree::virtual_terminal was processed [] []
[2025-02-05T20:25:26.945296+00:00] main.INFO: Broken reference: the 'notification.messages' tries to reorder itself towards 'user', but their parents are different: 'header.inner.right' and 'header' respectively. [] []
[2025-02-05T20:25:27.145897+00:00] main.INFO: Item Magento_Backend::system_currency was removed [] []
[2025-02-05T20:25:27.150808+00:00] main.INFO: Add of item with id Magento_Config::system_config was processed [] []
[2025-02-05T20:25:27.151006+00:00] main.INFO: Add of item with id Magento_AdminNotification::system_adminnotification was processed [] []
[2025-02-05T20:25:27.151121+00:00] main.INFO: Add of item with id Magento_Theme::design_config was processed [] []
[2025-02-05T20:25:27.151224+00:00] main.INFO: Add of item with id Magento_Theme::system_design_theme was processed [] []
[2025-02-05T20:25:27.151319+00:00] main.INFO: Add of item with id Magento_Backend::system_design_schedule was processed [] []
[2025-02-05T20:25:27.151416+00:00] main.INFO: Add of item with id Magento_Backend::system_store was processed [] []
[2025-02-05T20:25:27.151515+00:00] main.INFO: Add of item with id Magento_Backend::dashboard was processed [] []
[2025-02-05T20:25:27.151610+00:00] main.INFO: Add of item with id Magento_Backend::system was processed [] []
[2025-02-05T20:25:27.151714+00:00] main.INFO: Add of item with id Magento_Backend::system_tools was processed [] []
[2025-02-05T20:25:27.151821+00:00] main.INFO: Add of item with id Magento_Backend::system_design was processed [] []
[2025-02-05T20:25:27.151912+00:00] main.INFO: Add of item with id Magento_Backend::system_convert was processed [] []
[2025-02-05T20:25:27.152011+00:00] main.INFO: Add of item with id Magento_Backend::system_cache was processed [] []
[2025-02-05T20:25:27.152100+00:00] main.INFO: Add of item with id Magento_Backend::marketing was processed [] []
[2025-02-05T20:25:27.152198+00:00] main.INFO: Add of item with id Magento_Backend::marketing_communications was processed [] []
[2025-02-05T20:25:27.152288+00:00] main.INFO: Add of item with id Magento_Backend::marketing_seo was processed [] []
[2025-02-05T20:25:27.152375+00:00] main.INFO: Add of item with id Magento_Backend::marketing_user_content was processed [] []
[2025-02-05T20:25:27.152462+00:00] main.INFO: Add of item with id Magento_Backend::content was processed [] []
[2025-02-05T20:25:27.152549+00:00] main.INFO: Add of item with id Magento_Backend::content_elements was processed [] []
[2025-02-05T20:25:27.152636+00:00] main.INFO: Add of item with id Magento_Backend::stores was processed [] []
[2025-02-05T20:25:27.152733+00:00] main.INFO: Add of item with id Magento_Backend::stores_settings was processed [] []
[2025-02-05T20:25:27.152827+00:00] main.INFO: Add of item with id Magento_Backend::stores_attributes was processed [] []
[2025-02-05T20:25:27.152920+00:00] main.INFO: Add of item with id Magento_Backend::other_settings was processed [] []
[2025-02-05T20:25:27.153008+00:00] main.INFO: Add of item with id Magento_Backend::system_other_settings was processed [] []
[2025-02-05T20:25:27.153095+00:00] main.INFO: Add of item with id Magento_User::system_acl was processed [] []
[2025-02-05T20:25:27.153192+00:00] main.INFO: Add of item with id Magento_User::system_acl_users was processed [] []
[2025-02-05T20:25:27.153280+00:00] main.INFO: Add of item with id Magento_User::system_acl_roles was processed [] []
[2025-02-05T20:25:27.153368+00:00] main.INFO: Add of item with id Magento_User::system_acl_locks was processed [] []
[2025-02-05T20:25:27.153465+00:00] main.INFO: Add of item with id Magento_Customer::customer was processed [] []
[2025-02-05T20:25:27.153562+00:00] main.INFO: Add of item with id Magento_Customer::customer_manage was processed [] []
[2025-02-05T20:25:27.153655+00:00] main.INFO: Add of item with id Magento_Customer::customer_online was processed [] []
[2025-02-05T20:25:27.153742+00:00] main.INFO: Add of item with id Magento_Customer::customer_group was processed [] []
[2025-02-05T20:25:27.153833+00:00] main.INFO: Add of item with id Magento_Backup::system_tools_backup was processed [] []
[2025-02-05T20:25:27.153920+00:00] main.INFO: Add of item with id Magento_Indexer::system_index was processed [] []
[2025-02-05T20:25:27.154006+00:00] main.INFO: Add of item with id Magento_Variable::system_variable was processed [] []
[2025-02-05T20:25:27.154272+00:00] main.INFO: Add of item with id Magento_Cms::cms_page was processed [] []
[2025-02-05T20:25:27.154362+00:00] main.INFO: Add of item with id Magento_Cms::cms_block was processed [] []
[2025-02-05T20:25:27.154449+00:00] main.INFO: Add of item with id Magento_Catalog::catalog was processed [] []
[2025-02-05T20:25:27.154545+00:00] main.INFO: Add of item with id Magento_Catalog::catalog_products was processed [] []
[2025-02-05T20:25:27.154633+00:00] main.INFO: Add of item with id Magento_Catalog::catalog_categories was processed [] []
[2025-02-05T20:25:27.154730+00:00] main.INFO: Add of item with id Magento_Catalog::catalog_attributes_attributes was processed [] []
[2025-02-05T20:25:27.154822+00:00] main.INFO: Add of item with id Magento_Catalog::catalog_attributes_sets was processed [] []
[2025-02-05T20:25:27.154925+00:00] main.INFO: Add of item with id Magento_Catalog::inventory was processed [] []
[2025-02-05T20:25:27.155025+00:00] main.INFO: Add of item with id Magento_Search::search_terms was processed [] []
[2025-02-05T20:25:27.155114+00:00] main.INFO: Add of item with id Magento_Search::search_synonyms was processed [] []
[2025-02-05T20:25:27.155201+00:00] main.INFO: Add of item with id Magento_CatalogRule::promo was processed [] []
[2025-02-05T20:25:27.155297+00:00] main.INFO: Add of item with id Magento_CatalogRule::promo_catalog was processed [] []
[2025-02-05T20:25:27.155384+00:00] main.INFO: Add of item with id Magento_Sales::sales was processed [] []
[2025-02-05T20:25:27.155480+00:00] main.INFO: Add of item with id Magento_Sales::sales_operation was processed [] []
[2025-02-05T20:25:27.155577+00:00] main.INFO: Add of item with id Magento_Sales::sales_order was processed [] []
[2025-02-05T20:25:27.155665+00:00] main.INFO: Add of item with id Magento_Sales::sales_invoice was processed [] []
[2025-02-05T20:25:27.155751+00:00] main.INFO: Add of item with id Magento_Sales::sales_shipment was processed [] []
[2025-02-05T20:25:27.155841+00:00] main.INFO: Add of item with id Magento_Sales::sales_creditmemo was processed [] []
[2025-02-05T20:25:27.155928+00:00] main.INFO: Add of item with id Magento_Sales::sales_transactions was processed [] []
[2025-02-05T20:25:27.156015+00:00] main.INFO: Add of item with id Magento_Sales::system_order_statuses was processed [] []
[2025-02-05T20:25:27.156101+00:00] main.INFO: Add of item with id Magento_MediaGalleryUi::media was processed [] []
[2025-02-05T20:25:27.156197+00:00] main.INFO: Add of item with id Magento_MediaGalleryUi::media_gallery was processed [] []
[2025-02-05T20:25:27.156293+00:00] main.INFO: Add of item with id Magento_Downloadable::report_products_downloads was processed [] []
[2025-02-05T20:25:27.156381+00:00] main.INFO: Add of item with id Magento_Integration::system_extensions was processed [] []
[2025-02-05T20:25:27.156477+00:00] main.INFO: Add of item with id Magento_Integration::system_integrations was processed [] []
[2025-02-05T20:25:27.156566+00:00] main.INFO: Add of item with id Magento_UrlRewrite::urlrewrite was processed [] []
[2025-02-05T20:25:27.156652+00:00] main.INFO: Add of item with id Magento_Tax::sales_tax was processed [] []
[2025-02-05T20:25:27.156750+00:00] main.INFO: Add of item with id Magento_Tax::sales_tax_rules was processed [] []
[2025-02-05T20:25:27.156843+00:00] main.INFO: Add of item with id Magento_Tax::sales_tax_rates was processed [] []
[2025-02-05T20:25:27.156930+00:00] main.INFO: Add of item with id Magento_Widget::cms_widget_instance was processed [] []
[2025-02-05T20:25:27.157028+00:00] main.INFO: Add of item with id Magento_Analytics::business_intelligence was processed [] []
[2025-02-05T20:25:27.157125+00:00] main.INFO: Add of item with id Magento_Analytics::advanced_reporting was processed [] []
[2025-02-05T20:25:27.157213+00:00] main.INFO: Add of item with id Magento_Analytics::bi_essentials was processed [] []
[2025-02-05T20:25:27.157309+00:00] main.INFO: Add of item with id Magento_ImportExport::system_convert_import was processed [] []
[2025-02-05T20:25:27.157397+00:00] main.INFO: Add of item with id Magento_ImportExport::system_convert_export was processed [] []
[2025-02-05T20:25:27.157483+00:00] main.INFO: Add of item with id Magento_ImportExport::system_convert_history was processed [] []
[2025-02-05T20:25:27.157581+00:00] main.INFO: Add of item with id Magento_Email::template was processed [] []
[2025-02-05T20:25:27.157676+00:00] main.INFO: Add of item with id Magento_EncryptionKey::system_crypt_key was processed [] []
[2025-02-05T20:25:27.157769+00:00] main.INFO: Add of item with id Magento_InventoryAdminUi::inventory was processed [] []
[2025-02-05T20:25:27.157880+00:00] main.INFO: Add of item with id Magento_InventoryAdminUi::source was processed [] []
[2025-02-05T20:25:27.157968+00:00] main.INFO: Add of item with id Magento_InventoryAdminUi::stock was processed [] []
[2025-02-05T20:25:27.158055+00:00] main.INFO: Add of item with id Magento_Reports::report was processed [] []
[2025-02-05T20:25:27.158142+00:00] main.INFO: Add of item with id Magento_Reports::report_marketing was processed [] []
[2025-02-05T20:25:27.158229+00:00] main.INFO: Add of item with id Magento_Reports::report_salesroot was processed [] []
[2025-02-05T20:25:27.158325+00:00] main.INFO: Add of item with id Magento_Reports::report_salesroot_sales was processed [] []
[2025-02-05T20:25:27.158413+00:00] main.INFO: Add of item with id Magento_Reports::report_salesroot_tax was processed [] []
[2025-02-05T20:25:27.158500+00:00] main.INFO: Add of item with id Magento_Reports::report_salesroot_invoiced was processed [] []
[2025-02-05T20:25:27.158586+00:00] main.INFO: Add of item with id Magento_Reports::report_salesroot_shipping was processed [] []
[2025-02-05T20:25:27.158673+00:00] main.INFO: Add of item with id Magento_Reports::report_salesroot_refunded was processed [] []
[2025-02-05T20:25:27.158759+00:00] main.INFO: Add of item with id Magento_Reports::report_salesroot_coupons was processed [] []
[2025-02-05T20:25:27.158862+00:00] main.INFO: Add of item with id Magento_Reports::report_shopcart_product was processed [] []
[2025-02-05T20:25:27.158957+00:00] main.INFO: Add of item with id Magento_Reports::report_shopcart_abandoned was processed [] []
[2025-02-05T20:25:27.159044+00:00] main.INFO: Add of item with id Magento_Reports::report_products was processed [] []
[2025-02-05T20:25:27.159130+00:00] main.INFO: Add of item with id Magento_Reports::report_products_bestsellers was processed [] []
[2025-02-05T20:25:27.159217+00:00] main.INFO: Add of item with id Magento_Reports::report_products_sold was processed [] []
[2025-02-05T20:25:27.159303+00:00] main.INFO: Add of item with id Magento_Reports::report_products_viewed was processed [] []
[2025-02-05T20:25:27.159390+00:00] main.INFO: Add of item with id Magento_Reports::report_products_lowstock was processed [] []
[2025-02-05T20:25:27.159475+00:00] main.INFO: Add of item with id Magento_Reports::report_customers was processed [] []
[2025-02-05T20:25:27.159571+00:00] main.INFO: Add of item with id Magento_Reports::report_customers_accounts was processed [] []
[2025-02-05T20:25:27.159660+00:00] main.INFO: Add of item with id Magento_Reports::report_customers_totals was processed [] []
[2025-02-05T20:25:27.159747+00:00] main.INFO: Add of item with id Magento_Reports::report_customers_orders was processed [] []
[2025-02-05T20:25:27.159838+00:00] main.INFO: Add of item with id Magento_Reports::report_statistics was processed [] []
[2025-02-05T20:25:27.159933+00:00] main.INFO: Add of item with id Magento_Reports::report_statistics_refresh was processed [] []
[2025-02-05T20:25:27.160023+00:00] main.INFO: Add of item with id Magento_Search::report_search_term was processed [] []
[2025-02-05T20:25:27.160112+00:00] main.INFO: Add of item with id Magento_LoginAsCustomerLog::login_log was processed [] []
[2025-02-05T20:25:27.160199+00:00] main.INFO: Add of item with id Magento_Marketplace::partners was processed [] []
[2025-02-05T20:25:27.160287+00:00] main.INFO: Add of item with id Magento_Newsletter::newsletter_template was processed [] []
[2025-02-05T20:25:27.160374+00:00] main.INFO: Add of item with id Magento_Newsletter::newsletter_queue was processed [] []
[2025-02-05T20:25:27.160461+00:00] main.INFO: Add of item with id Magento_Newsletter::newsletter_subscriber was processed [] []
[2025-02-05T20:25:27.160547+00:00] main.INFO: Add of item with id Magento_Newsletter::newsletter_problem was processed [] []
[2025-02-05T20:25:27.160634+00:00] main.INFO: Add of item with id Magento_SalesRule::promo_quote was processed [] []
[2025-02-05T20:25:27.160813+00:00] main.INFO: Add of item with id Magento_Sitemap::catalog_sitemap was processed [] []
[2025-02-05T20:25:27.160984+00:00] main.INFO: Add of item with id Magento_PageBuilder::templates was processed [] []
[2025-02-05T20:25:27.161070+00:00] main.INFO: Add of item with id Magento_Paypal::report_salesroot_paypal_settlement_reports was processed [] []
[2025-02-05T20:25:27.161159+00:00] main.INFO: Add of item with id Magento_Paypal::paypal_billing_agreement was processed [] []
[2025-02-05T20:25:27.161245+00:00] main.INFO: Add of item with id Magento_Review::catalog_reviews_ratings_ratings was processed [] []
[2025-02-05T20:25:27.161342+00:00] main.INFO: Add of item with id Magento_Review::catalog_reviews_ratings_pending was processed [] []
[2025-02-05T20:25:27.161430+00:00] main.INFO: Add of item with id Magento_Review::catalog_reviews_ratings_reviews_all was processed [] []
[2025-02-05T20:25:27.161517+00:00] main.INFO: Add of item with id Magento_Review::report_review was processed [] []
[2025-02-05T20:25:27.161613+00:00] main.INFO: Add of item with id Magento_Review::report_review_customer was processed [] []
[2025-02-05T20:25:27.161702+00:00] main.INFO: Add of item with id Magento_Review::report_review_product was processed [] []
[2025-02-05T20:25:27.161793+00:00] main.INFO: Add of item with id Magento_CheckoutAgreements::sales_checkoutagreement was processed [] []
[2025-02-05T20:25:27.161880+00:00] main.INFO: Add of item with id Magento_TaxImportExport::system_convert_tax was processed [] []
[2025-02-05T20:25:27.161967+00:00] main.INFO: Add of item with id Magento_AsynchronousOperations::system_magento_logging was processed [] []
[2025-02-05T20:25:27.162064+00:00] main.INFO: Add of item with id Magento_AsynchronousOperations::system_magento_logging_bulk_operations was processed [] []
[2025-02-05T20:25:27.162153+00:00] main.INFO: Add of item with id Magento_CurrencySymbol::system_currency was processed [] []
[2025-02-05T20:25:27.162250+00:00] main.INFO: Add of item with id Magento_CurrencySymbol::system_currency_rates was processed [] []
[2025-02-05T20:25:27.162338+00:00] main.INFO: Add of item with id Magento_CurrencySymbol::system_currency_symbols was processed [] []
[2025-02-05T20:25:27.162424+00:00] main.INFO: Add of item with id PayPal_Braintree::settlement_report was processed [] []
[2025-02-05T20:25:27.162511+00:00] main.INFO: Add of item with id PayPal_Braintree::virtual_terminal was processed [] []
[2025-02-05T20:26:17.715230+00:00] main.INFO: Broken reference: the 'notification.messages' tries to reorder itself towards 'user', but their parents are different: 'header.inner.right' and 'header' respectively. [] []
[2025-02-05T20:26:17.912351+00:00] main.INFO: Item Magento_Backend::system_currency was removed [] []
[2025-02-05T20:26:17.917501+00:00] main.INFO: Add of item with id Magento_Config::system_config was processed [] []
[2025-02-05T20:26:17.917690+00:00] main.INFO: Add of item with id Magento_AdminNotification::system_adminnotification was processed [] []
[2025-02-05T20:26:17.917814+00:00] main.INFO: Add of item with id Magento_Theme::design_config was processed [] []
[2025-02-05T20:26:17.917913+00:00] main.INFO: Add of item with id Magento_Theme::system_design_theme was processed [] []
[2025-02-05T20:26:17.918009+00:00] main.INFO: Add of item with id Magento_Backend::system_design_schedule was processed [] []
[2025-02-05T20:26:17.918106+00:00] main.INFO: Add of item with id Magento_Backend::system_store was processed [] []
[2025-02-05T20:26:17.918201+00:00] main.INFO: Add of item with id Magento_Backend::dashboard was processed [] []
[2025-02-05T20:26:17.918295+00:00] main.INFO: Add of item with id Magento_Backend::system was processed [] []
[2025-02-05T20:26:17.918402+00:00] main.INFO: Add of item with id Magento_Backend::system_tools was processed [] []
[2025-02-05T20:26:17.918508+00:00] main.INFO: Add of item with id Magento_Backend::system_design was processed [] []
[2025-02-05T20:26:17.918603+00:00] main.INFO: Add of item with id Magento_Backend::system_convert was processed [] []
[2025-02-05T20:26:17.918707+00:00] main.INFO: Add of item with id Magento_Backend::system_cache was processed [] []
[2025-02-05T20:26:17.918806+00:00] main.INFO: Add of item with id Magento_Backend::marketing was processed [] []
[2025-02-05T20:26:17.918913+00:00] main.INFO: Add of item with id Magento_Backend::marketing_communications was processed [] []
[2025-02-05T20:26:17.919008+00:00] main.INFO: Add of item with id Magento_Backend::marketing_seo was processed [] []
[2025-02-05T20:26:17.919101+00:00] main.INFO: Add of item with id Magento_Backend::marketing_user_content was processed [] []
[2025-02-05T20:26:17.919195+00:00] main.INFO: Add of item with id Magento_Backend::content was processed [] []
[2025-02-05T20:26:17.919289+00:00] main.INFO: Add of item with id Magento_Backend::content_elements was processed [] []
[2025-02-05T20:26:17.919382+00:00] main.INFO: Add of item with id Magento_Backend::stores was processed [] []
[2025-02-05T20:26:17.919487+00:00] main.INFO: Add of item with id Magento_Backend::stores_settings was processed [] []
[2025-02-05T20:26:17.919582+00:00] main.INFO: Add of item with id Magento_Backend::stores_attributes was processed [] []
[2025-02-05T20:26:17.919677+00:00] main.INFO: Add of item with id Magento_Backend::other_settings was processed [] []
[2025-02-05T20:26:17.919772+00:00] main.INFO: Add of item with id Magento_Backend::system_other_settings was processed [] []
[2025-02-05T20:26:17.919872+00:00] main.INFO: Add of item with id Magento_User::system_acl was processed [] []
[2025-02-05T20:26:17.919978+00:00] main.INFO: Add of item with id Magento_User::system_acl_users was processed [] []
[2025-02-05T20:26:17.920074+00:00] main.INFO: Add of item with id Magento_User::system_acl_roles was processed [] []
[2025-02-05T20:26:17.920169+00:00] main.INFO: Add of item with id Magento_User::system_acl_locks was processed [] []
[2025-02-05T20:26:17.920263+00:00] main.INFO: Add of item with id Magento_Customer::customer was processed [] []
[2025-02-05T20:26:17.920369+00:00] main.INFO: Add of item with id Magento_Customer::customer_manage was processed [] []
[2025-02-05T20:26:17.920464+00:00] main.INFO: Add of item with id Magento_Customer::customer_online was processed [] []
[2025-02-05T20:26:17.920558+00:00] main.INFO: Add of item with id Magento_Customer::customer_group was processed [] []
[2025-02-05T20:26:17.920652+00:00] main.INFO: Add of item with id Magento_Backup::system_tools_backup was processed [] []
[2025-02-05T20:26:17.920745+00:00] main.INFO: Add of item with id Magento_Indexer::system_index was processed [] []
[2025-02-05T20:26:17.920844+00:00] main.INFO: Add of item with id Magento_Variable::system_variable was processed [] []
[2025-02-05T20:26:17.920949+00:00] main.INFO: Add of item with id Magento_Cms::cms_page was processed [] []
[2025-02-05T20:26:17.921049+00:00] main.INFO: Add of item with id Magento_Cms::cms_block was processed [] []
[2025-02-05T20:26:17.921143+00:00] main.INFO: Add of item with id Magento_Catalog::catalog was processed [] []
[2025-02-05T20:26:17.921249+00:00] main.INFO: Add of item with id Magento_Catalog::catalog_products was processed [] []
[2025-02-05T20:26:17.921344+00:00] main.INFO: Add of item with id Magento_Catalog::catalog_categories was processed [] []
[2025-02-05T20:26:17.921449+00:00] main.INFO: Add of item with id Magento_Catalog::catalog_attributes_attributes was processed [] []
[2025-02-05T20:26:17.921544+00:00] main.INFO: Add of item with id Magento_Catalog::catalog_attributes_sets was processed [] []
[2025-02-05T20:26:17.921647+00:00] main.INFO: Add of item with id Magento_Catalog::inventory was processed [] []
[2025-02-05T20:26:17.921752+00:00] main.INFO: Add of item with id Magento_Search::search_terms was processed [] []
[2025-02-05T20:26:17.921850+00:00] main.INFO: Add of item with id Magento_Search::search_synonyms was processed [] []
[2025-02-05T20:26:17.921944+00:00] main.INFO: Add of item with id Magento_CatalogRule::promo was processed [] []
[2025-02-05T20:26:17.922049+00:00] main.INFO: Add of item with id Magento_CatalogRule::promo_catalog was processed [] []
[2025-02-05T20:26:17.922143+00:00] main.INFO: Add of item with id Magento_Sales::sales was processed [] []
[2025-02-05T20:26:17.922247+00:00] main.INFO: Add of item with id Magento_Sales::sales_operation was processed [] []
[2025-02-05T20:26:17.922352+00:00] main.INFO: Add of item with id Magento_Sales::sales_order was processed [] []
[2025-02-05T20:26:17.922446+00:00] main.INFO: Add of item with id Magento_Sales::sales_invoice was processed [] []
[2025-02-05T20:26:17.922540+00:00] main.INFO: Add of item with id Magento_Sales::sales_shipment was processed [] []
[2025-02-05T20:26:17.922633+00:00] main.INFO: Add of item with id Magento_Sales::sales_creditmemo was processed [] []
[2025-02-05T20:26:17.922727+00:00] main.INFO: Add of item with id Magento_Sales::sales_transactions was processed [] []
[2025-02-05T20:26:17.922824+00:00] main.INFO: Add of item with id Magento_Sales::system_order_statuses was processed [] []
[2025-02-05T20:26:17.922919+00:00] main.INFO: Add of item with id Magento_MediaGalleryUi::media was processed [] []
[2025-02-05T20:26:17.923023+00:00] main.INFO: Add of item with id Magento_MediaGalleryUi::media_gallery was processed [] []
[2025-02-05T20:26:17.923128+00:00] main.INFO: Add of item with id Magento_Downloadable::report_products_downloads was processed [] []
[2025-02-05T20:26:17.923224+00:00] main.INFO: Add of item with id Magento_Integration::system_extensions was processed [] []
[2025-02-05T20:26:17.923327+00:00] main.INFO: Add of item with id Magento_Integration::system_integrations was processed [] []
[2025-02-05T20:26:17.923421+00:00] main.INFO: Add of item with id Magento_UrlRewrite::urlrewrite was processed [] []
[2025-02-05T20:26:17.923516+00:00] main.INFO: Add of item with id Magento_Tax::sales_tax was processed [] []
[2025-02-05T20:26:17.923620+00:00] main.INFO: Add of item with id Magento_Tax::sales_tax_rules was processed [] []
[2025-02-05T20:26:17.923715+00:00] main.INFO: Add of item with id Magento_Tax::sales_tax_rates was processed [] []
[2025-02-05T20:26:17.923811+00:00] main.INFO: Add of item with id Magento_Widget::cms_widget_instance was processed [] []
[2025-02-05T20:26:17.923915+00:00] main.INFO: Add of item with id Magento_Analytics::business_intelligence was processed [] []
[2025-02-05T20:26:17.924021+00:00] main.INFO: Add of item with id Magento_Analytics::advanced_reporting was processed [] []
[2025-02-05T20:26:17.924116+00:00] main.INFO: Add of item with id Magento_Analytics::bi_essentials was processed [] []
[2025-02-05T20:26:17.924220+00:00] main.INFO: Add of item with id Magento_ImportExport::system_convert_import was processed [] []
[2025-02-05T20:26:17.924365+00:00] main.INFO: Add of item with id Magento_ImportExport::system_convert_export was processed [] []
[2025-02-05T20:26:17.924509+00:00] main.INFO: Add of item with id Magento_ImportExport::system_convert_history was processed [] []
[2025-02-05T20:26:17.924629+00:00] main.INFO: Add of item with id Magento_Email::template was processed [] []
[2025-02-05T20:26:17.924739+00:00] main.INFO: Add of item with id Magento_EncryptionKey::system_crypt_key was processed [] []
[2025-02-05T20:26:17.924862+00:00] main.INFO: Add of item with id Magento_InventoryAdminUi::inventory was processed [] []
[2025-02-05T20:26:17.924994+00:00] main.INFO: Add of item with id Magento_InventoryAdminUi::source was processed [] []
[2025-02-05T20:26:17.925090+00:00] main.INFO: Add of item with id Magento_InventoryAdminUi::stock was processed [] []
[2025-02-05T20:26:17.925185+00:00] main.INFO: Add of item with id Magento_Reports::report was processed [] []
[2025-02-05T20:26:17.925280+00:00] main.INFO: Add of item with id Magento_Reports::report_marketing was processed [] []
[2025-02-05T20:26:17.925374+00:00] main.INFO: Add of item with id Magento_Reports::report_salesroot was processed [] []
[2025-02-05T20:26:17.925478+00:00] main.INFO: Add of item with id Magento_Reports::report_salesroot_sales was processed [] []
[2025-02-05T20:26:17.925574+00:00] main.INFO: Add of item with id Magento_Reports::report_salesroot_tax was processed [] []
[2025-02-05T20:26:17.925668+00:00] main.INFO: Add of item with id Magento_Reports::report_salesroot_invoiced was processed [] []
[2025-02-05T20:26:17.925761+00:00] main.INFO: Add of item with id Magento_Reports::report_salesroot_shipping was processed [] []
[2025-02-05T20:26:17.925861+00:00] main.INFO: Add of item with id Magento_Reports::report_salesroot_refunded was processed [] []
[2025-02-05T20:26:17.925951+00:00] main.INFO: Add of item with id Magento_Reports::report_salesroot_coupons was processed [] []
[2025-02-05T20:26:17.926055+00:00] main.INFO: Add of item with id Magento_Reports::report_shopcart_product was processed [] []
[2025-02-05T20:26:17.926150+00:00] main.INFO: Add of item with id Magento_Reports::report_shopcart_abandoned was processed [] []
[2025-02-05T20:26:17.926241+00:00] main.INFO: Add of item with id Magento_Reports::report_products was processed [] []
[2025-02-05T20:26:17.926329+00:00] main.INFO: Add of item with id Magento_Reports::report_products_bestsellers was processed [] []
[2025-02-05T20:26:17.926417+00:00] main.INFO: Add of item with id Magento_Reports::report_products_sold was processed [] []
[2025-02-05T20:26:17.926511+00:00] main.INFO: Add of item with id Magento_Reports::report_products_viewed was processed [] []
[2025-02-05T20:26:17.926604+00:00] main.INFO: Add of item with id Magento_Reports::report_products_lowstock was processed [] []
[2025-02-05T20:26:17.926698+00:00] main.INFO: Add of item with id Magento_Reports::report_customers was processed [] []
[2025-02-05T20:26:17.926806+00:00] main.INFO: Add of item with id Magento_Reports::report_customers_accounts was processed [] []
[2025-02-05T20:26:17.926901+00:00] main.INFO: Add of item with id Magento_Reports::report_customers_totals was processed [] []
[2025-02-05T20:26:17.926995+00:00] main.INFO: Add of item with id Magento_Reports::report_customers_orders was processed [] []
[2025-02-05T20:26:17.927088+00:00] main.INFO: Add of item with id Magento_Reports::report_statistics was processed [] []
[2025-02-05T20:26:17.927192+00:00] main.INFO: Add of item with id Magento_Reports::report_statistics_refresh was processed [] []
[2025-02-05T20:26:17.927287+00:00] main.INFO: Add of item with id Magento_Search::report_search_term was processed [] []
[2025-02-05T20:26:17.927381+00:00] main.INFO: Add of item with id Magento_LoginAsCustomerLog::login_log was processed [] []
[2025-02-05T20:26:17.927475+00:00] main.INFO: Add of item with id Magento_Marketplace::partners was processed [] []
[2025-02-05T20:26:17.927569+00:00] main.INFO: Add of item with id Magento_Newsletter::newsletter_template was processed [] []
[2025-02-05T20:26:17.927663+00:00] main.INFO: Add of item with id Magento_Newsletter::newsletter_queue was processed [] []
[2025-02-05T20:26:17.927759+00:00] main.INFO: Add of item with id Magento_Newsletter::newsletter_subscriber was processed [] []
[2025-02-05T20:26:17.927858+00:00] main.INFO: Add of item with id Magento_Newsletter::newsletter_problem was processed [] []
[2025-02-05T20:26:17.927954+00:00] main.INFO: Add of item with id Magento_SalesRule::promo_quote was processed [] []
[2025-02-05T20:26:17.928048+00:00] main.INFO: Add of item with id Magento_Sitemap::catalog_sitemap was processed [] []
[2025-02-05T20:26:17.928142+00:00] main.INFO: Add of item with id Magento_PageBuilder::templates was processed [] []
[2025-02-05T20:26:17.928236+00:00] main.INFO: Add of item with id Magento_Paypal::report_salesroot_paypal_settlement_reports was processed [] []
[2025-02-05T20:26:17.928331+00:00] main.INFO: Add of item with id Magento_Paypal::paypal_billing_agreement was processed [] []
[2025-02-05T20:26:17.928424+00:00] main.INFO: Add of item with id Magento_Review::catalog_reviews_ratings_ratings was processed [] []
[2025-02-05T20:26:17.928529+00:00] main.INFO: Add of item with id Magento_Review::catalog_reviews_ratings_pending was processed [] []
[2025-02-05T20:26:17.928624+00:00] main.INFO: Add of item with id Magento_Review::catalog_reviews_ratings_reviews_all was processed [] []
[2025-02-05T20:26:17.928718+00:00] main.INFO: Add of item with id Magento_Review::report_review was processed [] []
[2025-02-05T20:26:17.928827+00:00] main.INFO: Add of item with id Magento_Review::report_review_customer was processed [] []
[2025-02-05T20:26:17.928941+00:00] main.INFO: Add of item with id Magento_Review::report_review_product was processed [] []
[2025-02-05T20:26:17.929035+00:00] main.INFO: Add of item with id Magento_CheckoutAgreements::sales_checkoutagreement was processed [] []
[2025-02-05T20:26:17.929129+00:00] main.INFO: Add of item with id Magento_TaxImportExport::system_convert_tax was processed [] []
[2025-02-05T20:26:17.929223+00:00] main.INFO: Add of item with id Magento_AsynchronousOperations::system_magento_logging was processed [] []
[2025-02-05T20:26:17.929327+00:00] main.INFO: Add of item with id Magento_AsynchronousOperations::system_magento_logging_bulk_operations was processed [] []
[2025-02-05T20:26:17.929423+00:00] main.INFO: Add of item with id Magento_CurrencySymbol::system_currency was processed [] []
[2025-02-05T20:26:17.929528+00:00] main.INFO: Add of item with id Magento_CurrencySymbol::system_currency_rates was processed [] []
[2025-02-05T20:26:17.929623+00:00] main.INFO: Add of item with id Magento_CurrencySymbol::system_currency_symbols was processed [] []
[2025-02-05T20:26:17.929716+00:00] main.INFO: Add of item with id PayPal_Braintree::settlement_report was processed [] []
[2025-02-05T20:26:17.929816+00:00] main.INFO: Add of item with id PayPal_Braintree::virtual_terminal was processed [] []
[2025-02-05T20:26:58.320050+00:00] main.ERROR: Unable to resolve the source file for 'frontend/Magento/luma/en_US/moment.min.js.map' [] []
[2025-02-05T20:26:58.320938+00:00] main.CRITICAL: Unable to resolve the source file for 'frontend/Magento/luma/en_US/moment.min.js.map' [] []
[2025-02-05T20:27:38.517771+00:00] main.ERROR: Unable to resolve the source file for 'frontend/Magento/luma/en_US/moment.min.js.map' [] []
[2025-02-05T20:27:38.519519+00:00] main.CRITICAL: Unable to resolve the source file for 'frontend/Magento/luma/en_US/moment.min.js.map' [] []
[2025-02-05T20:32:34.173592+00:00] main.ERROR: Unable to resolve the source file for 'frontend/Magento/luma/en_US/moment.min.js.map' [] []
[2025-02-05T20:32:34.174452+00:00] main.CRITICAL: Unable to resolve the source file for 'frontend/Magento/luma/en_US/moment.min.js.map' [] []
[2025-02-05T20:32:42.542377+00:00] main.ERROR: Unable to resolve the source file for 'frontend/Magento/luma/en_US/moment.min.js.map' [] []
[2025-02-05T20:32:42.543348+00:00] main.CRITICAL: Unable to resolve the source file for 'frontend/Magento/luma/en_US/moment.min.js.map' [] []
[2025-02-05T20:33:22.166344+00:00] main.INFO: Broken reference: the 'header.panel.wrapper' element cannot be added as child to 'header.container', because the latter doesn't exist [] []
[2025-02-05T20:33:22.167166+00:00] main.INFO: Broken reference: the 'header-wrapper' element cannot be added as child to 'header.container', because the latter doesn't exist [] []
[2025-02-05T20:33:22.167281+00:00] main.INFO: Broken reference: the 'navigation.sections' element cannot be added as child to 'page.top', because the latter doesn't exist [] []
[2025-02-05T20:33:22.167409+00:00] main.INFO: Broken reference: the 'top.container' element cannot be added as child to 'page.top', because the latter doesn't exist [] []
[2025-02-05T20:33:22.167496+00:00] main.INFO: Broken reference: the 'breadcrumbs' element cannot be added as child to 'page.top', because the latter doesn't exist [] []
[2025-02-05T20:33:22.167657+00:00] main.INFO: Broken reference: the 'footer' element cannot be added as child to 'footer-container', because the latter doesn't exist [] []
[2025-02-05T20:33:22.167874+00:00] main.INFO: Broken reference: the 'catalog.compare.sidebar' element cannot be added as child to 'sidebar.additional', because the latter doesn't exist [] []
[2025-02-05T20:33:22.168023+00:00] main.INFO: Broken reference: the 'sale.reorder.sidebar' element cannot be added as child to 'sidebar.additional', because the latter doesn't exist [] []
[2025-02-05T20:33:22.168313+00:00] main.INFO: Broken reference: the 'wishlist_sidebar' element cannot be added as child to 'sidebar.additional', because the latter doesn't exist [] []
[2025-02-05T20:33:22.168484+00:00] main.INFO: Broken reference: the 'header.panel.wrapper' tries to reorder itself towards '', but their parents are different: 'header.container' and '' respectively. [] []
[2025-02-05T20:33:22.168595+00:00] main.INFO: Broken reference: the 'navigation.sections' tries to reorder itself towards '', but their parents are different: 'page.top' and '' respectively. [] []
[2025-02-05T20:33:22.839510+00:00] main.ERROR: Unable to resolve the source file for 'frontend/Magento/luma/en_US/moment.min.js.map' [] []
[2025-02-05T20:33:22.840292+00:00] main.CRITICAL: Unable to resolve the source file for 'frontend/Magento/luma/en_US/moment.min.js.map' [] []
[2025-02-05T20:33:30.357135+00:00] main.INFO: Broken reference: the 'catalog.compare.sidebar' element cannot be added as child to 'sidebar.additional', because the latter doesn't exist [] []
[2025-02-05T20:33:30.357976+00:00] main.INFO: Broken reference: the 'sale.reorder.sidebar' element cannot be added as child to 'sidebar.additional', because the latter doesn't exist [] []
[2025-02-05T20:33:30.358416+00:00] main.INFO: Broken reference: the 'wishlist_sidebar' element cannot be added as child to 'sidebar.additional', because the latter doesn't exist [] []
[2025-02-05T20:33:30.358579+00:00] main.INFO: Broken reference: the 'paypal.partner.right.logo' element cannot be added as child to 'sidebar.additional', because the latter doesn't exist [] []
[2025-02-05T20:33:30.358675+00:00] main.INFO: Broken reference: the 'bml.right.logo' element cannot be added as child to 'sidebar.additional', because the latter doesn't exist [] []
[2025-02-05T20:33:30.358766+00:00] main.INFO: Broken reference: the 'sidebar.container.paylater' element cannot be added as child to 'sidebar.additional', because the latter doesn't exist [] []
[2025-02-05T20:33:35.338747+00:00] main.INFO: Broken reference: the 'catalog.compare.sidebar' element cannot be added as child to 'sidebar.additional', because the latter doesn't exist [] []
[2025-02-05T20:33:35.339610+00:00] main.INFO: Broken reference: the 'sale.reorder.sidebar' element cannot be added as child to 'sidebar.additional', because the latter doesn't exist [] []
[2025-02-05T20:33:35.339971+00:00] main.INFO: Broken reference: the 'wishlist_sidebar' element cannot be added as child to 'sidebar.additional', because the latter doesn't exist [] []
[2025-02-05T20:33:37.006504+00:00] main.INFO: Broken reference: the 'catalog.compare.sidebar' element cannot be added as child to 'sidebar.additional', because the latter doesn't exist [] []
[2025-02-05T20:33:37.007333+00:00] main.INFO: Broken reference: the 'sale.reorder.sidebar' element cannot be added as child to 'sidebar.additional', because the latter doesn't exist [] []
[2025-02-05T20:33:37.007666+00:00] main.INFO: Broken reference: the 'wishlist_sidebar' element cannot be added as child to 'sidebar.additional', because the latter doesn't exist [] []
[2025-02-05T20:33:39.122729+00:00] main.INFO: Broken reference: the 'catalog.compare.sidebar' element cannot be added as child to 'sidebar.additional', because the latter doesn't exist [] []
[2025-02-05T20:33:39.123493+00:00] main.INFO: Broken reference: the 'sale.reorder.sidebar' element cannot be added as child to 'sidebar.additional', because the latter doesn't exist [] []
[2025-02-05T20:33:39.123829+00:00] main.INFO: Broken reference: the 'wishlist_sidebar' element cannot be added as child to 'sidebar.additional', because the latter doesn't exist [] []
[2025-02-05T20:33:45.353484+00:00] main.INFO: Broken reference: the 'catalog.compare.sidebar' element cannot be added as child to 'sidebar.additional', because the latter doesn't exist [] []
[2025-02-05T20:33:45.354229+00:00] main.INFO: Broken reference: the 'sale.reorder.sidebar' element cannot be added as child to 'sidebar.additional', because the latter doesn't exist [] []
[2025-02-05T20:33:45.354540+00:00] main.INFO: Broken reference: the 'wishlist_sidebar' element cannot be added as child to 'sidebar.additional', because the latter doesn't exist [] []
[2025-02-05T20:33:45.355648+00:00] main.INFO: Broken reference: the 'skip_gallery_before' tries to reorder itself towards 'product.info.media.image', but their parents are different: 'skip_gallery_before.wrapper' and 'product.info.media' respectively. [] []
[2025-02-05T20:33:45.355751+00:00] main.INFO: Broken reference: the 'skip_gallery_after' tries to reorder itself towards 'product.info.media.image', but their parents are different: 'skip_gallery_after.wrapper' and 'product.info.media' respectively. [] []
[2025-02-05T20:33:49.927338+00:00] main.INFO: Broken reference: the 'header.panel.wrapper' element cannot be added as child to 'header.container', because the latter doesn't exist [] []
[2025-02-05T20:33:49.928209+00:00] main.INFO: Broken reference: the 'header-wrapper' element cannot be added as child to 'header.container', because the latter doesn't exist [] []
[2025-02-05T20:33:49.928318+00:00] main.INFO: Broken reference: the 'navigation.sections' element cannot be added as child to 'page.top', because the latter doesn't exist [] []
[2025-02-05T20:33:49.928448+00:00] main.INFO: Broken reference: the 'top.container' element cannot be added as child to 'page.top', because the latter doesn't exist [] []
[2025-02-05T20:33:49.928537+00:00] main.INFO: Broken reference: the 'breadcrumbs' element cannot be added as child to 'page.top', because the latter doesn't exist [] []
[2025-02-05T20:33:49.928699+00:00] main.INFO: Broken reference: the 'footer' element cannot be added as child to 'footer-container', because the latter doesn't exist [] []
[2025-02-05T20:33:49.928928+00:00] main.INFO: Broken reference: the 'catalog.compare.sidebar' element cannot be added as child to 'sidebar.additional', because the latter doesn't exist [] []
[2025-02-05T20:33:49.929060+00:00] main.INFO: Broken reference: the 'sale.reorder.sidebar' element cannot be added as child to 'sidebar.additional', because the latter doesn't exist [] []
[2025-02-05T20:33:49.929368+00:00] main.INFO: Broken reference: the 'wishlist_sidebar' element cannot be added as child to 'sidebar.additional', because the latter doesn't exist [] []
[2025-02-05T20:33:49.929552+00:00] main.INFO: Broken reference: the 'header.panel.wrapper' tries to reorder itself towards '', but their parents are different: 'header.container' and '' respectively. [] []
[2025-02-05T20:33:49.929662+00:00] main.INFO: Broken reference: the 'navigation.sections' tries to reorder itself towards '', but their parents are different: 'page.top' and '' respectively. [] []
[2025-02-05T20:36:56.857389+00:00] main.INFO: Broken reference: the 'catalog.compare.sidebar' element cannot be added as child to 'sidebar.additional', because the latter doesn't exist [] []
[2025-02-05T20:36:56.858254+00:00] main.INFO: Broken reference: the 'sale.reorder.sidebar' element cannot be added as child to 'sidebar.additional', because the latter doesn't exist [] []
[2025-02-05T20:36:56.858578+00:00] main.INFO: Broken reference: the 'wishlist_sidebar' element cannot be added as child to 'sidebar.additional', because the latter doesn't exist [] []
[2025-02-05T20:37:04.313706+00:00] main.INFO: Broken reference: the 'notification.messages' tries to reorder itself towards 'user', but their parents are different: 'header.inner.right' and 'header' respectively. [] []
[2025-02-05T20:37:04.433959+00:00] main.INFO: Item Magento_Backend::system_currency was removed [] []
[2025-02-05T20:37:04.438400+00:00] main.INFO: Add of item with id Magento_Config::system_config was processed [] []
[2025-02-05T20:37:04.438531+00:00] main.INFO: Add of item with id Magento_AdminNotification::system_adminnotification was processed [] []
[2025-02-05T20:37:04.438628+00:00] main.INFO: Add of item with id Magento_Theme::design_config was processed [] []
[2025-02-05T20:37:04.438714+00:00] main.INFO: Add of item with id Magento_Theme::system_design_theme was processed [] []
[2025-02-05T20:37:04.438800+00:00] main.INFO: Add of item with id Magento_Backend::system_design_schedule was processed [] []
[2025-02-05T20:37:04.438884+00:00] main.INFO: Add of item with id Magento_Backend::system_store was processed [] []
[2025-02-05T20:37:04.438968+00:00] main.INFO: Add of item with id Magento_Backend::dashboard was processed [] []
[2025-02-05T20:37:04.439050+00:00] main.INFO: Add of item with id Magento_Backend::system was processed [] []
[2025-02-05T20:37:04.439142+00:00] main.INFO: Add of item with id Magento_Backend::system_tools was processed [] []
[2025-02-05T20:37:04.439235+00:00] main.INFO: Add of item with id Magento_Backend::system_design was processed [] []
[2025-02-05T20:37:04.439339+00:00] main.INFO: Add of item with id Magento_Backend::system_convert was processed [] []
[2025-02-05T20:37:04.439431+00:00] main.INFO: Add of item with id Magento_Backend::system_cache was processed [] []
[2025-02-05T20:37:04.439513+00:00] main.INFO: Add of item with id Magento_Backend::marketing was processed [] []
[2025-02-05T20:37:04.439605+00:00] main.INFO: Add of item with id Magento_Backend::marketing_communications was processed [] []
[2025-02-05T20:37:04.439689+00:00] main.INFO: Add of item with id Magento_Backend::marketing_seo was processed [] []
[2025-02-05T20:37:04.439772+00:00] main.INFO: Add of item with id Magento_Backend::marketing_user_content was processed [] []
[2025-02-05T20:37:04.439868+00:00] main.INFO: Add of item with id Magento_Backend::content was processed [] []
[2025-02-05T20:37:04.439955+00:00] main.INFO: Add of item with id Magento_Backend::content_elements was processed [] []
[2025-02-05T20:37:04.440038+00:00] main.INFO: Add of item with id Magento_Backend::stores was processed [] []
[2025-02-05T20:37:04.440128+00:00] main.INFO: Add of item with id Magento_Backend::stores_settings was processed [] []
[2025-02-05T20:37:04.440212+00:00] main.INFO: Add of item with id Magento_Backend::stores_attributes was processed [] []
[2025-02-05T20:37:04.440294+00:00] main.INFO: Add of item with id Magento_Backend::other_settings was processed [] []
[2025-02-05T20:37:04.440377+00:00] main.INFO: Add of item with id Magento_Backend::system_other_settings was processed [] []
[2025-02-05T20:37:04.440459+00:00] main.INFO: Add of item with id Magento_User::system_acl was processed [] []
[2025-02-05T20:37:04.440550+00:00] main.INFO: Add of item with id Magento_User::system_acl_users was processed [] []
[2025-02-05T20:37:04.440634+00:00] main.INFO: Add of item with id Magento_User::system_acl_roles was processed [] []
[2025-02-05T20:37:04.440716+00:00] main.INFO: Add of item with id Magento_User::system_acl_locks was processed [] []
[2025-02-05T20:37:04.440806+00:00] main.INFO: Add of item with id Magento_Customer::customer was processed [] []
[2025-02-05T20:37:04.440918+00:00] main.INFO: Add of item with id Magento_Customer::customer_manage was processed [] []
[2025-02-05T20:37:04.441002+00:00] main.INFO: Add of item with id Magento_Customer::customer_online was processed [] []
[2025-02-05T20:37:04.441087+00:00] main.INFO: Add of item with id Magento_Customer::customer_group was processed [] []
[2025-02-05T20:37:04.441169+00:00] main.INFO: Add of item with id Magento_Backup::system_tools_backup was processed [] []
[2025-02-05T20:37:04.441251+00:00] main.INFO: Add of item with id Magento_Indexer::system_index was processed [] []
[2025-02-05T20:37:04.441332+00:00] main.INFO: Add of item with id Magento_Variable::system_variable was processed [] []
[2025-02-05T20:37:04.441422+00:00] main.INFO: Add of item with id Magento_Cms::cms_page was processed [] []
[2025-02-05T20:37:04.441505+00:00] main.INFO: Add of item with id Magento_Cms::cms_block was processed [] []
[2025-02-05T20:37:04.441586+00:00] main.INFO: Add of item with id Magento_Catalog::catalog was processed [] []
[2025-02-05T20:37:04.441677+00:00] main.INFO: Add of item with id Magento_Catalog::catalog_products was processed [] []
[2025-02-05T20:37:04.441759+00:00] main.INFO: Add of item with id Magento_Catalog::catalog_categories was processed [] []
[2025-02-05T20:37:04.441853+00:00] main.INFO: Add of item with id Magento_Catalog::catalog_attributes_attributes was processed [] []
[2025-02-05T20:37:04.441935+00:00] main.INFO: Add of item with id Magento_Catalog::catalog_attributes_sets was processed [] []
[2025-02-05T20:37:04.442025+00:00] main.INFO: Add of item with id Magento_Catalog::inventory was processed [] []
[2025-02-05T20:37:04.442116+00:00] main.INFO: Add of item with id Magento_Search::search_terms was processed [] []
[2025-02-05T20:37:04.442198+00:00] main.INFO: Add of item with id Magento_Search::search_synonyms was processed [] []
[2025-02-05T20:37:04.442280+00:00] main.INFO: Add of item with id Magento_CatalogRule::promo was processed [] []
[2025-02-05T20:37:04.442370+00:00] main.INFO: Add of item with id Magento_CatalogRule::promo_catalog was processed [] []
[2025-02-05T20:37:04.442452+00:00] main.INFO: Add of item with id Magento_Sales::sales was processed [] []
[2025-02-05T20:37:04.442541+00:00] main.INFO: Add of item with id Magento_Sales::sales_operation was processed [] []
[2025-02-05T20:37:04.442632+00:00] main.INFO: Add of item with id Magento_Sales::sales_order was processed [] []
[2025-02-05T20:37:04.442714+00:00] main.INFO: Add of item with id Magento_Sales::sales_invoice was processed [] []
[2025-02-05T20:37:04.442799+00:00] main.INFO: Add of item with id Magento_Sales::sales_shipment was processed [] []
[2025-02-05T20:37:04.442886+00:00] main.INFO: Add of item with id Magento_Sales::sales_creditmemo was processed [] []
[2025-02-05T20:37:04.442970+00:00] main.INFO: Add of item with id Magento_Sales::sales_transactions was processed [] []
[2025-02-05T20:37:04.443054+00:00] main.INFO: Add of item with id Magento_Sales::system_order_statuses was processed [] []
[2025-02-05T20:37:04.443139+00:00] main.INFO: Add of item with id Magento_MediaGalleryUi::media was processed [] []
[2025-02-05T20:37:04.443229+00:00] main.INFO: Add of item with id Magento_MediaGalleryUi::media_gallery was processed [] []
[2025-02-05T20:37:04.443321+00:00] main.INFO: Add of item with id Magento_Downloadable::report_products_downloads was processed [] []
[2025-02-05T20:37:04.443406+00:00] main.INFO: Add of item with id Magento_Integration::system_extensions was processed [] []
[2025-02-05T20:37:04.443497+00:00] main.INFO: Add of item with id Magento_Integration::system_integrations was processed [] []
[2025-02-05T20:37:04.443598+00:00] main.INFO: Add of item with id Magento_UrlRewrite::urlrewrite was processed [] []
[2025-02-05T20:37:04.443680+00:00] main.INFO: Add of item with id Magento_Tax::sales_tax was processed [] []
[2025-02-05T20:37:04.443771+00:00] main.INFO: Add of item with id Magento_Tax::sales_tax_rules was processed [] []
[2025-02-05T20:37:04.443857+00:00] main.INFO: Add of item with id Magento_Tax::sales_tax_rates was processed [] []
[2025-02-05T20:37:04.443946+00:00] main.INFO: Add of item with id Magento_Widget::cms_widget_instance was processed [] []
[2025-02-05T20:37:04.444041+00:00] main.INFO: Add of item with id Magento_Analytics::business_intelligence was processed [] []
[2025-02-05T20:37:04.444134+00:00] main.INFO: Add of item with id Magento_Analytics::advanced_reporting was processed [] []
[2025-02-05T20:37:04.444217+00:00] main.INFO: Add of item with id Magento_Analytics::bi_essentials was processed [] []
[2025-02-05T20:37:04.444308+00:00] main.INFO: Add of item with id Magento_ImportExport::system_convert_import was processed [] []
[2025-02-05T20:37:04.444391+00:00] main.INFO: Add of item with id Magento_ImportExport::system_convert_export was processed [] []
[2025-02-05T20:37:04.444473+00:00] main.INFO: Add of item with id Magento_ImportExport::system_convert_history was processed [] []
[2025-02-05T20:37:04.444563+00:00] main.INFO: Add of item with id Magento_Email::template was processed [] []
[2025-02-05T20:37:04.444646+00:00] main.INFO: Add of item with id Magento_EncryptionKey::system_crypt_key was processed [] []
[2025-02-05T20:37:04.444727+00:00] main.INFO: Add of item with id Magento_InventoryAdminUi::inventory was processed [] []
[2025-02-05T20:37:04.444821+00:00] main.INFO: Add of item with id Magento_InventoryAdminUi::source was processed [] []
[2025-02-05T20:37:04.444904+00:00] main.INFO: Add of item with id Magento_InventoryAdminUi::stock was processed [] []
[2025-02-05T20:37:04.444986+00:00] main.INFO: Add of item with id Magento_Reports::report was processed [] []
[2025-02-05T20:37:04.445067+00:00] main.INFO: Add of item with id Magento_Reports::report_marketing was processed [] []
[2025-02-05T20:37:04.445149+00:00] main.INFO: Add of item with id Magento_Reports::report_salesroot was processed [] []
[2025-02-05T20:37:04.445239+00:00] main.INFO: Add of item with id Magento_Reports::report_salesroot_sales was processed [] []
[2025-02-05T20:37:04.445322+00:00] main.INFO: Add of item with id Magento_Reports::report_salesroot_tax was processed [] []
[2025-02-05T20:37:04.445404+00:00] main.INFO: Add of item with id Magento_Reports::report_salesroot_invoiced was processed [] []
[2025-02-05T20:37:04.445488+00:00] main.INFO: Add of item with id Magento_Reports::report_salesroot_shipping was processed [] []
[2025-02-05T20:37:04.445569+00:00] main.INFO: Add of item with id Magento_Reports::report_salesroot_refunded was processed [] []
[2025-02-05T20:37:04.445653+00:00] main.INFO: Add of item with id Magento_Reports::report_salesroot_coupons was processed [] []
[2025-02-05T20:37:04.445745+00:00] main.INFO: Add of item with id Magento_Reports::report_shopcart_product was processed [] []
[2025-02-05T20:37:04.445834+00:00] main.INFO: Add of item with id Magento_Reports::report_shopcart_abandoned was processed [] []
[2025-02-05T20:37:04.445918+00:00] main.INFO: Add of item with id Magento_Reports::report_products was processed [] []
[2025-02-05T20:37:04.446002+00:00] main.INFO: Add of item with id Magento_Reports::report_products_bestsellers was processed [] []
[2025-02-05T20:37:04.446086+00:00] main.INFO: Add of item with id Magento_Reports::report_products_sold was processed [] []
[2025-02-05T20:37:04.446169+00:00] main.INFO: Add of item with id Magento_Reports::report_products_viewed was processed [] []
[2025-02-05T20:37:04.446252+00:00] main.INFO: Add of item with id Magento_Reports::report_products_lowstock was processed [] []
[2025-02-05T20:37:04.446333+00:00] main.INFO: Add of item with id Magento_Reports::report_customers was processed [] []
[2025-02-05T20:37:04.446424+00:00] main.INFO: Add of item with id Magento_Reports::report_customers_accounts was processed [] []
[2025-02-05T20:37:04.446509+00:00] main.INFO: Add of item with id Magento_Reports::report_customers_totals was processed [] []
[2025-02-05T20:37:04.446590+00:00] main.INFO: Add of item with id Magento_Reports::report_customers_orders was processed [] []
[2025-02-05T20:37:04.446671+00:00] main.INFO: Add of item with id Magento_Reports::report_statistics was processed [] []
[2025-02-05T20:37:04.446763+00:00] main.INFO: Add of item with id Magento_Reports::report_statistics_refresh was processed [] []
[2025-02-05T20:37:04.446849+00:00] main.INFO: Add of item with id Magento_Search::report_search_term was processed [] []
[2025-02-05T20:37:04.446932+00:00] main.INFO: Add of item with id Magento_LoginAsCustomerLog::login_log was processed [] []
[2025-02-05T20:37:04.447014+00:00] main.INFO: Add of item with id Magento_Marketplace::partners was processed [] []
[2025-02-05T20:37:04.447095+00:00] main.INFO: Add of item with id Magento_Newsletter::newsletter_template was processed [] []
[2025-02-05T20:37:04.447177+00:00] main.INFO: Add of item with id Magento_Newsletter::newsletter_queue was processed [] []
[2025-02-05T20:37:04.447259+00:00] main.INFO: Add of item with id Magento_Newsletter::newsletter_subscriber was processed [] []
[2025-02-05T20:37:04.447342+00:00] main.INFO: Add of item with id Magento_Newsletter::newsletter_problem was processed [] []
[2025-02-05T20:37:04.447423+00:00] main.INFO: Add of item with id Magento_SalesRule::promo_quote was processed [] []
[2025-02-05T20:37:04.447504+00:00] main.INFO: Add of item with id Magento_Sitemap::catalog_sitemap was processed [] []
[2025-02-05T20:37:04.447585+00:00] main.INFO: Add of item with id Magento_PageBuilder::templates was processed [] []
[2025-02-05T20:37:04.447667+00:00] main.INFO: Add of item with id Magento_Paypal::report_salesroot_paypal_settlement_reports was processed [] []
[2025-02-05T20:37:04.447750+00:00] main.INFO: Add of item with id Magento_Paypal::paypal_billing_agreement was processed [] []
[2025-02-05T20:37:04.447836+00:00] main.INFO: Add of item with id Magento_Review::catalog_reviews_ratings_ratings was processed [] []
[2025-02-05T20:37:04.447927+00:00] main.INFO: Add of item with id Magento_Review::catalog_reviews_ratings_pending was processed [] []
[2025-02-05T20:37:04.448011+00:00] main.INFO: Add of item with id Magento_Review::catalog_reviews_ratings_reviews_all was processed [] []
[2025-02-05T20:37:04.448093+00:00] main.INFO: Add of item with id Magento_Review::report_review was processed [] []
[2025-02-05T20:37:04.448183+00:00] main.INFO: Add of item with id Magento_Review::report_review_customer was processed [] []
[2025-02-05T20:37:04.448265+00:00] main.INFO: Add of item with id Magento_Review::report_review_product was processed [] []
[2025-02-05T20:37:04.448346+00:00] main.INFO: Add of item with id Magento_CheckoutAgreements::sales_checkoutagreement was processed [] []
[2025-02-05T20:37:04.448430+00:00] main.INFO: Add of item with id Magento_TaxImportExport::system_convert_tax was processed [] []
[2025-02-05T20:37:04.448513+00:00] main.INFO: Add of item with id Magento_AsynchronousOperations::system_magento_logging was processed [] []
[2025-02-05T20:37:04.448611+00:00] main.INFO: Add of item with id Magento_AsynchronousOperations::system_magento_logging_bulk_operations was processed [] []
[2025-02-05T20:37:04.448702+00:00] main.INFO: Add of item with id Magento_CurrencySymbol::system_currency was processed [] []
[2025-02-05T20:37:04.448802+00:00] main.INFO: Add of item with id Magento_CurrencySymbol::system_currency_rates was processed [] []
[2025-02-05T20:37:04.448891+00:00] main.INFO: Add of item with id Magento_CurrencySymbol::system_currency_symbols was processed [] []
[2025-02-05T20:37:04.448974+00:00] main.INFO: Add of item with id PayPal_Braintree::settlement_report was processed [] []
[2025-02-05T20:37:04.449057+00:00] main.INFO: Add of item with id PayPal_Braintree::virtual_terminal was processed [] []
[2025-02-05T20:37:09.744033+00:00] main.INFO: Broken reference: the 'notification.messages' tries to reorder itself towards 'user', but their parents are different: 'header.inner.right' and 'header' respectively. [] []
[2025-03-12T13:02:18.531335+00:00] main.INFO: Broken reference: the 'catalog.compare.sidebar' element cannot be added as child to 'sidebar.additional', because the latter doesn't exist [] []
[2025-03-12T13:02:18.532085+00:00] main.INFO: Broken reference: the 'sale.reorder.sidebar' element cannot be added as child to 'sidebar.additional', because the latter doesn't exist [] []
[2025-03-12T13:02:18.532176+00:00] main.INFO: Broken reference: the 'wishlist_sidebar' element cannot be added as child to 'sidebar.additional', because the latter doesn't exist [] []
[2025-03-12T13:02:18.532216+00:00] main.INFO: Broken reference: the 'paypal.partner.right.logo' element cannot be added as child to 'sidebar.additional', because the latter doesn't exist [] []
[2025-03-12T13:02:18.532237+00:00] main.INFO: Broken reference: the 'bml.right.logo' element cannot be added as child to 'sidebar.additional', because the latter doesn't exist [] []
[2025-03-12T13:02:18.532255+00:00] main.INFO: Broken reference: the 'sidebar.container.paylater' element cannot be added as child to 'sidebar.additional', because the latter doesn't exist [] []
[2025-03-12T13:02:22.703784+00:00] main.INFO: Broken reference: the 'tracking' element cannot be added as child to 'header', because the latter doesn't exist [] []
[2025-03-12T13:02:22.704109+00:00] main.INFO: Broken reference: the 'notification_area' element cannot be added as child to 'notifications', because the latter doesn't exist [] []
[2025-03-12T13:02:22.704140+00:00] main.INFO: Broken reference: the 'unread_system_messages' element cannot be added as child to 'notifications', because the latter doesn't exist [] []
[2025-03-12T13:02:22.704163+00:00] main.INFO: Broken reference: the 'notification_window' element cannot be added as child to 'notifications', because the latter doesn't exist [] []
[2025-03-12T13:02:22.704184+00:00] main.INFO: Broken reference: the 'notification.messages' element cannot be added as child to 'header', because the latter doesn't exist [] []
[2025-03-12T13:02:22.704207+00:00] main.INFO: Broken reference: the 'global_notices' element cannot be added as child to 'global.notices', because the latter doesn't exist [] []
[2025-03-12T13:02:22.704227+00:00] main.INFO: Broken reference: the 'logo' element cannot be added as child to 'header', because the latter doesn't exist [] []
[2025-03-12T13:02:22.704248+00:00] main.INFO: Broken reference: the 'global.search' element cannot be added as child to 'header', because the latter doesn't exist [] []
[2025-03-12T13:02:22.704268+00:00] main.INFO: Broken reference: the 'user' element cannot be added as child to 'header', because the latter doesn't exist [] []
[2025-03-12T13:02:22.704289+00:00] main.INFO: Broken reference: the 'menu' element cannot be added as child to 'page.menu', because the latter doesn't exist [] []
[2025-03-12T13:02:22.704308+00:00] main.INFO: Broken reference: the 'breadcrumbs' element cannot be added as child to 'page.breadcrumbs', because the latter doesn't exist [] []
[2025-03-12T13:02:22.704328+00:00] main.INFO: Broken reference: the 'formkey' element cannot be added as child to 'page.formkey', because the latter doesn't exist [] []
[2025-03-12T13:02:22.704348+00:00] main.INFO: Broken reference: the 'page.title' element cannot be added as child to 'main.top', because the latter doesn't exist [] []
[2025-03-12T13:02:22.704367+00:00] main.INFO: Broken reference: the 'messages' element cannot be added as child to 'page.messages', because the latter doesn't exist [] []
[2025-03-12T13:02:22.704387+00:00] main.INFO: Broken reference: the 'page.actions.toolbar' element cannot be added as child to 'page.main.actions', because the latter doesn't exist [] []
[2025-03-12T13:02:22.704407+00:00] main.INFO: Broken reference: the 'legal' element cannot be added as child to 'footer', because the latter doesn't exist [] []
[2025-03-12T13:02:22.704453+00:00] main.INFO: Broken reference: the 'header.inner.left' element cannot be added as child to 'header', because the latter doesn't exist [] []
[2025-03-12T13:02:22.704477+00:00] main.INFO: Broken reference: the 'header.inner.right' element cannot be added as child to 'header', because the latter doesn't exist [] []
[2025-03-12T13:02:22.704518+00:00] main.INFO: Broken reference: the 'user' tries to reorder itself towards '', but their parents are different: 'header' and '' respectively. [] []
[2025-03-12T13:02:22.704547+00:00] main.INFO: Broken reference: the 'notification.messages' tries to reorder itself towards 'user', but their parents are different: 'header' and '' respectively. [] []
[2025-03-12T13:02:22.704570+00:00] main.INFO: Broken reference: the 'logo' tries to reorder itself towards '', but their parents are different: 'header' and '' respectively. [] []
[2025-03-12T13:02:22.704589+00:00] main.INFO: Broken reference: the 'global.search' tries to reorder itself towards 'logo', but their parents are different: 'header' and '' respectively. [] []
[2025-03-12T13:02:22.704609+00:00] main.INFO: Broken reference: the 'page.actions.toolbar' tries to reorder itself towards '', but their parents are different: 'page.main.actions' and '' respectively. [] []
[2025-03-12T13:02:22.704638+00:00] main.INFO: Broken reference: the 'header.inner.left' tries to reorder itself towards '', but their parents are different: 'header' and '' respectively. [] []
[2025-03-12T13:02:22.704659+00:00] main.INFO: Broken reference: the 'header.inner.right' tries to reorder itself towards 'header.inner.left', but their parents are different: 'header' and '' respectively. [] []
[2025-03-12T13:02:22.704684+00:00] main.INFO: Broken reference: the 'notification.messages' tries to reorder itself towards 'user', but their parents are different: 'header.inner.right' and '' respectively. [] []
[2025-03-12T13:02:32.055722+00:00] main.INFO: Broken reference: the 'notification.messages' tries to reorder itself towards 'user', but their parents are different: 'header.inner.right' and 'header' respectively. [] []
[2025-03-12T13:04:40.589628+00:00] main.INFO: Broken reference: the 'notification.messages' tries to reorder itself towards 'user', but their parents are different: 'header.inner.right' and 'header' respectively. [] []
[2025-03-12T13:04:48.781761+00:00] main.INFO: Broken reference: the 'product.reviews' element cannot be added as child to 'product_tabs', because the latter doesn't exist [] []
[2025-03-12T13:04:48.782152+00:00] main.INFO: Broken reference: the 'notification.messages' tries to reorder itself towards 'user', but their parents are different: 'header.inner.right' and 'header' respectively. [] []
[2025-03-12T13:13:12.469634+00:00] main.INFO: Broken reference: the 'product.reviews' element cannot be added as child to 'product_tabs', because the latter doesn't exist [] []
[2025-03-12T13:13:12.470008+00:00] main.INFO: Broken reference: the 'notification.messages' tries to reorder itself towards 'user', but their parents are different: 'header.inner.right' and 'header' respectively. [] []
[2025-03-12T13:13:17.145341+00:00] main.INFO: Item Magento_Backend::system_currency was removed [] []
[2025-03-12T13:13:17.148507+00:00] main.INFO: Add of item with id Magento_Config::system_config was processed [] []
[2025-03-12T13:13:17.148656+00:00] main.INFO: Add of item with id Magento_AdminNotification::system_adminnotification was processed [] []
[2025-03-12T13:13:17.148705+00:00] main.INFO: Add of item with id Magento_Theme::design_config was processed [] []
[2025-03-12T13:13:17.148735+00:00] main.INFO: Add of item with id Magento_Theme::system_design_theme was processed [] []
[2025-03-12T13:13:17.148757+00:00] main.INFO: Add of item with id Magento_Backend::system_design_schedule was processed [] []
[2025-03-12T13:13:17.148778+00:00] main.INFO: Add of item with id Magento_Backend::system_store was processed [] []
[2025-03-12T13:13:17.148797+00:00] main.INFO: Add of item with id Magento_Backend::dashboard was processed [] []
[2025-03-12T13:13:17.148834+00:00] main.INFO: Add of item with id Magento_Backend::system was processed [] []
[2025-03-12T13:13:17.148864+00:00] main.INFO: Add of item with id Magento_Backend::system_tools was processed [] []
[2025-03-12T13:13:17.148896+00:00] main.INFO: Add of item with id Magento_Backend::system_design was processed [] []
[2025-03-12T13:13:17.148920+00:00] main.INFO: Add of item with id Magento_Backend::system_convert was processed [] []
[2025-03-12T13:13:17.148954+00:00] main.INFO: Add of item with id Magento_Backend::system_cache was processed [] []
[2025-03-12T13:13:17.148977+00:00] main.INFO: Add of item with id Magento_Backend::marketing was processed [] []
[2025-03-12T13:13:17.149012+00:00] main.INFO: Add of item with id Magento_Backend::marketing_communications was processed [] []
[2025-03-12T13:13:17.149033+00:00] main.INFO: Add of item with id Magento_Backend::marketing_seo was processed [] []
[2025-03-12T13:13:17.149052+00:00] main.INFO: Add of item with id Magento_Backend::marketing_user_content was processed [] []
[2025-03-12T13:13:17.149071+00:00] main.INFO: Add of item with id Magento_Backend::content was processed [] []
[2025-03-12T13:13:17.149091+00:00] main.INFO: Add of item with id Magento_Backend::content_elements was processed [] []
[2025-03-12T13:13:17.149111+00:00] main.INFO: Add of item with id Magento_Backend::stores was processed [] []
[2025-03-12T13:13:17.149139+00:00] main.INFO: Add of item with id Magento_Backend::stores_settings was processed [] []
[2025-03-12T13:13:17.149163+00:00] main.INFO: Add of item with id Magento_Backend::stores_attributes was processed [] []
[2025-03-12T13:13:17.149184+00:00] main.INFO: Add of item with id Magento_Backend::other_settings was processed [] []
[2025-03-12T13:13:17.149203+00:00] main.INFO: Add of item with id Magento_Backend::system_other_settings was processed [] []
[2025-03-12T13:13:17.149219+00:00] main.INFO: Add of item with id Magento_User::system_acl was processed [] []
[2025-03-12T13:13:17.149252+00:00] main.INFO: Add of item with id Magento_User::system_acl_users was processed [] []
[2025-03-12T13:13:17.149277+00:00] main.INFO: Add of item with id Magento_User::system_acl_roles was processed [] []
[2025-03-12T13:13:17.149297+00:00] main.INFO: Add of item with id Magento_User::system_acl_locks was processed [] []
[2025-03-12T13:13:17.149319+00:00] main.INFO: Add of item with id Magento_Customer::customer was processed [] []
[2025-03-12T13:13:17.149347+00:00] main.INFO: Add of item with id Magento_Customer::customer_manage was processed [] []
[2025-03-12T13:13:17.149369+00:00] main.INFO: Add of item with id Magento_Customer::customer_online was processed [] []
[2025-03-12T13:13:17.149391+00:00] main.INFO: Add of item with id Magento_Customer::customer_group was processed [] []
[2025-03-12T13:13:17.149412+00:00] main.INFO: Add of item with id Magento_Backup::system_tools_backup was processed [] []
[2025-03-12T13:13:17.149434+00:00] main.INFO: Add of item with id Magento_Indexer::system_index was processed [] []
[2025-03-12T13:13:17.149455+00:00] main.INFO: Add of item with id Magento_Variable::system_variable was processed [] []
[2025-03-12T13:13:17.149487+00:00] main.INFO: Add of item with id Magento_Cms::cms_page was processed [] []
[2025-03-12T13:13:17.149511+00:00] main.INFO: Add of item with id Magento_Cms::cms_block was processed [] []
[2025-03-12T13:13:17.149531+00:00] main.INFO: Add of item with id Magento_Catalog::catalog was processed [] []
[2025-03-12T13:13:17.149564+00:00] main.INFO: Add of item with id Magento_Catalog::catalog_products was processed [] []
[2025-03-12T13:13:17.149583+00:00] main.INFO: Add of item with id Magento_Catalog::catalog_categories was processed [] []
[2025-03-12T13:13:17.149610+00:00] main.INFO: Add of item with id Magento_Catalog::catalog_attributes_attributes was processed [] []
[2025-03-12T13:13:17.149633+00:00] main.INFO: Add of item with id Magento_Catalog::catalog_attributes_sets was processed [] []
[2025-03-12T13:13:17.149661+00:00] main.INFO: Add of item with id Magento_Catalog::inventory was processed [] []
[2025-03-12T13:13:17.149695+00:00] main.INFO: Add of item with id Magento_Search::search_terms was processed [] []
[2025-03-12T13:13:17.149713+00:00] main.INFO: Add of item with id Magento_Search::search_synonyms was processed [] []
[2025-03-12T13:13:17.149733+00:00] main.INFO: Add of item with id Magento_CatalogRule::promo was processed [] []
[2025-03-12T13:13:17.149759+00:00] main.INFO: Add of item with id Magento_CatalogRule::promo_catalog was processed [] []
[2025-03-12T13:13:17.149783+00:00] main.INFO: Add of item with id Magento_Sales::sales was processed [] []
[2025-03-12T13:13:17.149807+00:00] main.INFO: Add of item with id Magento_Sales::sales_operation was processed [] []
[2025-03-12T13:13:17.149884+00:00] main.INFO: Add of item with id Magento_Sales::sales_order was processed [] []
[2025-03-12T13:13:17.149904+00:00] main.INFO: Add of item with id Magento_Sales::sales_invoice was processed [] []
[2025-03-12T13:13:17.149925+00:00] main.INFO: Add of item with id Magento_Sales::sales_shipment was processed [] []
[2025-03-12T13:13:17.149953+00:00] main.INFO: Add of item with id Magento_Sales::sales_creditmemo was processed [] []
[2025-03-12T13:13:17.149983+00:00] main.INFO: Add of item with id Magento_Sales::sales_transactions was processed [] []
[2025-03-12T13:13:17.150001+00:00] main.INFO: Add of item with id Magento_Sales::system_order_statuses was processed [] []
[2025-03-12T13:13:17.150019+00:00] main.INFO: Add of item with id Magento_MediaGalleryUi::media was processed [] []
[2025-03-12T13:13:17.150047+00:00] main.INFO: Add of item with id Magento_MediaGalleryUi::media_gallery was processed [] []
[2025-03-12T13:13:17.150079+00:00] main.INFO: Add of item with id Magento_Downloadable::report_products_downloads was processed [] []
[2025-03-12T13:13:17.150103+00:00] main.INFO: Add of item with id Magento_Integration::system_extensions was processed [] []
[2025-03-12T13:13:17.150131+00:00] main.INFO: Add of item with id Magento_Integration::system_integrations was processed [] []
[2025-03-12T13:13:17.150153+00:00] main.INFO: Add of item with id Magento_UrlRewrite::urlrewrite was processed [] []
[2025-03-12T13:13:17.150175+00:00] main.INFO: Add of item with id Magento_Tax::sales_tax was processed [] []
[2025-03-12T13:13:17.150201+00:00] main.INFO: Add of item with id Magento_Tax::sales_tax_rules was processed [] []
[2025-03-12T13:13:17.150224+00:00] main.INFO: Add of item with id Magento_Tax::sales_tax_rates was processed [] []
[2025-03-12T13:13:17.150245+00:00] main.INFO: Add of item with id Magento_Widget::cms_widget_instance was processed [] []
[2025-03-12T13:13:17.150281+00:00] main.INFO: Add of item with id Magento_Analytics::business_intelligence was processed [] []
[2025-03-12T13:13:17.150307+00:00] main.INFO: Add of item with id Magento_Analytics::advanced_reporting was processed [] []
[2025-03-12T13:13:17.150326+00:00] main.INFO: Add of item with id Magento_Analytics::bi_essentials was processed [] []
[2025-03-12T13:13:17.150353+00:00] main.INFO: Add of item with id Magento_ImportExport::system_convert_import was processed [] []
[2025-03-12T13:13:17.150375+00:00] main.INFO: Add of item with id Magento_ImportExport::system_convert_export was processed [] []
[2025-03-12T13:13:17.150396+00:00] main.INFO: Add of item with id Magento_ImportExport::system_convert_history was processed [] []
[2025-03-12T13:13:17.150423+00:00] main.INFO: Add of item with id Magento_Email::template was processed [] []
[2025-03-12T13:13:17.150445+00:00] main.INFO: Add of item with id Magento_EncryptionKey::system_crypt_key was processed [] []
[2025-03-12T13:13:17.150467+00:00] main.INFO: Add of item with id Magento_InventoryAdminUi::inventory was processed [] []
[2025-03-12T13:13:17.150497+00:00] main.INFO: Add of item with id Magento_InventoryAdminUi::source was processed [] []
[2025-03-12T13:13:17.150517+00:00] main.INFO: Add of item with id Magento_InventoryAdminUi::stock was processed [] []
[2025-03-12T13:13:17.150538+00:00] main.INFO: Add of item with id Magento_Reports::report was processed [] []
[2025-03-12T13:13:17.150560+00:00] main.INFO: Add of item with id Magento_Reports::report_marketing was processed [] []
[2025-03-12T13:13:17.150581+00:00] main.INFO: Add of item with id Magento_Reports::report_salesroot was processed [] []
[2025-03-12T13:13:17.150607+00:00] main.INFO: Add of item with id Magento_Reports::report_salesroot_sales was processed [] []
[2025-03-12T13:13:17.150626+00:00] main.INFO: Add of item with id Magento_Reports::report_salesroot_tax was processed [] []
[2025-03-12T13:13:17.150645+00:00] main.INFO: Add of item with id Magento_Reports::report_salesroot_invoiced was processed [] []
[2025-03-12T13:13:17.150666+00:00] main.INFO: Add of item with id Magento_Reports::report_salesroot_shipping was processed [] []
[2025-03-12T13:13:17.150687+00:00] main.INFO: Add of item with id Magento_Reports::report_salesroot_refunded was processed [] []
[2025-03-12T13:13:17.150704+00:00] main.INFO: Add of item with id Magento_Reports::report_salesroot_coupons was processed [] []
[2025-03-12T13:13:17.150730+00:00] main.INFO: Add of item with id Magento_Reports::report_shopcart_product was processed [] []
[2025-03-12T13:13:17.150752+00:00] main.INFO: Add of item with id Magento_Reports::report_shopcart_abandoned was processed [] []
[2025-03-12T13:13:17.150769+00:00] main.INFO: Add of item with id Magento_Reports::report_products was processed [] []
[2025-03-12T13:13:17.150786+00:00] main.INFO: Add of item with id Magento_Reports::report_products_bestsellers was processed [] []
[2025-03-12T13:13:17.150803+00:00] main.INFO: Add of item with id Magento_Reports::report_products_sold was processed [] []
[2025-03-12T13:13:17.150822+00:00] main.INFO: Add of item with id Magento_Reports::report_products_viewed was processed [] []
[2025-03-12T13:13:17.150839+00:00] main.INFO: Add of item with id Magento_Reports::report_products_lowstock was processed [] []
[2025-03-12T13:13:17.150858+00:00] main.INFO: Add of item with id Magento_Reports::report_customers was processed [] []
[2025-03-12T13:13:17.150894+00:00] main.INFO: Add of item with id Magento_Reports::report_customers_accounts was processed [] []
[2025-03-12T13:13:17.150916+00:00] main.INFO: Add of item with id Magento_Reports::report_customers_totals was processed [] []
[2025-03-12T13:13:17.150937+00:00] main.INFO: Add of item with id Magento_Reports::report_customers_orders was processed [] []
[2025-03-12T13:13:17.150967+00:00] main.INFO: Add of item with id Magento_Reports::report_statistics was processed [] []
[2025-03-12T13:13:17.150990+00:00] main.INFO: Add of item with id Magento_Reports::report_statistics_refresh was processed [] []
[2025-03-12T13:13:17.151010+00:00] main.INFO: Add of item with id Magento_Search::report_search_term was processed [] []
[2025-03-12T13:13:17.151030+00:00] main.INFO: Add of item with id Magento_LoginAsCustomerLog::login_log was processed [] []
[2025-03-12T13:13:17.151051+00:00] main.INFO: Add of item with id Magento_Marketplace::partners was processed [] []
[2025-03-12T13:13:17.151073+00:00] main.INFO: Add of item with id Magento_Newsletter::newsletter_template was processed [] []
[2025-03-12T13:13:17.151094+00:00] main.INFO: Add of item with id Magento_Newsletter::newsletter_queue was processed [] []
[2025-03-12T13:13:17.151115+00:00] main.INFO: Add of item with id Magento_Newsletter::newsletter_subscriber was processed [] []
[2025-03-12T13:13:17.151134+00:00] main.INFO: Add of item with id Magento_Newsletter::newsletter_problem was processed [] []
[2025-03-12T13:13:17.151152+00:00] main.INFO: Add of item with id Magento_SalesRule::promo_quote was processed [] []
[2025-03-12T13:13:17.151170+00:00] main.INFO: Add of item with id Magento_Sitemap::catalog_sitemap was processed [] []
[2025-03-12T13:13:17.151188+00:00] main.INFO: Add of item with id Magento_PageBuilder::templates was processed [] []
[2025-03-12T13:13:17.151207+00:00] main.INFO: Add of item with id Magento_Paypal::report_salesroot_paypal_settlement_reports was processed [] []
[2025-03-12T13:13:17.151226+00:00] main.INFO: Add of item with id Magento_Paypal::paypal_billing_agreement was processed [] []
[2025-03-12T13:13:17.151244+00:00] main.INFO: Add of item with id Magento_Review::catalog_reviews_ratings_ratings was processed [] []
[2025-03-12T13:13:17.151267+00:00] main.INFO: Add of item with id Magento_Review::catalog_reviews_ratings_pending was processed [] []
[2025-03-12T13:13:17.151285+00:00] main.INFO: Add of item with id Magento_Review::catalog_reviews_ratings_reviews_all was processed [] []
[2025-03-12T13:13:17.151302+00:00] main.INFO: Add of item with id Magento_Review::report_review was processed [] []
[2025-03-12T13:13:17.151324+00:00] main.INFO: Add of item with id Magento_Review::report_review_customer was processed [] []
[2025-03-12T13:13:17.151343+00:00] main.INFO: Add of item with id Magento_Review::report_review_product was processed [] []
[2025-03-12T13:13:17.151361+00:00] main.INFO: Add of item with id Magento_CheckoutAgreements::sales_checkoutagreement was processed [] []
[2025-03-12T13:13:17.151379+00:00] main.INFO: Add of item with id Magento_TaxImportExport::system_convert_tax was processed [] []
[2025-03-12T13:13:17.151396+00:00] main.INFO: Add of item with id Magento_AsynchronousOperations::system_magento_logging was processed [] []
[2025-03-12T13:13:17.151418+00:00] main.INFO: Add of item with id Magento_AsynchronousOperations::system_magento_logging_bulk_operations was processed [] []
[2025-03-12T13:13:17.151438+00:00] main.INFO: Add of item with id Magento_CurrencySymbol::system_currency was processed [] []
[2025-03-12T13:13:17.151460+00:00] main.INFO: Add of item with id Magento_CurrencySymbol::system_currency_rates was processed [] []
[2025-03-12T13:13:17.151479+00:00] main.INFO: Add of item with id Magento_CurrencySymbol::system_currency_symbols was processed [] []
[2025-03-12T13:13:17.151496+00:00] main.INFO: Add of item with id PayPal_Braintree::settlement_report was processed [] []
[2025-03-12T13:13:17.151513+00:00] main.INFO: Add of item with id PayPal_Braintree::virtual_terminal was processed [] []
[2025-03-12T13:13:17.678095+00:00] main.INFO: Broken reference: the 'product.reviews' element cannot be added as child to 'product_tabs', because the latter doesn't exist [] []
[2025-03-12T13:13:17.678459+00:00] main.INFO: Broken reference: the 'notification.messages' tries to reorder itself towards 'user', but their parents are different: 'header.inner.right' and 'header' respectively. [] []
[2025-03-12T13:13:18.146137+00:00] main.INFO: Broken reference: the 'product.reviews' element cannot be added as child to 'product_tabs', because the latter doesn't exist [] []
[2025-03-12T13:13:18.146604+00:00] main.INFO: Broken reference: the 'notification.messages' tries to reorder itself towards 'user', but their parents are different: 'header.inner.right' and 'header' respectively. [] []
[2025-03-12T13:13:41.675266+00:00] main.INFO: Broken reference: the 'product.reviews' element cannot be added as child to 'product_tabs', because the latter doesn't exist [] []
[2025-03-12T13:13:41.675631+00:00] main.INFO: Broken reference: the 'notification.messages' tries to reorder itself towards 'user', but their parents are different: 'header.inner.right' and 'header' respectively. [] []
[2025-03-12T13:13:52.171908+00:00] main.INFO: Broken reference: the 'product.reviews' element cannot be added as child to 'product_tabs', because the latter doesn't exist [] []
[2025-03-12T13:13:52.172291+00:00] main.INFO: Broken reference: the 'notification.messages' tries to reorder itself towards 'user', but their parents are different: 'header.inner.right' and 'header' respectively. [] []
[2025-03-12T13:14:04.480303+00:00] main.INFO: Broken reference: the 'product.reviews' element cannot be added as child to 'product_tabs', because the latter doesn't exist [] []
[2025-03-12T13:14:04.480749+00:00] main.INFO: Broken reference: the 'notification.messages' tries to reorder itself towards 'user', but their parents are different: 'header.inner.right' and 'header' respectively. [] []
[2025-03-12T13:14:23.623845+00:00] main.INFO: Broken reference: the 'catalog.compare.sidebar' element cannot be added as child to 'sidebar.additional', because the latter doesn't exist [] []
[2025-03-12T13:14:23.624165+00:00] main.INFO: Broken reference: the 'sale.reorder.sidebar' element cannot be added as child to 'sidebar.additional', because the latter doesn't exist [] []
[2025-03-12T13:14:23.624239+00:00] main.INFO: Broken reference: the 'wishlist_sidebar' element cannot be added as child to 'sidebar.additional', because the latter doesn't exist [] []
[2025-03-12T13:14:23.624469+00:00] main.INFO: Broken reference: the 'skip_gallery_before' tries to reorder itself towards 'product.info.media.image', but their parents are different: 'skip_gallery_before.wrapper' and 'product.info.media' respectively. [] []
[2025-03-12T13:14:23.624502+00:00] main.INFO: Broken reference: the 'skip_gallery_after' tries to reorder itself towards 'product.info.media.image', but their parents are different: 'skip_gallery_after.wrapper' and 'product.info.media' respectively. [] []
[2025-03-12T13:14:57.267273+00:00] main.ERROR: Unable to resolve the source file for 'frontend/Magento/luma/en_US/moment.min.js.map' [] []
[2025-03-12T13:14:57.267711+00:00] main.CRITICAL: Unable to resolve the source file for 'frontend/Magento/luma/en_US/moment.min.js.map' [] []
[2025-03-12T13:14:57.268063+00:00] main.ERROR: Unable to resolve the source file for 'frontend/Magento/luma/en_US/vimeo/player.js.map' [] []
[2025-03-12T13:14:57.268424+00:00] main.CRITICAL: Unable to resolve the source file for 'frontend/Magento/luma/en_US/vimeo/player.js.map' [] []
[2025-05-13T12:07:23.119427+00:00] main.INFO: Broken reference: the 'catalog.compare.sidebar' element cannot be added as child to 'sidebar.additional', because the latter doesn't exist [] []
[2025-05-13T12:07:23.121916+00:00] main.INFO: Broken reference: the 'sale.reorder.sidebar' element cannot be added as child to 'sidebar.additional', because the latter doesn't exist [] []
[2025-05-13T12:07:23.122138+00:00] main.INFO: Broken reference: the 'wishlist_sidebar' element cannot be added as child to 'sidebar.additional', because the latter doesn't exist [] []
[2025-05-13T12:07:23.122242+00:00] main.INFO: Broken reference: the 'paypal.partner.right.logo' element cannot be added as child to 'sidebar.additional', because the latter doesn't exist [] []
[2025-05-13T12:07:23.122313+00:00] main.INFO: Broken reference: the 'bml.right.logo' element cannot be added as child to 'sidebar.additional', because the latter doesn't exist [] []
[2025-05-13T12:07:23.122376+00:00] main.INFO: Broken reference: the 'sidebar.container.paylater' element cannot be added as child to 'sidebar.additional', because the latter doesn't exist [] []
[2025-05-13T12:07:39.973411+00:00] main.INFO: Broken reference: the 'catalog.compare.sidebar' element cannot be added as child to 'sidebar.additional', because the latter doesn't exist [] []
[2025-05-13T12:07:39.973938+00:00] main.INFO: Broken reference: the 'sale.reorder.sidebar' element cannot be added as child to 'sidebar.additional', because the latter doesn't exist [] []
[2025-05-13T12:07:39.974063+00:00] main.INFO: Broken reference: the 'wishlist_sidebar' element cannot be added as child to 'sidebar.additional', because the latter doesn't exist [] []
[2025-05-13T12:07:39.974281+00:00] main.INFO: Broken reference: the 'checkout.cart.item.renderers.gift-card.actions.gift_options' element cannot be added as child to 'checkout.cart.item.renderers.gift-card.actions', because the latter doesn't exist [] []
[2025-05-13T12:07:39.974529+00:00] main.INFO: Broken reference: the 'checkout.cart.item.renderers.gift-card.actions.gift_options' tries to reorder itself towards '', but their parents are different: 'checkout.cart.item.renderers.gift-card.actions' and '' respectively. [] []
[2025-05-13T12:08:25.729961+00:00] main.INFO: Broken reference: the 'catalog.compare.sidebar' element cannot be added as child to 'sidebar.additional', because the latter doesn't exist [] []
[2025-05-13T12:08:25.731190+00:00] main.INFO: Broken reference: the 'sale.reorder.sidebar' element cannot be added as child to 'sidebar.additional', because the latter doesn't exist [] []
[2025-05-13T12:08:25.731660+00:00] main.INFO: Broken reference: the 'wishlist_sidebar' element cannot be added as child to 'sidebar.additional', because the latter doesn't exist [] []
[2025-05-13T12:08:25.732512+00:00] main.INFO: Broken reference: the 'checkout.cart.item.renderers.gift-card.actions.gift_options' element cannot be added as child to 'checkout.cart.item.renderers.gift-card.actions', because the latter doesn't exist [] []
[2025-05-13T12:08:25.733482+00:00] main.INFO: Broken reference: the 'checkout.cart.item.renderers.gift-card.actions.gift_options' tries to reorder itself towards '', but their parents are different: 'checkout.cart.item.renderers.gift-card.actions' and '' respectively. [] []
[2025-05-13T12:09:23.644203+00:00] main.INFO: Broken reference: the 'header.panel.wrapper' element cannot be added as child to 'header.container', because the latter doesn't exist [] []
[2025-05-13T12:09:23.645251+00:00] main.INFO: Broken reference: the 'header-wrapper' element cannot be added as child to 'header.container', because the latter doesn't exist [] []
[2025-05-13T12:09:23.645404+00:00] main.INFO: Broken reference: the 'navigation.sections' element cannot be added as child to 'page.top', because the latter doesn't exist [] []
[2025-05-13T12:09:23.645586+00:00] main.INFO: Broken reference: the 'top.container' element cannot be added as child to 'page.top', because the latter doesn't exist [] []
[2025-05-13T12:09:23.645713+00:00] main.INFO: Broken reference: the 'breadcrumbs' element cannot be added as child to 'page.top', because the latter doesn't exist [] []
[2025-05-13T12:09:23.645946+00:00] main.INFO: Broken reference: the 'footer' element cannot be added as child to 'footer-container', because the latter doesn't exist [] []
[2025-05-13T12:09:23.646251+00:00] main.INFO: Broken reference: the 'catalog.compare.sidebar' element cannot be added as child to 'sidebar.additional', because the latter doesn't exist [] []
[2025-05-13T12:09:23.646434+00:00] main.INFO: Broken reference: the 'sale.reorder.sidebar' element cannot be added as child to 'sidebar.additional', because the latter doesn't exist [] []
[2025-05-13T12:09:23.646837+00:00] main.INFO: Broken reference: the 'wishlist_sidebar' element cannot be added as child to 'sidebar.additional', because the latter doesn't exist [] []
[2025-05-13T12:09:23.647080+00:00] main.INFO: Broken reference: the 'header.panel.wrapper' tries to reorder itself towards '', but their parents are different: 'header.container' and '' respectively. [] []
[2025-05-13T12:09:23.647238+00:00] main.INFO: Broken reference: the 'navigation.sections' tries to reorder itself towards '', but their parents are different: 'page.top' and '' respectively. [] []
[2025-05-13T12:09:26.062659+00:00] main.INFO: Broken reference: the 'catalog.compare.sidebar' element cannot be added as child to 'sidebar.additional', because the latter doesn't exist [] []
[2025-05-13T12:09:26.063725+00:00] main.INFO: Broken reference: the 'sale.reorder.sidebar' element cannot be added as child to 'sidebar.additional', because the latter doesn't exist [] []
[2025-05-13T12:09:26.064202+00:00] main.INFO: Broken reference: the 'wishlist_sidebar' element cannot be added as child to 'sidebar.additional', because the latter doesn't exist [] []
[2025-05-13T12:09:26.064403+00:00] main.INFO: Broken reference: the 'paypal.partner.right.logo' element cannot be added as child to 'sidebar.additional', because the latter doesn't exist [] []
[2025-05-13T12:09:26.064530+00:00] main.INFO: Broken reference: the 'bml.right.logo' element cannot be added as child to 'sidebar.additional', because the latter doesn't exist [] []
[2025-05-13T12:09:26.064653+00:00] main.INFO: Broken reference: the 'sidebar.container.paylater' element cannot be added as child to 'sidebar.additional', because the latter doesn't exist [] []
[2025-05-13T12:09:29.668203+00:00] main.INFO: Broken reference: the 'catalog.compare.sidebar' element cannot be added as child to 'sidebar.additional', because the latter doesn't exist [] []
[2025-05-13T12:09:29.669694+00:00] main.INFO: Broken reference: the 'sale.reorder.sidebar' element cannot be added as child to 'sidebar.additional', because the latter doesn't exist [] []
[2025-05-13T12:09:29.670321+00:00] main.INFO: Broken reference: the 'wishlist_sidebar' element cannot be added as child to 'sidebar.additional', because the latter doesn't exist [] []
[2025-05-13T12:09:29.671141+00:00] main.INFO: Broken reference: the 'checkout.cart.item.renderers.gift-card.actions.gift_options' element cannot be added as child to 'checkout.cart.item.renderers.gift-card.actions', because the latter doesn't exist [] []
[2025-05-13T12:09:29.672056+00:00] main.INFO: Broken reference: the 'checkout.cart.item.renderers.gift-card.actions.gift_options' tries to reorder itself towards '', but their parents are different: 'checkout.cart.item.renderers.gift-card.actions' and '' respectively. [] []
[2025-05-13T12:10:06.595647+00:00] main.INFO: Broken reference: the 'catalog.compare.sidebar' element cannot be added as child to 'sidebar.additional', because the latter doesn't exist [] []
[2025-05-13T12:10:06.596870+00:00] main.INFO: Broken reference: the 'sale.reorder.sidebar' element cannot be added as child to 'sidebar.additional', because the latter doesn't exist [] []
[2025-05-13T12:10:06.597542+00:00] main.INFO: Broken reference: the 'wishlist_sidebar' element cannot be added as child to 'sidebar.additional', because the latter doesn't exist [] []
[2025-05-13T12:10:06.598517+00:00] main.INFO: Broken reference: the 'checkout.cart.item.renderers.gift-card.actions.gift_options' element cannot be added as child to 'checkout.cart.item.renderers.gift-card.actions', because the latter doesn't exist [] []
[2025-05-13T12:10:06.599672+00:00] main.INFO: Broken reference: the 'checkout.cart.item.renderers.gift-card.actions.gift_options' tries to reorder itself towards '', but their parents are different: 'checkout.cart.item.renderers.gift-card.actions' and '' respectively. [] []
[2025-05-13T12:11:13.833423+00:00] main.INFO: Broken reference: the 'catalog.compare.sidebar' element cannot be added as child to 'sidebar.additional', because the latter doesn't exist [] []
[2025-05-13T12:11:13.834288+00:00] main.INFO: Broken reference: the 'sale.reorder.sidebar' element cannot be added as child to 'sidebar.additional', because the latter doesn't exist [] []
[2025-05-13T12:11:13.834666+00:00] main.INFO: Broken reference: the 'wishlist_sidebar' element cannot be added as child to 'sidebar.additional', because the latter doesn't exist [] []
[2025-05-13T12:11:13.835405+00:00] main.INFO: Broken reference: the 'checkout.cart.item.renderers.gift-card.actions.gift_options' element cannot be added as child to 'checkout.cart.item.renderers.gift-card.actions', because the latter doesn't exist [] []
[2025-05-13T12:11:13.836268+00:00] main.INFO: Broken reference: the 'checkout.cart.item.renderers.gift-card.actions.gift_options' tries to reorder itself towards '', but their parents are different: 'checkout.cart.item.renderers.gift-card.actions' and '' respectively. [] []
[2025-05-13T12:13:19.994243+00:00] main.INFO: Broken reference: the 'catalog.compare.sidebar' element cannot be added as child to 'sidebar.additional', because the latter doesn't exist [] []
[2025-05-13T12:13:19.995187+00:00] main.INFO: Broken reference: the 'sale.reorder.sidebar' element cannot be added as child to 'sidebar.additional', because the latter doesn't exist [] []
[2025-05-13T12:13:19.995583+00:00] main.INFO: Broken reference: the 'wishlist_sidebar' element cannot be added as child to 'sidebar.additional', because the latter doesn't exist [] []
[2025-05-13T12:13:19.996306+00:00] main.INFO: Broken reference: the 'checkout.cart.item.renderers.gift-card.actions.gift_options' element cannot be added as child to 'checkout.cart.item.renderers.gift-card.actions', because the latter doesn't exist [] []
[2025-05-13T12:13:19.997154+00:00] main.INFO: Broken reference: the 'checkout.cart.item.renderers.gift-card.actions.gift_options' tries to reorder itself towards '', but their parents are different: 'checkout.cart.item.renderers.gift-card.actions' and '' respectively. [] []
[2025-05-13T12:14:21.593883+00:00] main.INFO: Broken reference: the 'catalog.compare.sidebar' element cannot be added as child to 'sidebar.additional', because the latter doesn't exist [] []
[2025-05-13T12:14:21.595004+00:00] main.INFO: Broken reference: the 'sale.reorder.sidebar' element cannot be added as child to 'sidebar.additional', because the latter doesn't exist [] []
[2025-05-13T12:14:21.595506+00:00] main.INFO: Broken reference: the 'wishlist_sidebar' element cannot be added as child to 'sidebar.additional', because the latter doesn't exist [] []
[2025-05-13T12:14:21.596494+00:00] main.INFO: Broken reference: the 'checkout.cart.item.renderers.gift-card.actions.gift_options' element cannot be added as child to 'checkout.cart.item.renderers.gift-card.actions', because the latter doesn't exist [] []
[2025-05-13T12:14:21.597652+00:00] main.INFO: Broken reference: the 'checkout.cart.item.renderers.gift-card.actions.gift_options' tries to reorder itself towards '', but their parents are different: 'checkout.cart.item.renderers.gift-card.actions' and '' respectively. [] []
[2025-05-13T13:46:07.332280+00:00] main.INFO: Broken reference: the 'catalog.compare.sidebar' element cannot be added as child to 'sidebar.additional', because the latter doesn't exist [] []
[2025-05-13T13:46:07.333031+00:00] main.INFO: Broken reference: the 'sale.reorder.sidebar' element cannot be added as child to 'sidebar.additional', because the latter doesn't exist [] []
[2025-05-13T13:46:07.333357+00:00] main.INFO: Broken reference: the 'wishlist_sidebar' element cannot be added as child to 'sidebar.additional', because the latter doesn't exist [] []
[2025-05-13T13:46:07.333511+00:00] main.INFO: Broken reference: the 'paypal.partner.right.logo' element cannot be added as child to 'sidebar.additional', because the latter doesn't exist [] []
[2025-05-13T13:46:07.333603+00:00] main.INFO: Broken reference: the 'bml.right.logo' element cannot be added as child to 'sidebar.additional', because the latter doesn't exist [] []
[2025-05-13T13:46:07.333692+00:00] main.INFO: Broken reference: the 'sidebar.container.paylater' element cannot be added as child to 'sidebar.additional', because the latter doesn't exist [] []
[2025-05-13T13:46:14.871254+00:00] main.INFO: Broken reference: the 'tracking' element cannot be added as child to 'header', because the latter doesn't exist [] []
[2025-05-13T13:46:14.871976+00:00] main.INFO: Broken reference: the 'notification_area' element cannot be added as child to 'notifications', because the latter doesn't exist [] []
[2025-05-13T13:46:14.872080+00:00] main.INFO: Broken reference: the 'unread_system_messages' element cannot be added as child to 'notifications', because the latter doesn't exist [] []
[2025-05-13T13:46:14.872172+00:00] main.INFO: Broken reference: the 'notification_window' element cannot be added as child to 'notifications', because the latter doesn't exist [] []
[2025-05-13T13:46:14.872260+00:00] main.INFO: Broken reference: the 'notification.messages' element cannot be added as child to 'header', because the latter doesn't exist [] []
[2025-05-13T13:46:14.872361+00:00] main.INFO: Broken reference: the 'global_notices' element cannot be added as child to 'global.notices', because the latter doesn't exist [] []
[2025-05-13T13:46:14.872449+00:00] main.INFO: Broken reference: the 'logo' element cannot be added as child to 'header', because the latter doesn't exist [] []
[2025-05-13T13:46:14.872538+00:00] main.INFO: Broken reference: the 'global.search' element cannot be added as child to 'header', because the latter doesn't exist [] []
[2025-05-13T13:46:14.872625+00:00] main.INFO: Broken reference: the 'user' element cannot be added as child to 'header', because the latter doesn't exist [] []
[2025-05-13T13:46:14.872713+00:00] main.INFO: Broken reference: the 'menu' element cannot be added as child to 'page.menu', because the latter doesn't exist [] []
[2025-05-13T13:46:14.872804+00:00] main.INFO: Broken reference: the 'breadcrumbs' element cannot be added as child to 'page.breadcrumbs', because the latter doesn't exist [] []
[2025-05-13T13:46:14.872892+00:00] main.INFO: Broken reference: the 'formkey' element cannot be added as child to 'page.formkey', because the latter doesn't exist [] []
[2025-05-13T13:46:14.872978+00:00] main.INFO: Broken reference: the 'page.title' element cannot be added as child to 'main.top', because the latter doesn't exist [] []
[2025-05-13T13:46:14.873064+00:00] main.INFO: Broken reference: the 'messages' element cannot be added as child to 'page.messages', because the latter doesn't exist [] []
[2025-05-13T13:46:14.873150+00:00] main.INFO: Broken reference: the 'page.actions.toolbar' element cannot be added as child to 'page.main.actions', because the latter doesn't exist [] []
[2025-05-13T13:46:14.873240+00:00] main.INFO: Broken reference: the 'legal' element cannot be added as child to 'footer', because the latter doesn't exist [] []
[2025-05-13T13:46:14.873440+00:00] main.INFO: Broken reference: the 'header.inner.left' element cannot be added as child to 'header', because the latter doesn't exist [] []
[2025-05-13T13:46:14.873531+00:00] main.INFO: Broken reference: the 'header.inner.right' element cannot be added as child to 'header', because the latter doesn't exist [] []
[2025-05-13T13:46:14.873683+00:00] main.INFO: Broken reference: the 'user' tries to reorder itself towards '', but their parents are different: 'header' and '' respectively. [] []
[2025-05-13T13:46:14.873772+00:00] main.INFO: Broken reference: the 'notification.messages' tries to reorder itself towards 'user', but their parents are different: 'header' and '' respectively. [] []
[2025-05-13T13:46:14.873866+00:00] main.INFO: Broken reference: the 'logo' tries to reorder itself towards '', but their parents are different: 'header' and '' respectively. [] []
[2025-05-13T13:46:14.873958+00:00] main.INFO: Broken reference: the 'global.search' tries to reorder itself towards 'logo', but their parents are different: 'header' and '' respectively. [] []
[2025-05-13T13:46:14.874049+00:00] main.INFO: Broken reference: the 'page.actions.toolbar' tries to reorder itself towards '', but their parents are different: 'page.main.actions' and '' respectively. [] []
[2025-05-13T13:46:14.874158+00:00] main.INFO: Broken reference: the 'header.inner.left' tries to reorder itself towards '', but their parents are different: 'header' and '' respectively. [] []
[2025-05-13T13:46:14.874247+00:00] main.INFO: Broken reference: the 'header.inner.right' tries to reorder itself towards 'header.inner.left', but their parents are different: 'header' and '' respectively. [] []
[2025-05-13T13:46:14.874343+00:00] main.INFO: Broken reference: the 'notification.messages' tries to reorder itself towards 'user', but their parents are different: 'header.inner.right' and '' respectively. [] []
[2025-05-13T13:46:20.302969+00:00] main.INFO: Broken reference: the 'notification.messages' tries to reorder itself towards 'user', but their parents are different: 'header.inner.right' and 'header' respectively. [] []
[2025-05-13T13:46:50.713427+00:00] main.INFO: Broken reference: the 'notification.messages' tries to reorder itself towards 'user', but their parents are different: 'header.inner.right' and 'header' respectively. [] []
[2025-05-13T13:47:04.983164+00:00] main.INFO: Broken reference: the 'notification.messages' tries to reorder itself towards 'user', but their parents are different: 'header.inner.right' and 'header' respectively. [] []
[2025-05-13T13:47:10.776861+00:00] main.INFO: Broken reference: the 'notification.messages' tries to reorder itself towards 'user', but their parents are different: 'header.inner.right' and 'header' respectively. [] []
[2025-05-13T13:47:18.664316+00:00] main.INFO: Broken reference: the 'notification.messages' tries to reorder itself towards 'user', but their parents are different: 'header.inner.right' and 'header' respectively. [] []
[2025-10-30T08:39:57.847244+00:00] main.INFO: Broken reference: the 'catalog.compare.sidebar' element cannot be added as child to 'sidebar.additional', because the latter doesn't exist [] []
[2025-10-30T08:39:57.850547+00:00] main.INFO: Broken reference: the 'sale.reorder.sidebar' element cannot be added as child to 'sidebar.additional', because the latter doesn't exist [] []
[2025-10-30T08:39:57.850854+00:00] main.INFO: Broken reference: the 'wishlist_sidebar' element cannot be added as child to 'sidebar.additional', because the latter doesn't exist [] []
[2025-10-30T08:39:57.850994+00:00] main.INFO: Broken reference: the 'paypal.partner.right.logo' element cannot be added as child to 'sidebar.additional', because the latter doesn't exist [] []
[2025-10-30T08:39:57.851076+00:00] main.INFO: Broken reference: the 'bml.right.logo' element cannot be added as child to 'sidebar.additional', because the latter doesn't exist [] []
[2025-10-30T08:39:57.851169+00:00] main.INFO: Broken reference: the 'sidebar.container.paylater' element cannot be added as child to 'sidebar.additional', because the latter doesn't exist [] []
[2025-10-30T08:48:19.545215+00:00] main.ERROR: Warning: Cannot modify header information - headers already sent by (output started at /var/www/html/vendor/beberlei/assert/lib/Assert/functions.php:35) in /var/www/html/vendor/magento/framework/Stdlib/Cookie/PhpCookieManager.php on line 143 [] []
[2025-10-30T08:48:19.545213+00:00] main.ERROR: Warning: Cannot modify header information - headers already sent by (output started at /var/www/html/vendor/magento/framework/App/DeploymentConfig/Writer.php:69) in /var/www/html/vendor/magento/framework/Stdlib/Cookie/PhpCookieManager.php on line 143 [] []
[2025-10-30T08:48:19.956719+00:00] main.ERROR: Warning: Cannot modify header information - headers already sent by (output started at /var/www/html/vendor/magento/framework/App/ErrorHandler.php:31) in /var/www/html/vendor/magento/framework/Stdlib/Cookie/PhpCookieManager.php on line 143 [] []
[2025-10-30T08:48:22.524290+00:00] main.ERROR: Warning: Cannot modify header information - headers already sent by (output started at /var/www/html/vendor/magento/framework/App/ErrorHandler.php:31) in /var/www/html/vendor/magento/framework/Stdlib/Cookie/PhpCookieManager.php on line 143 [] []
[2025-10-30T08:57:48.571560+00:00] main.INFO: Source table payment_services_order_status_data_production_submitted_hash does not exist. Skipping data migration... [] []
[2025-10-30T08:57:52.388571+00:00] main.WARNING: Memory size allocated for the temporary table is more than 20% of innodb_buffer_pool_size. Please update innodb_buffer_pool_size or decrease batch size value (which decreases memory usages for the temporary table). Current batch size: 100000; Allocated memory size: 50000000 bytes; InnoDB buffer pool size: 134217728 bytes. [] []
[2025-10-30T08:57:52.420386+00:00] main.WARNING: Memory size allocated for the temporary table is more than 20% of innodb_buffer_pool_size. Please update innodb_buffer_pool_size or decrease batch size value (which decreases memory usages for the temporary table). Current batch size: 100000; Allocated memory size: 50000000 bytes; InnoDB buffer pool size: 134217728 bytes. [] []
[2025-10-30T08:57:52.459780+00:00] main.WARNING: Memory size allocated for the temporary table is more than 20% of innodb_buffer_pool_size. Please update innodb_buffer_pool_size or decrease batch size value (which decreases memory usages for the temporary table). Current batch size: 100000; Allocated memory size: 50000000 bytes; InnoDB buffer pool size: 134217728 bytes. [] []
[2025-10-30T08:57:52.662042+00:00] main.WARNING: Memory size allocated for the temporary table is more than 20% of innodb_buffer_pool_size. Please update innodb_buffer_pool_size or decrease batch size value (which decreases memory usages for the temporary table). Current batch size: 100000; Allocated memory size: 50000000 bytes; InnoDB buffer pool size: 134217728 bytes. [] []
[2025-10-30T08:57:52.702720+00:00] main.WARNING: Memory size allocated for the temporary table is more than 20% of innodb_buffer_pool_size. Please update innodb_buffer_pool_size or decrease batch size value (which decreases memory usages for the temporary table). Current batch size: 100000; Allocated memory size: 50000000 bytes; InnoDB buffer pool size: 134217728 bytes. [] []
[2025-10-30T08:57:52.738073+00:00] main.WARNING: Memory size allocated for the temporary table is more than 20% of innodb_buffer_pool_size. Please update innodb_buffer_pool_size or decrease batch size value (which decreases memory usages for the temporary table). Current batch size: 100000; Allocated memory size: 50000000 bytes; InnoDB buffer pool size: 134217728 bytes. [] []
[2025-10-30T08:57:54.881182+00:00] main.WARNING: Memory size allocated for the temporary table is more than 20% of innodb_buffer_pool_size. Please update innodb_buffer_pool_size or decrease batch size value (which decreases memory usages for the temporary table). Current batch size: 3334; Allocated memory size: 40008000 bytes; InnoDB buffer pool size: 134217728 bytes. [] []
[2025-10-30T08:58:54.275326+00:00] main.WARNING: Memory size allocated for the temporary table is more than 20% of innodb_buffer_pool_size. Please update innodb_buffer_pool_size or decrease batch size value (which decreases memory usages for the temporary table). Current batch size: 100000; Allocated memory size: 50000000 bytes; InnoDB buffer pool size: 134217728 bytes. [] []
[2025-10-30T08:58:54.321930+00:00] main.WARNING: Memory size allocated for the temporary table is more than 20% of innodb_buffer_pool_size. Please update innodb_buffer_pool_size or decrease batch size value (which decreases memory usages for the temporary table). Current batch size: 100000; Allocated memory size: 50000000 bytes; InnoDB buffer pool size: 134217728 bytes. [] []
[2025-10-30T08:58:54.497019+00:00] main.WARNING: Memory size allocated for the temporary table is more than 20% of innodb_buffer_pool_size. Please update innodb_buffer_pool_size or decrease batch size value (which decreases memory usages for the temporary table). Current batch size: 100000; Allocated memory size: 50000000 bytes; InnoDB buffer pool size: 134217728 bytes. [] []
[2025-10-30T08:58:56.787401+00:00] main.WARNING: Memory size allocated for the temporary table is more than 20% of innodb_buffer_pool_size. Please update innodb_buffer_pool_size or decrease batch size value (which decreases memory usages for the temporary table). Current batch size: 3334; Allocated memory size: 40008000 bytes; InnoDB buffer pool size: 134217728 bytes. [] []
[2025-10-30T08:58:56.962423+00:00] main.CRITICAL: Catalog Product Rule index is locked by another reindex process. Skipping. [] []
[2025-10-30T08:59:01.958922+00:00] main.ERROR: Braintree\Configuration::merchantId needs to be set (or accessToken needs to be passed to Braintree\Gateway). [] []
[2025-10-30T08:59:04.742531+00:00] main.INFO: Broken reference: the 'catalog.compare.sidebar' element cannot be added as child to 'sidebar.additional', because the latter doesn't exist [] []
[2025-10-30T08:59:04.742737+00:00] main.INFO: Broken reference: the 'sale.reorder.sidebar' element cannot be added as child to 'sidebar.additional', because the latter doesn't exist [] []
[2025-10-30T08:59:04.742839+00:00] main.INFO: Broken reference: the 'wishlist_sidebar' element cannot be added as child to 'sidebar.additional', because the latter doesn't exist [] []
[2025-10-30T08:59:04.865910+00:00] main.ERROR: Braintree\Configuration::merchantId needs to be set (or accessToken needs to be passed to Braintree\Gateway). [] []
[2025-10-30T08:59:04.897760+00:00] main.ERROR: Braintree\Configuration::merchantId needs to be set (or accessToken needs to be passed to Braintree\Gateway). [] []
[2025-10-30T08:59:06.894148+00:00] main.ERROR: Braintree\Configuration::merchantId needs to be set (or accessToken needs to be passed to Braintree\Gateway). [] []
[2025-10-30T08:59:10.137311+00:00] main.ERROR: Braintree\Configuration::merchantId needs to be set (or accessToken needs to be passed to Braintree\Gateway). [] []
[2025-10-30T08:59:11.997795+00:00] main.ERROR: Braintree\Configuration::merchantId needs to be set (or accessToken needs to be passed to Braintree\Gateway). [] []
[2025-10-30T08:59:13.351218+00:00] main.INFO: Broken reference: the 'catalog.compare.sidebar' element cannot be added as child to 'sidebar.additional', because the latter doesn't exist [] []
[2025-10-30T08:59:13.351420+00:00] main.INFO: Broken reference: the 'sale.reorder.sidebar' element cannot be added as child to 'sidebar.additional', because the latter doesn't exist [] []
[2025-10-30T08:59:13.351669+00:00] main.INFO: Broken reference: the 'wishlist_sidebar' element cannot be added as child to 'sidebar.additional', because the latter doesn't exist [] []
[2025-10-30T08:59:13.434730+00:00] main.ERROR: Braintree\Configuration::merchantId needs to be set (or accessToken needs to be passed to Braintree\Gateway). [] []
[2025-10-30T08:59:13.448075+00:00] main.ERROR: Braintree\Configuration::merchantId needs to be set (or accessToken needs to be passed to Braintree\Gateway). [] []
[2025-10-30T08:59:16.137805+00:00] main.ERROR: Braintree\Configuration::merchantId needs to be set (or accessToken needs to be passed to Braintree\Gateway). [] []
[2025-10-30T08:59:17.922655+00:00] main.ERROR: Braintree\Configuration::merchantId needs to be set (or accessToken needs to be passed to Braintree\Gateway). [] []
[2025-10-30T08:59:19.045718+00:00] main.INFO: Broken reference: the 'catalog.compare.sidebar' element cannot be added as child to 'sidebar.additional', because the latter doesn't exist [] []
[2025-10-30T08:59:19.045875+00:00] main.INFO: Broken reference: the 'sale.reorder.sidebar' element cannot be added as child to 'sidebar.additional', because the latter doesn't exist [] []
[2025-10-30T08:59:19.045970+00:00] main.INFO: Broken reference: the 'wishlist_sidebar' element cannot be added as child to 'sidebar.additional', because the latter doesn't exist [] []
[2025-10-30T08:59:19.113740+00:00] main.ERROR: Braintree\Configuration::merchantId needs to be set (or accessToken needs to be passed to Braintree\Gateway). [] []
[2025-10-30T08:59:19.132681+00:00] main.ERROR: Braintree\Configuration::merchantId needs to be set (or accessToken needs to be passed to Braintree\Gateway). [] []
[2025-10-30T08:59:25.092763+00:00] main.INFO: Broken reference: the 'catalog.compare.sidebar' element cannot be added as child to 'sidebar.additional', because the latter doesn't exist [] []
[2025-10-30T08:59:25.092968+00:00] main.INFO: Broken reference: the 'sale.reorder.sidebar' element cannot be added as child to 'sidebar.additional', because the latter doesn't exist [] []
[2025-10-30T08:59:25.093077+00:00] main.INFO: Broken reference: the 'wishlist_sidebar' element cannot be added as child to 'sidebar.additional', because the latter doesn't exist [] []
[2025-10-30T08:59:25.168674+00:00] main.ERROR: Braintree\Configuration::merchantId needs to be set (or accessToken needs to be passed to Braintree\Gateway). [] []
[2025-10-30T08:59:25.189787+00:00] main.ERROR: Braintree\Configuration::merchantId needs to be set (or accessToken needs to be passed to Braintree\Gateway). [] []
[2025-10-30T08:59:26.999497+00:00] main.ERROR: Braintree\Configuration::merchantId needs to be set (or accessToken needs to be passed to Braintree\Gateway). [] []
[2025-10-30T08:59:29.808574+00:00] main.ERROR: Braintree\Configuration::merchantId needs to be set (or accessToken needs to be passed to Braintree\Gateway). [] []
[2025-10-30T08:59:31.856545+00:00] main.ERROR: Braintree\Configuration::merchantId needs to be set (or accessToken needs to be passed to Braintree\Gateway). [] []
[2025-10-30T08:59:33.044977+00:00] main.ERROR: Braintree\Configuration::merchantId needs to be set (or accessToken needs to be passed to Braintree\Gateway). [] []
[2025-10-30T08:59:35.315460+00:00] main.INFO: Broken reference: the 'catalog.compare.sidebar' element cannot be added as child to 'sidebar.additional', because the latter doesn't exist [] []
[2025-10-30T08:59:35.315625+00:00] main.INFO: Broken reference: the 'sale.reorder.sidebar' element cannot be added as child to 'sidebar.additional', because the latter doesn't exist [] []
[2025-10-30T08:59:35.315727+00:00] main.INFO: Broken reference: the 'wishlist_sidebar' element cannot be added as child to 'sidebar.additional', because the latter doesn't exist [] []
[2025-10-30T08:59:35.387989+00:00] main.ERROR: Braintree\Configuration::merchantId needs to be set (or accessToken needs to be passed to Braintree\Gateway). [] []
[2025-10-30T08:59:35.412197+00:00] main.ERROR: Braintree\Configuration::merchantId needs to be set (or accessToken needs to be passed to Braintree\Gateway). [] []
[2025-10-30T08:59:41.370739+00:00] main.ERROR: Braintree\Configuration::merchantId needs to be set (or accessToken needs to be passed to Braintree\Gateway). [] []
[2025-10-30T08:59:42.167700+00:00] main.INFO: Broken reference: the 'catalog.compare.sidebar' element cannot be added as child to 'sidebar.additional', because the latter doesn't exist [] []
[2025-10-30T08:59:42.167893+00:00] main.INFO: Broken reference: the 'sale.reorder.sidebar' element cannot be added as child to 'sidebar.additional', because the latter doesn't exist [] []
[2025-10-30T08:59:42.167984+00:00] main.INFO: Broken reference: the 'wishlist_sidebar' element cannot be added as child to 'sidebar.additional', because the latter doesn't exist [] []
[2025-10-30T08:59:42.168029+00:00] main.INFO: Broken reference: the 'paypal.partner.right.logo' element cannot be added as child to 'sidebar.additional', because the latter doesn't exist [] []
[2025-10-30T08:59:42.168058+00:00] main.INFO: Broken reference: the 'bml.right.logo' element cannot be added as child to 'sidebar.additional', because the latter doesn't exist [] []
[2025-10-30T08:59:42.168084+00:00] main.INFO: Broken reference: the 'sidebar.container.paylater' element cannot be added as child to 'sidebar.additional', because the latter doesn't exist [] []
[2025-10-30T08:59:42.230529+00:00] main.ERROR: Braintree\Configuration::merchantId needs to be set (or accessToken needs to be passed to Braintree\Gateway). [] []
[2025-10-30T08:59:45.376163+00:00] main.INFO: Broken reference: the 'catalog.compare.sidebar' element cannot be added as child to 'sidebar.additional', because the latter doesn't exist [] []
[2025-10-30T08:59:45.376305+00:00] main.INFO: Broken reference: the 'sale.reorder.sidebar' element cannot be added as child to 'sidebar.additional', because the latter doesn't exist [] []
[2025-10-30T08:59:45.376401+00:00] main.INFO: Broken reference: the 'wishlist_sidebar' element cannot be added as child to 'sidebar.additional', because the latter doesn't exist [] []
[2025-10-30T08:59:45.441778+00:00] main.ERROR: Braintree\Configuration::merchantId needs to be set (or accessToken needs to be passed to Braintree\Gateway). [] []
[2025-10-30T08:59:45.454617+00:00] main.ERROR: Braintree\Configuration::merchantId needs to be set (or accessToken needs to be passed to Braintree\Gateway). [] []
[2025-10-30T08:59:56.185225+00:00] main.ERROR: Braintree\Configuration::merchantId needs to be set (or accessToken needs to be passed to Braintree\Gateway). [] []
[2025-10-30T09:00:04.005622+00:00] main.INFO: Broken reference: the 'tracking' element cannot be added as child to 'header', because the latter doesn't exist [] []
[2025-10-30T09:00:04.005752+00:00] main.INFO: Broken reference: the 'notification_area' element cannot be added as child to 'notifications', because the latter doesn't exist [] []
[2025-10-30T09:00:04.005791+00:00] main.INFO: Broken reference: the 'unread_system_messages' element cannot be added as child to 'notifications', because the latter doesn't exist [] []
[2025-10-30T09:00:04.005840+00:00] main.INFO: Broken reference: the 'notification_window' element cannot be added as child to 'notifications', because the latter doesn't exist [] []
[2025-10-30T09:00:04.005868+00:00] main.INFO: Broken reference: the 'notification.messages' element cannot be added as child to 'header', because the latter doesn't exist [] []
[2025-10-30T09:00:04.005899+00:00] main.INFO: Broken reference: the 'global_notices' element cannot be added as child to 'global.notices', because the latter doesn't exist [] []
[2025-10-30T09:00:04.005927+00:00] main.INFO: Broken reference: the 'logo' element cannot be added as child to 'header', because the latter doesn't exist [] []
[2025-10-30T09:00:04.005955+00:00] main.INFO: Broken reference: the 'global.search' element cannot be added as child to 'header', because the latter doesn't exist [] []
[2025-10-30T09:00:04.005983+00:00] main.INFO: Broken reference: the 'user' element cannot be added as child to 'header', because the latter doesn't exist [] []
[2025-10-30T09:00:04.006010+00:00] main.INFO: Broken reference: the 'menu' element cannot be added as child to 'page.menu', because the latter doesn't exist [] []
[2025-10-30T09:00:04.006037+00:00] main.INFO: Broken reference: the 'breadcrumbs' element cannot be added as child to 'page.breadcrumbs', because the latter doesn't exist [] []
[2025-10-30T09:00:04.006069+00:00] main.INFO: Broken reference: the 'formkey' element cannot be added as child to 'page.formkey', because the latter doesn't exist [] []
[2025-10-30T09:00:04.006095+00:00] main.INFO: Broken reference: the 'page.title' element cannot be added as child to 'main.top', because the latter doesn't exist [] []
[2025-10-30T09:00:04.006123+00:00] main.INFO: Broken reference: the 'messages' element cannot be added as child to 'page.messages', because the latter doesn't exist [] []
[2025-10-30T09:00:04.006150+00:00] main.INFO: Broken reference: the 'page.actions.toolbar' element cannot be added as child to 'page.main.actions', because the latter doesn't exist [] []
[2025-10-30T09:00:04.006177+00:00] main.INFO: Broken reference: the 'legal' element cannot be added as child to 'footer', because the latter doesn't exist [] []
[2025-10-30T09:00:04.006235+00:00] main.INFO: Broken reference: the 'header.inner.left' element cannot be added as child to 'header', because the latter doesn't exist [] []
[2025-10-30T09:00:04.006267+00:00] main.INFO: Broken reference: the 'header.inner.right' element cannot be added as child to 'header', because the latter doesn't exist [] []
[2025-10-30T09:00:04.006316+00:00] main.INFO: Broken reference: the 'user' tries to reorder itself towards '', but their parents are different: 'header' and '' respectively. [] []
[2025-10-30T09:00:04.006385+00:00] main.INFO: Broken reference: the 'notification.messages' tries to reorder itself towards 'user', but their parents are different: 'header' and '' respectively. [] []
[2025-10-30T09:00:04.006414+00:00] main.INFO: Broken reference: the 'logo' tries to reorder itself towards '', but their parents are different: 'header' and '' respectively. [] []
[2025-10-30T09:00:04.006444+00:00] main.INFO: Broken reference: the 'global.search' tries to reorder itself towards 'logo', but their parents are different: 'header' and '' respectively. [] []
[2025-10-30T09:00:04.006471+00:00] main.INFO: Broken reference: the 'page.actions.toolbar' tries to reorder itself towards '', but their parents are different: 'page.main.actions' and '' respectively. [] []
[2025-10-30T09:00:04.006511+00:00] main.INFO: Broken reference: the 'header.inner.left' tries to reorder itself towards '', but their parents are different: 'header' and '' respectively. [] []
[2025-10-30T09:00:04.006541+00:00] main.INFO: Broken reference: the 'header.inner.right' tries to reorder itself towards 'header.inner.left', but their parents are different: 'header' and '' respectively. [] []
[2025-10-30T09:00:04.006573+00:00] main.INFO: Broken reference: the 'notification.messages' tries to reorder itself towards 'user', but their parents are different: 'header.inner.right' and '' respectively. [] []
[2025-10-30T09:00:12.103805+00:00] main.INFO: Broken reference: the 'notification.messages' tries to reorder itself towards 'user', but their parents are different: 'header.inner.right' and 'header' respectively. [] []
[2025-10-30T09:00:27.347417+00:00] main.INFO: Broken reference: the 'notification.messages' tries to reorder itself towards 'user', but their parents are different: 'header.inner.right' and 'header' respectively. [] []
[2025-10-30T09:00:30.337711+00:00] main.INFO: Broken reference: the 'notification.messages' tries to reorder itself towards 'user', but their parents are different: 'header.inner.right' and 'header' respectively. [] []
[2025-10-30T09:00:41.540916+00:00] main.INFO: Broken reference: the 'notification.messages' tries to reorder itself towards 'user', but their parents are different: 'header.inner.right' and 'header' respectively. [] []
[2025-10-30T09:01:05.522219+00:00] main.INFO: Broken reference: the 'notification.messages' tries to reorder itself towards 'user', but their parents are different: 'header.inner.right' and 'header' respectively. [] []
[2025-10-30T09:01:08.211478+00:00] main.INFO: Broken reference: the 'notification.messages' tries to reorder itself towards 'user', but their parents are different: 'header.inner.right' and 'header' respectively. [] []
[2025-10-30T09:01:12.920223+00:00] main.INFO: Broken reference: the 'notification.messages' tries to reorder itself towards 'user', but their parents are different: 'header.inner.right' and 'header' respectively. [] []
[2025-10-30T09:01:14.745093+00:00] main.INFO: Broken reference: the 'notification.messages' tries to reorder itself towards 'user', but their parents are different: 'header.inner.right' and 'header' respectively. [] []
[2025-10-30T09:01:16.660121+00:00] main.INFO: Broken reference: the 'notification.messages' tries to reorder itself towards 'user', but their parents are different: 'header.inner.right' and 'header' respectively. [] []
[2025-10-30T09:01:18.173511+00:00] main.INFO: Broken reference: the 'notification.messages' tries to reorder itself towards 'user', but their parents are different: 'header.inner.right' and 'header' respectively. [] []
[2025-10-30T09:01:19.203879+00:00] main.INFO: Broken reference: the 'notification.messages' tries to reorder itself towards 'user', but their parents are different: 'header.inner.right' and 'header' respectively. [] []
[2025-10-30T09:01:23.319977+00:00] main.INFO: Broken reference: the 'notification.messages' tries to reorder itself towards 'user', but their parents are different: 'header.inner.right' and 'header' respectively. [] []
[2025-10-30T09:16:26.137369+00:00] main.WARNING: Memory size allocated for the temporary table is more than 20% of innodb_buffer_pool_size. Please update innodb_buffer_pool_size or decrease batch size value (which decreases memory usages for the temporary table). Current batch size: 100000; Allocated memory size: 50000000 bytes; InnoDB buffer pool size: 134217728 bytes. [] []
[2025-10-30T09:16:26.180841+00:00] main.WARNING: Memory size allocated for the temporary table is more than 20% of innodb_buffer_pool_size. Please update innodb_buffer_pool_size or decrease batch size value (which decreases memory usages for the temporary table). Current batch size: 100000; Allocated memory size: 50000000 bytes; InnoDB buffer pool size: 134217728 bytes. [] []
[2025-10-30T09:16:26.233669+00:00] main.WARNING: Memory size allocated for the temporary table is more than 20% of innodb_buffer_pool_size. Please update innodb_buffer_pool_size or decrease batch size value (which decreases memory usages for the temporary table). Current batch size: 100000; Allocated memory size: 50000000 bytes; InnoDB buffer pool size: 134217728 bytes. [] []
[2025-10-30T09:16:26.469300+00:00] main.WARNING: Memory size allocated for the temporary table is more than 20% of innodb_buffer_pool_size. Please update innodb_buffer_pool_size or decrease batch size value (which decreases memory usages for the temporary table). Current batch size: 100000; Allocated memory size: 50000000 bytes; InnoDB buffer pool size: 134217728 bytes. [] []
[2025-10-30T09:16:26.515525+00:00] main.WARNING: Memory size allocated for the temporary table is more than 20% of innodb_buffer_pool_size. Please update innodb_buffer_pool_size or decrease batch size value (which decreases memory usages for the temporary table). Current batch size: 100000; Allocated memory size: 50000000 bytes; InnoDB buffer pool size: 134217728 bytes. [] []
[2025-10-30T09:16:26.564799+00:00] main.WARNING: Memory size allocated for the temporary table is more than 20% of innodb_buffer_pool_size. Please update innodb_buffer_pool_size or decrease batch size value (which decreases memory usages for the temporary table). Current batch size: 100000; Allocated memory size: 50000000 bytes; InnoDB buffer pool size: 134217728 bytes. [] []
[2025-10-30T09:16:28.815357+00:00] main.WARNING: Memory size allocated for the temporary table is more than 20% of innodb_buffer_pool_size. Please update innodb_buffer_pool_size or decrease batch size value (which decreases memory usages for the temporary table). Current batch size: 3334; Allocated memory size: 40008000 bytes; InnoDB buffer pool size: 134217728 bytes. [] []
[2025-10-30T09:17:30.941307+00:00] main.ERROR: SOAP VAT validation failed {"country":"PL","error":"SOAP-ERROR: Parsing WSDL: Couldn't load from 'https://m242.test/soap?wsdl&services=perspectiveCheckoutFieldVatCheckV1' : failed to load external entity \"https://m242.test/soap?wsdl&services=perspectiveCheckoutFieldVatCheckV1\"
","request":null,"response":null} []
